768  
12   

1    
 -0.0018497235696319   0.0018497235696319   0.0096517897527814
   0.0105444375   -0.0105444375   -0.0824977643
  -0.0000807159    0.0000807159   -0.0012596399
  -0.0000000000   -0.0000000000   -0.0014846867
  -0.0000202569    0.0000202569   -0.0012377851
   0.0000856603   -0.0000856603   -0.0012773122
   0.0000000000    0.0000000000   -0.0014846867
  -0.0000114300    0.0000114300   -0.0014620518
  -0.0004383140    0.0004383140   -0.0021398494
   0.0000000000   -0.0000000000   -0.0014846867
   0.0000069768   -0.0000069768   -0.0014713096
  -0.0000522177    0.0000522177   -0.0015625020
   0.0000099674   -0.0000099674   -0.0014700876
   0.0000250939   -0.0000250939   -0.0013010843
  -0.0004381724    0.0004381724   -0.0021416074
  -0.0000145197    0.0000145197   -0.0014629317
  -0.0000000000    0.0000000000   -0.0014846867
  -0.0000180289   -0.0000273186   -0.0012694274
   0.0006137012    0.0019633161   -0.0037491415
  -0.0000273416    0.0000456120   -0.0014123248
  -0.0000000000    0.0000000000   -0.0014846867
  -0.0014558665   -0.0006121245   -0.0036401220
   0.0000879676    0.0000784137   -0.0012684798
   0.0000000000   -0.0000000000   -0.0014846867
  -0.0000289544    0.0000086820   -0.0014062971
   0.0000367241   -0.0000269659   -0.0014252333
   0.0000000000    0.0000000000   -0.0014846867
   0.0000090022    0.0000094068   -0.0014666786
  -0.0001046969    0.0000795501   -0.0016796770
  -0.0000000000   -0.0000000000   -0.0014846867
   0.0000093202   -0.0000193108   -0.0014321908
   0.0000306734    0.0001046845   -0.0016588318
  -0.0000124486   -0.0000120331   -0.0014665131
  -0.0000000000   -0.0000000000   -0.0014846867
  -0.0000069181   -0.0000220478   -0.0014219175
   0.0000936281    0.0001632233   -0.0018290249
  -0.0000245161   -0.0000385205   -0.0014217390
  -0.0000262205   -0.0000110822   -0.0014165606
   0.0000218989   -0.0000230718   -0.0021406924
   0.0000297968    0.0000438106   -0.0014158263
   0.0000000000    0.0000000000   -0.0014846867
  -0.0001632233   -0.0000936281   -0.0018290249
   0.0000385205    0.0000245161   -0.0014217390
   0.0000000000   -0.0000000000   -0.0014846867
   0.0000220478    0.0000069181   -0.0014219175
  -0.0000438106   -0.0000297968   -0.0014158263
  -0.0000000000   -0.0000000000   -0.0014846867
   0.0000110822    0.0000262205   -0.0014165606
   0.0000230718   -0.0000218989   -0.0021406924
  -0.0000784137   -0.0000879676   -0.0012684798
  -0.0000000000   -0.0000000000   -0.0014846867
  -0.0000086820    0.0000289544   -0.0014062971
   0.0006121245    0.0014558665   -0.0036401220
   0.0000000000   -0.0000000000   -0.0014846867
  -0.0000094068   -0.0000090022   -0.0014666786
  -0.0000795501    0.0001046969   -0.0016796770
   0.0000269659   -0.0000367241   -0.0014252333
   0.0000193108   -0.0000093202   -0.0014321908
  -0.0001046845   -0.0000306734   -0.0016588318
   0.0000120331    0.0000124486   -0.0014665131
   0.0000000000    0.0000000000   -0.0014846867
  -0.0019633161   -0.0006137012   -0.0037491415
  -0.0000456120    0.0000273416   -0.0014123248
  -0.0000000000   -0.0000000000   -0.0014846867
   0.0000273186    0.0000180289   -0.0012694274
   0.0005619586   -0.0005619586    0.0094109485
  -0.0005027939    0.0005027939    0.0008421908
  -0.0000000122    0.0000000122    0.0000000702
  -0.0000006353    0.0000006353    0.0000079939
   0.0005475334   -0.0005475334    0.0007102685
   0.0000000007   -0.0000000007    0.0000006435
  -0.0000000972    0.0000000972    0.0000002226
  -0.0004179743    0.0004179743    0.0004184743
   0.0000000117   -0.0000000117    0.0000000602
   0.0000000801   -0.0000000801    0.0000001676
  -0.0000321716    0.0000321716    0.0000435146
   0.0000672630   -0.0000672630    0.0000663849
   0.0000006542   -0.0000006542    0.0000065139
   0.0001456437   -0.0001456437    0.0001019464
  -0.0001078586    0.0001078586    0.0001135718
  -0.0000000000    0.0000000000    0.0000000008
  -0.0000005600   -0.0000007294    0.0000072542
   0.0001969008   -0.0007356370    0.0005513292
  -0.0001659645    0.0002638888    0.0002873443
  -0.0000000038    0.0000000005    0.0000000143
  -0.0010798315   -0.0001969113    0.0009742362
   0.0005551339    0.0004952266    0.0007761914
   0.0000000001    0.0000000431    0.0000002256
  -0.0000007384    0.0000001204    0.0000018768
   0.0001924408   -0.0001699458    0.0002117503
   0.0000000436   -0.0000000001    0.0000002062
   0.0000000842    0.0000000931    0.0000001951
  -0.0000654534    0.0001228561    0.0000974327
  -0.0000000005   -0.0000000039    0.0000000136
   0.0000001151   -0.0000005874    0.0000014074
   0.0000828289    0.0000654468    0.0000350017
  -0.0000917244   -0.0000833566    0.0000899640
  -0.0000000113   -0.0000000126    0.0000000652
  -0.0000001019   -0.0000006473    0.0000015939
   0.0000730917    0.0001048166    0.0000805897
  -0.0001456976   -0.0002087213    0.0002361545
  -0.0000006787   -0.0000001336    0.0000016906
  -0.0002800903   -0.0002836871    0.0002602386
   0.0001902556    0.0002475598    0.0002628960
  -0.0000000000    0.0000000011    0.0000000604
  -0.0001048166   -0.0000730917    0.0000805897
   0.0002087213    0.0001456976    0.0002361545
   0.0000000126    0.0000000113    0.0000000652
   0.0000006473    0.0000001019    0.0000015939
  -0.0002475598   -0.0001902556    0.0002628960
  -0.0000000011    0.0000000000    0.0000000604
   0.0000001336    0.0000006787    0.0000016906
   0.0002836871    0.0002800903    0.0002602386
  -0.0004952266   -0.0005551339    0.0007761914
  -0.0000000431   -0.0000000001    0.0000002256
  -0.0000001204    0.0000007384    0.0000018768
   0.0001969113    0.0010798315    0.0009742362
   0.0000000001   -0.0000000436    0.0000002062
  -0.0000000931   -0.0000000842    0.0000001951
  -0.0001228561    0.0000654534    0.0000974327
   0.0001699458   -0.0001924408    0.0002117503
   0.0000005874   -0.0000001151    0.0000014074
  -0.0000654468   -0.0000828289    0.0000350017
   0.0000833566    0.0000917244    0.0000899640
   0.0000000039    0.0000000005    0.0000000136
   0.0007356370   -0.0001969008    0.0005513292
  -0.0002638888    0.0001659645    0.0002873443
  -0.0000000005    0.0000000038    0.0000000143
   0.0000007294    0.0000005600    0.0000072542
   0.0000544108   -0.0000544108    0.0017686170
  -0.0059369946    0.0059369946    0.0066115773
  -0.0000036105    0.0000036105    0.0014979893
   0.0000000000    0.0000000000    0.0014846867
   0.0046356086   -0.0046356086    0.0025482509
   0.0000004037   -0.0000004037    0.0015512329
  -0.0000000000    0.0000000000    0.0014846867
  -0.0001403094    0.0001403094    0.0016195570
   0.0000032437   -0.0000032437    0.0014953168
   0.0000000000    0.0000000000    0.0014846867
  -0.0000062844    0.0000062844    0.0015066601
   0.0000451603   -0.0000451603    0.0013387453
   0.0000000000   -0.0000000000    0.0014846867
   0.0000913549   -0.0000913549    0.0015308638
  -0.0001718493    0.0001718493    0.0014213660
  -0.0000000275    0.0000000275    0.0014849963
  -0.0000000000   -0.0000000000    0.0014846867
   0.0000392938   -0.0001638995    0.0015935429
  -0.0002655093    0.0004690691    0.0012703706
  -0.0000009919    0.0000001553    0.0014876622
  -0.0001918677   -0.0000392787    0.0016617145
   0.0056528429    0.0049176725    0.0045766326
   0.0000001974    0.0000072794    0.0015141486
  -0.0000000000    0.0000000000    0.0014846867
   0.0001686625   -0.0002521781    0.0010501888
   0.0000071964   -0.0000001971    0.0015113052
   0.0000000000   -0.0000000000    0.0014846867
  -0.0000181253    0.0000620433    0.0015539636
  -0.0000001551   -0.0000009810    0.0014872840
  -0.0000000000    0.0000000000    0.0014846867
   0.0000515951    0.0000181353    0.0015322256
  -0.0001216314   -0.0000953235    0.0013800671
  -0.0000032831   -0.0000035710    0.0014966520
  -0.0000000000   -0.0000000000    0.0014846867
   0.0000171906    0.0000270769    0.0015668230
  -0.0001805457   -0.0002533505    0.0011487577
  -0.0000000000   -0.0000000000    0.0014846867
  -0.0001117635   -0.0001199036    0.0015752206
   0.0003371783    0.0003842349    0.0011718394
   0.0000000395    0.0000003211    0.0014936630
  -0.0000270769   -0.0000171906    0.0015668230
   0.0002533505    0.0001805457    0.0011487577
   0.0000035710    0.0000032831    0.0014966520
   0.0000000000    0.0000000000    0.0014846867
  -0.0003842349   -0.0003371783    0.0011718394
  -0.0000003211   -0.0000000395    0.0014936630
  -0.0000000000   -0.0000000000    0.0014846867
   0.0001199036    0.0001117635    0.0015752206
  -0.0049176725   -0.0056528429    0.0045766326
  -0.0000072794   -0.0000001974    0.0015141486
  -0.0000000000    0.0000000000    0.0014846867
   0.0000392787    0.0001918677    0.0016617145
   0.0000001971   -0.0000071964    0.0015113052
  -0.0000000000   -0.0000000000    0.0014846867
  -0.0000620433    0.0000181253    0.0015539636
   0.0002521781   -0.0001686625    0.0010501888
   0.0000000000   -0.0000000000    0.0014846867
  -0.0000181353   -0.0000515951    0.0015322256
   0.0000953235    0.0001216314    0.0013800671
   0.0000009810    0.0000001551    0.0014872840
   0.0001638995   -0.0000392938    0.0015935429
  -0.0004690691    0.0002655093    0.0012703706
  -0.0000001553    0.0000009919    0.0014876622
   0.0000000000    0.0000000000    0.0014846867
   0.0001874197   -0.0001874197    0.0261098149
  -0.0000003952    0.0000003952    0.0050453608
  -0.0000000114    0.0000000114    0.0050366216
  -0.0003330128    0.0003330128    0.0068920663
   0.0000004070   -0.0000004070    0.0050447204
   0.0000000000   -0.0000000000    0.0050364235
  -0.0001859076    0.0001859076    0.0051915694
   0.0007579077   -0.0007579077    0.0050157911
   0.0000000124   -0.0000000124    0.0050366155
   0.0000766443   -0.0000766443    0.0050695136
  -0.0000290364    0.0000290364    0.0050491005
   0.0000000772   -0.0000000772    0.0050366123
   0.0004327648   -0.0004327648    0.0056685300
  -0.0009441505    0.0009441505    0.0056017512
  -0.0000000924    0.0000000924    0.0050366808
  -0.0000000010    0.0000000010    0.0050374521
  -0.0002537288   -0.0005120214    0.0062803303
   0.0001275653    0.0027280297    0.0063826778
  -0.0000001161    0.0000002400    0.0050383138
  -0.0000000054   -0.0000000001    0.0050368520
   0.0028039369   -0.0001273958    0.0056250307
   0.0000004168    0.0000003855    0.0050450405
  -0.0000000001    0.0000000037    0.0050364461
  -0.0005263196    0.0001145604    0.0054691504
   0.0000002156   -0.0000001148    0.0050379710
   0.0000000032    0.0000000001    0.0050364428
   0.0001260497    0.0001365430    0.0051305443
  -0.0000986492   -0.0002398500    0.0050304054
   0.0000000001   -0.0000000053    0.0050368287
   0.0001292739   -0.0002358592    0.0051314128
  -0.0002459953    0.0000988153    0.0050965716
  -0.0000000850   -0.0000000846    0.0050366466
  -0.0000000122   -0.0000000116    0.0050366186
  -0.0000685017   -0.0003383051    0.0052711468
   0.0000365084    0.0002112944    0.0051871034
  -0.0000001071   -0.0000002206    0.0050380182
  -0.0004239472   -0.0001752791    0.0053294520
   0.0009151776    0.0007868535    0.0053086709
   0.0000001238    0.0000002351    0.0050382666
   0.0000000003   -0.0000000005    0.0050364792
  -0.0002112944   -0.0000365084    0.0051871034
   0.0000002206    0.0000001071    0.0050380182
   0.0000000116    0.0000000122    0.0050366186
   0.0003383051    0.0000685017    0.0052711468
  -0.0000002351   -0.0000001238    0.0050382666
   0.0000000005   -0.0000000003    0.0050364792
   0.0001752791    0.0004239472    0.0053294520
  -0.0007868535   -0.0009151776    0.0053086709
  -0.0000003855   -0.0000004168    0.0050450405
  -0.0000000037    0.0000000001    0.0050364461
  -0.0001145604    0.0005263196    0.0054691504
   0.0001273958   -0.0028039369    0.0056250307
  -0.0000000001   -0.0000000032    0.0050364428
  -0.0001365430   -0.0001260497    0.0051305443
   0.0002398500    0.0000986492    0.0050304054
   0.0000001148   -0.0000002156    0.0050379710
   0.0002358592   -0.0001292739    0.0051314128
  -0.0000988153    0.0002459953    0.0050965716
   0.0000000846    0.0000000850    0.0050366466
   0.0000000053   -0.0000000001    0.0050368287
  -0.0027280297   -0.0001275653    0.0063826778
  -0.0000002400    0.0000001161    0.0050383138
   0.0000000001    0.0000000054    0.0050368520
   0.0005120214    0.0002537288    0.0062803303
   0.0000008665   -0.0000008665   -0.0048945989
   0.0090467539   -0.0090467539   -0.0103890128
  -0.0001860447    0.0001860447   -0.0046069465
  -0.0000000000    0.0000000000   -0.0050364265
  -0.0152015661    0.0152015661    0.0013992829
   0.0000231200   -0.0000231200   -0.0026010203
  -0.0000000000    0.0000000000   -0.0050364289
  -0.0000054542    0.0000054542   -0.0049900241
   0.0001655402   -0.0001655402   -0.0047445972
   0.0000000000   -0.0000000000   -0.0050364290
  -0.0000001055    0.0000001055   -0.0050354552
  -0.0004425884    0.0004425884   -0.0050402584
   0.0000000000   -0.0000000000   -0.0050364265
   0.0000047252   -0.0000047252   -0.0050059483
   0.0000365777   -0.0000365777   -0.0051832220
  -0.0000025957    0.0000025957   -0.0050160727
  -0.0000000000   -0.0000000000   -0.0050364265
   0.0000005036   -0.0000081382   -0.0049697609
   0.0001971287   -0.0002225414   -0.0054287332
  -0.0000465303    0.0000120874   -0.0049365086
  -0.0000085063   -0.0000005028   -0.0049546399
  -0.0099857443   -0.0142777781   -0.0044813307
   0.0000122631    0.0004218304   -0.0040626787
  -0.0000000000    0.0000000000   -0.0050364255
  -0.0017352111    0.0001335553   -0.0050811039
   0.0004258568   -0.0000122406   -0.0041917171
   0.0000000000    0.0000000000   -0.0050364289
  -0.0000003034    0.0000013696   -0.0050311870
  -0.0000120621   -0.0000454189   -0.0049554329
   0.0000000000   -0.0000000000   -0.0050364256
   0.0000013253    0.0000003036   -0.0050321372
   0.0002109368    0.0002681699   -0.0051117443
  -0.0001652027   -0.0001863872   -0.0046758512
  -0.0000000000   -0.0000000000   -0.0050364255
   0.0000001438    0.0000004659   -0.0050249765
   0.0003600920    0.0011689186   -0.0052029525
  -0.0000000000   -0.0000000000   -0.0050364256
  -0.0000049327   -0.0000052472   -0.0049979819
   0.0000293568   -0.0007888031   -0.0053068067
   0.0000036009    0.0000255526   -0.0047996964
  -0.0000004659   -0.0000001438   -0.0050249765
  -0.0011689186   -0.0003600920   -0.0052029525
   0.0001863872    0.0001652027   -0.0046758512
   0.0000000000    0.0000000000   -0.0050364255
   0.0007888031   -0.0000293568   -0.0053068067
  -0.0000255526   -0.0000036009   -0.0047996964
   0.0000000000    0.0000000000   -0.0050364256
   0.0000052472    0.0000049327   -0.0049979819
   0.0142777781    0.0099857443   -0.0044813307
  -0.0004218304   -0.0000122631   -0.0040626787
  -0.0000000000    0.0000000000   -0.0050364255
   0.0000005028    0.0000085063   -0.0049546399
   0.0000122406   -0.0004258568   -0.0041917171
  -0.0000000000   -0.0000000000   -0.0050364289
  -0.0000013696    0.0000003034   -0.0050311870
  -0.0001335553    0.0017352111   -0.0050811039
   0.0000000000   -0.0000000000   -0.0050364256
  -0.0000003036   -0.0000013253   -0.0050321372
  -0.0002681699   -0.0002109368   -0.0051117443
   0.0000454189    0.0000120621   -0.0049554329
   0.0000081382   -0.0000005036   -0.0049697609
   0.0002225414   -0.0001971287   -0.0054287332
  -0.0000120874    0.0000465303   -0.0049365086
   0.0000000000    0.0000000000   -0.0050364265
   0.0000097491    0.0000008829   -0.0033495554
  -0.0020263042    0.0024288259   -0.0001360430
   0.0001844134   -0.0001178664   -0.0035393590
   0.0000000000    0.0000000000   -0.0033041581
   0.0031738898   -0.0009083098   -0.0032497469
  -0.0004887595    0.0000066380   -0.0038120349
  -0.0000000000   -0.0000000000   -0.0033041582
   0.0000056439   -0.0000019984   -0.0033127713
  -0.0000756474    0.0000344985   -0.0033606130
  -0.0000000000    0.0000000000   -0.0033041581
  -0.0000004531   -0.0000000884   -0.0033050840
   0.0001001927   -0.0001033002   -0.0032989149
  -0.0000000000   -0.0000000000   -0.0033041581
  -0.0000056427    0.0000057143   -0.0033247611
  -0.0001821639    0.0000247711   -0.0032175259
   0.0000255353   -0.0000027479   -0.0033258762
   0.0000000000   -0.0000000000   -0.0033041581
   0.0000047105    0.0000063436   -0.0033271267
  -0.0002380023    0.0001534742   -0.0032283303
   0.0000488898   -0.0000069603   -0.0033691439
   0.0000103965    0.0000002420   -0.0033200088
   0.0020618563    0.0011176242   -0.0028692490
  -0.0002031783   -0.0001131623   -0.0035272231
  -0.0000000000    0.0000000000   -0.0033041581
   0.0003035242   -0.0000122476   -0.0032556864
  -0.0002019596    0.0000025566   -0.0034575430
  -0.0000000000   -0.0000000000   -0.0033041581
  -0.0000046979   -0.0000016139   -0.0033112290
   0.0000943774    0.0000387928   -0.0033732495
   0.0000000000    0.0000000000   -0.0033041581
  -0.0000011381   -0.0000004672   -0.0033096574
  -0.0004058945   -0.0002056393   -0.0032599412
   0.0001646983    0.0001174438   -0.0035073391
   0.0000000000    0.0000000000   -0.0033041581
   0.0000009855   -0.0000004667   -0.0033103784
  -0.0002380081   -0.0004625770   -0.0033142489
  -0.0000000000   -0.0000000000   -0.0033041581
   0.0000048506    0.0000018416   -0.0033113810
   0.0003139684    0.0001361442   -0.0032481635
  -0.0000541742   -0.0000069535   -0.0033654251
  -0.0000084633    0.0000002424   -0.0033170501
   0.0003035590    0.0000794851   -0.0032184053
  -0.0000887872   -0.0000343225   -0.0033732489
  -0.0000000000    0.0000000000   -0.0033041581
  -0.0021154025   -0.0005586384   -0.0028832574
   0.0002382543    0.0000025637   -0.0034788024
   0.0000000000   -0.0000000000   -0.0033041581
  -0.0000066310   -0.0000061035   -0.0033291581
  -0.0020231737   -0.0010202571   -0.0006445306
   0.0004476968    0.0000066413   -0.0038342232
   0.0000000000   -0.0000000000   -0.0033041581
   0.0000057000   -0.0000067328   -0.0033315217
  -0.0001834215    0.0001127363   -0.0034952256
  -0.0000000000    0.0000000000   -0.0033041582
   0.0000005998   -0.0000000883   -0.0033053697
   0.0005377563   -0.0003170255   -0.0032905871
  -0.0000000000   -0.0000000000   -0.0033041581
  -0.0000039034    0.0000014568   -0.0033098369
   0.0001001837    0.0000348477   -0.0032774841
  -0.0000204033   -0.0000027422   -0.0033213330
  -0.0000116109    0.0000008834   -0.0033454272
  -0.0010026957    0.0007680191   -0.0025022651
   0.0001075571   -0.0000386173   -0.0033859106
  -0.0000000000    0.0000000000   -0.0033041581
  -0.0000074691    0.0000074691   -0.0031866448
   0.0015801890   -0.0015801890    0.0066410669
   0.0000289057   -0.0000289057   -0.0029939513
   0.0000000000   -0.0000000000   -0.0028897173
   0.0003953110   -0.0003953110    0.0045594283
  -0.0000036730    0.0000036730   -0.0034046866
  -0.0000000000    0.0000000000   -0.0028897173
   0.0000276445   -0.0000276445   -0.0030154582
  -0.0000256319    0.0000256319   -0.0029678696
  -0.0000000000   -0.0000000000   -0.0028897173
   0.0000006108   -0.0000006108   -0.0028950978
   0.0001045298   -0.0001045298   -0.0027385944
  -0.0000000000   -0.0000000000   -0.0028897173
  -0.0000209293    0.0000209293   -0.0029694134
   0.0000786088   -0.0000786088   -0.0027099267
   0.0000003435   -0.0000003435   -0.0028934869
   0.0000000000    0.0000000000   -0.0028897173
  -0.0000048470    0.0000365619   -0.0030420141
   0.0000044032   -0.0000759989   -0.0022780106
   0.0000074815   -0.0000017392   -0.0029133095
   0.0000399128    0.0000048440   -0.0030785938
  -0.0016376702    0.0004371526    0.0055988716
  -0.0000017168   -0.0000719580   -0.0031249197
   0.0000000000   -0.0000000000   -0.0028897173
   0.0003745597    0.0000059769   -0.0023120005
  -0.0000718260    0.0000017139   -0.0030999183
  -0.0000000000    0.0000000000   -0.0028897173
   0.0000023946   -0.0000111723   -0.0029234244
   0.0000017357    0.0000073734   -0.0029095919
   0.0000000000   -0.0000000000   -0.0028897173
  -0.0000096753   -0.0000023967   -0.0029167125
   0.0000022275   -0.0000281025   -0.0027242780
   0.0000256093    0.0000289288   -0.0029808967
   0.0000000000   -0.0000000000   -0.0028897173
  -0.0000020801   -0.0000040029   -0.0029431000
  -0.0000976229   -0.0002475206   -0.0023259077
   0.0000000000    0.0000000000   -0.0028897173
   0.0000233019    0.0000252727   -0.0029924436
  -0.0001080079    0.0000510640   -0.0022641594
  -0.0000004536   -0.0000037897   -0.0029492203
   0.0000040029    0.0000020801   -0.0029431000
   0.0002475206    0.0000976229   -0.0023259077
  -0.0000289288   -0.0000256093   -0.0029808967
  -0.0000000000   -0.0000000000   -0.0028897173
  -0.0000510640    0.0001080079   -0.0022641594
   0.0000037897    0.0000004536   -0.0029492203
   0.0000000000    0.0000000000   -0.0028897173
  -0.0000252727   -0.0000233019   -0.0029924436
  -0.0004371526    0.0016376702    0.0055988716
   0.0000719580    0.0000017168   -0.0031249197
   0.0000000000    0.0000000000   -0.0028897173
  -0.0000048440   -0.0000399128   -0.0030785938
  -0.0000017139    0.0000718260   -0.0030999183
   0.0000000000   -0.0000000000   -0.0028897173
   0.0000111723   -0.0000023946   -0.0029234244
  -0.0000059769   -0.0003745597   -0.0023120005
   0.0000000000    0.0000000000   -0.0028897173
   0.0000023967    0.0000096753   -0.0029167125
   0.0000281025   -0.0000022275   -0.0027242780
  -0.0000073734   -0.0000017357   -0.0029095919
  -0.0000365619    0.0000048470   -0.0030420141
   0.0000759989   -0.0000044032   -0.0022780106
   0.0000017392   -0.0000074815   -0.0029133095
  -0.0000000000    0.0000000000   -0.0028897173
   0.0000000712   -0.0000000712   -0.0000071112
  -0.0006530296    0.0006530296   -0.0004473463
   0.0001943418   -0.0001943418   -0.0005816858
  -0.0000000030    0.0000000030    0.0000000014
   0.0008269984   -0.0008269984   -0.0030429584
  -0.0000368825    0.0000368825   -0.0050581431
  -0.0000000204    0.0000000204   -0.0000001494
  -0.0000000904    0.0000000904   -0.0000017965
  -0.0001606253    0.0001606253   -0.0003290335
   0.0000000204   -0.0000000204   -0.0000001386
   0.0000000007   -0.0000000007   -0.0000000105
   0.0001068282   -0.0001068282   -0.0001563183
   0.0000000023   -0.0000000023    0.0000000012
   0.0000000126   -0.0000000126   -0.0000014798
  -0.0000220072    0.0000220072   -0.0000064666
   0.0000056028   -0.0000056028   -0.0000344695
  -0.0000000027   -0.0000000026    0.0000000013
   0.0000000442    0.0000000311   -0.0000034167
  -0.0000388142    0.0000270024    0.0000099963
   0.0000554574   -0.0000167146   -0.0001536125
  -0.0000000272   -0.0000000441   -0.0000038263
   0.0004933939    0.0009863882   -0.0017456807
  -0.0000187867   -0.0005133468   -0.0013577141
  -0.0000000057    0.0000000054   -0.0000000258
   0.0002730879   -0.0000140310   -0.0004347439
  -0.0005126300    0.0000187588   -0.0011128206
   0.0000000211    0.0000000197   -0.0000001440
  -0.0000000095    0.0000001137   -0.0000001515
   0.0000166856    0.0000558458   -0.0001166856
   0.0000000044   -0.0000000059   -0.0000000201
   0.0000000989    0.0000000095   -0.0000001182
  -0.0000563492   -0.0000724950   -0.0000813702
   0.0001635353    0.0001914310   -0.0004552584
  -0.0000000052   -0.0000000060   -0.0000000255
   0.0000000134    0.0000000190   -0.0000004074
  -0.0000601982   -0.0001831041   -0.0002389974
  -0.0000000056   -0.0000000046   -0.0000000204
  -0.0000000481   -0.0000000550   -0.0000016382
  -0.0000073373    0.0001170135   -0.0001857526
  -0.0000051992   -0.0000338250   -0.0003476237
  -0.0000000190   -0.0000000134   -0.0000004074
   0.0001831041    0.0000601982   -0.0002389974
  -0.0001914310   -0.0001635353   -0.0004552584
   0.0000000060    0.0000000052   -0.0000000255
  -0.0001170135    0.0000073373   -0.0001857526
   0.0000338250    0.0000051992   -0.0003476237
   0.0000000046    0.0000000056   -0.0000000204
   0.0000000550    0.0000000481   -0.0000016382
  -0.0009863882   -0.0004933939   -0.0017456807
   0.0005133468    0.0000187867   -0.0013577141
  -0.0000000054    0.0000000057   -0.0000000258
   0.0000000441    0.0000000272   -0.0000038263
  -0.0000187588    0.0005126300   -0.0011128206
  -0.0000000197   -0.0000000211   -0.0000001440
  -0.0000001137    0.0000000095   -0.0000001515
   0.0000140310   -0.0002730879   -0.0004347439
   0.0000000059   -0.0000000044   -0.0000000201
  -0.0000000095   -0.0000000989   -0.0000001182
   0.0000724950    0.0000563492   -0.0000813702
  -0.0000558458   -0.0000166856   -0.0001166856
  -0.0000000311   -0.0000000442   -0.0000034167
  -0.0000270024    0.0000388142    0.0000099963
   0.0000167146   -0.0000554574   -0.0001536125
   0.0000000026    0.0000000027    0.0000000013
   0.0001832894    0.0002092562    0.0028726556
  -0.0000906069   -0.0041352404    0.0010643454
   0.0000002606   -0.0000006701    0.0033023337
   0.0000000152   -0.0000000141    0.0033040122
  -0.0005971076    0.0008492439    0.0031799312
  -0.0000007101    0.0000000263    0.0033004560
  -0.0000000000   -0.0000000006    0.0033041578
   0.0001191229   -0.0002106936    0.0032046099
  -0.0000001125    0.0000001455    0.0033038062
  -0.0000000040    0.0000000133    0.0033041298
  -0.0000273400   -0.0000263649    0.0032910967
   0.0000189118    0.0000913099    0.0033044348
  -0.0000000001    0.0000000218    0.0033038892
  -0.0000662042    0.0003943167    0.0032193090
   0.0001918020   -0.0005100487    0.0032129786
   0.0000000219   -0.0000000026    0.0033041069
   0.0000000154    0.0000000145    0.0033040129
   0.0000265880    0.0005521351    0.0031165307
  -0.0000219500   -0.0011049996    0.0030820019
   0.0000000726   -0.0000000302    0.0033036622
   0.0001661980    0.0000637823    0.0031789716
  -0.0006723593   -0.0007068579    0.0031151851
  -0.0000002754   -0.0000006487    0.0033023830
   0.0000000001   -0.0000000011    0.0033041475
   0.0000500431    0.0002753443    0.0032912071
  -0.0000002792    0.0000000038    0.0033032121
  -0.0000000041   -0.0000000136    0.0033041292
  -0.0000753337   -0.0001517736    0.0032461494
   0.0000001280    0.0000001734    0.0033037469
  -0.0000000000    0.0000000277    0.0033040927
  -0.0000504363   -0.0000849929    0.0032524013
   0.0001634453    0.0003606895    0.0032564950
   0.0000002356    0.0000006757    0.0033024718
   0.0000000041    0.0000000133    0.0033041281
   0.0000329826   -0.0000849601    0.0032140294
  -0.0000219301    0.0008022797    0.0031838727
   0.0000000001    0.0000000013    0.0033041490
   0.0000907409    0.0001735834    0.0032433150
  -0.0001875182   -0.0004061681    0.0032662221
  -0.0000000746   -0.0000000302    0.0033036729
  -0.0000967521    0.0000638184    0.0032458224
   0.0000500568   -0.0002328889    0.0032795620
  -0.0000001256   -0.0000001467    0.0033037738
  -0.0000000152   -0.0000000131    0.0033040142
   0.0006405849    0.0009967424    0.0030282248
   0.0000003192    0.0000000038    0.0033030873
  -0.0000000000   -0.0000000287    0.0033040911
  -0.0000832376   -0.0005130922    0.0031091280
  -0.0000903706    0.0044388441    0.0012175380
   0.0000006711    0.0000000263    0.0033003437
   0.0000000041   -0.0000000136    0.0033041275
   0.0000436158   -0.0006708964    0.0030063518
  -0.0000002503    0.0000006543    0.0033025210
  -0.0000000000    0.0000000004    0.0033041585
   0.0000445242   -0.0000263553    0.0032743940
  -0.0001591544    0.0002570430    0.0033097280
  -0.0000000154    0.0000000135    0.0033040149
  -0.0000469272    0.0001146474    0.0032848620
   0.0000189429   -0.0001346949    0.0032919229
  -0.0000000200   -0.0000000026    0.0033041160
  -0.0002431760    0.0002093384    0.0030192293
   0.0007160386   -0.0008541433    0.0029633403
   0.0000001411   -0.0000001746    0.0033037145
  -0.0000000001   -0.0000000207    0.0033038856
  -0.0002093384    0.0002431760    0.0030192293
   0.0008541433   -0.0007160386    0.0029633403
   0.0000001746   -0.0000001411    0.0033037145
   0.0000000207    0.0000000001    0.0033038856
  -0.0044388441    0.0000903706    0.0012175380
  -0.0000000263   -0.0000006711    0.0033003437
   0.0000000136   -0.0000000041    0.0033041275
   0.0006708964   -0.0000436158    0.0030063518
  -0.0000006543    0.0000002503    0.0033025210
  -0.0000000004    0.0000000000    0.0033041585
   0.0000263553   -0.0000445242    0.0032743940
  -0.0002570430    0.0001591544    0.0033097280
  -0.0000000135    0.0000000154    0.0033040149
  -0.0001146474    0.0000469272    0.0032848620
   0.0001346949   -0.0000189429    0.0032919229
   0.0000000026    0.0000000200    0.0033041160
   0.0000000131    0.0000000152    0.0033040142
  -0.0000638184    0.0000967521    0.0032458224
   0.0002328889   -0.0000500568    0.0032795620
   0.0000001467    0.0000001256    0.0033037738
   0.0005130922    0.0000832376    0.0031091280
  -0.0009967424   -0.0006405849    0.0030282248
  -0.0000000038   -0.0000003192    0.0033030873
   0.0000000287    0.0000000000    0.0033040911
  -0.0008022797    0.0000219301    0.0031838727
  -0.0000006757   -0.0000002356    0.0033024718
  -0.0000000133   -0.0000000041    0.0033041281
   0.0000849601   -0.0000329826    0.0032140294
   0.0000000302    0.0000000746    0.0033036729
  -0.0000000013   -0.0000000001    0.0033041490
  -0.0001735834   -0.0000907409    0.0032433150
   0.0004061681    0.0001875182    0.0032662221
   0.0000006487    0.0000002754    0.0033023830
   0.0000000011   -0.0000000001    0.0033041475
  -0.0000637823   -0.0001661980    0.0031789716
   0.0007068579    0.0006723593    0.0031151851
   0.0000000136    0.0000000041    0.0033041292
   0.0001517736    0.0000753337    0.0032461494
  -0.0002753443   -0.0000500431    0.0032912071
  -0.0000000038    0.0000002792    0.0033032121
   0.0000849929    0.0000504363    0.0032524013
  -0.0003606895   -0.0001634453    0.0032564950
  -0.0000001734   -0.0000001280    0.0033037469
  -0.0000000277    0.0000000000    0.0033040927
   0.0011049996    0.0000219500    0.0030820019
   0.0000000302   -0.0000000726    0.0033036622
  -0.0000000145   -0.0000000154    0.0033040129
  -0.0005521351   -0.0000265880    0.0031165307
   0.0041352404    0.0000906069    0.0010643454
   0.0000006701   -0.0000002606    0.0033023337
   0.0000000141   -0.0000000152    0.0033040122
  -0.0002092562   -0.0001832894    0.0028726556
  -0.0000000263    0.0000007101    0.0033004560
   0.0000000006    0.0000000000    0.0033041578
   0.0002106936   -0.0001191229    0.0032046099
  -0.0008492439    0.0005971076    0.0031799312
  -0.0000000133    0.0000000040    0.0033041298
   0.0000263649    0.0000273400    0.0032910967
  -0.0000913099   -0.0000189118    0.0033044348
  -0.0000001455    0.0000001125    0.0033038062
  -0.0003943167    0.0000662042    0.0032193090
   0.0005100487   -0.0001918020    0.0032129786
   0.0000000026   -0.0000000219    0.0033041069
  -0.0000000218    0.0000000001    0.0033038892
  -0.0000008834    0.0000116109   -0.0033454272
  -0.0007680191    0.0010026957   -0.0025022651
   0.0000386173   -0.0001075571   -0.0033859106
  -0.0000000000    0.0000000000   -0.0033041581
   0.0010202571    0.0020231737   -0.0006445306
  -0.0000066413   -0.0004476968   -0.0038342232
   0.0000000000   -0.0000000000   -0.0033041581
   0.0000067328   -0.0000057000   -0.0033315217
  -0.0001127363    0.0001834215   -0.0034952256
  -0.0000000000    0.0000000000   -0.0033041582
   0.0000000883   -0.0000005998   -0.0033053697
   0.0003170255   -0.0005377563   -0.0032905871
   0.0000000000    0.0000000000   -0.0033041581
  -0.0000014568    0.0000039034   -0.0033098369
  -0.0000348477   -0.0001001837   -0.0032774841
   0.0000027422    0.0000204033   -0.0033213330
  -0.0000000000    0.0000000000   -0.0033041581
  -0.0000002424    0.0000084633   -0.0033170501
  -0.0000794851   -0.0003035590   -0.0032184053
   0.0000343225    0.0000887872   -0.0033732489
   0.0000061035    0.0000066310   -0.0033291581
   0.0005586384    0.0021154025   -0.0028832574
  -0.0000025637   -0.0002382543   -0.0034788024
   0.0000000000   -0.0000000000   -0.0033041581
   0.0004625770    0.0002380081   -0.0033142489
  -0.0001174438   -0.0001646983   -0.0035073391
  -0.0000000000   -0.0000000000   -0.0033041581
   0.0000004667   -0.0000009855   -0.0033103784
   0.0000069535    0.0000541742   -0.0033654251
   0.0000000000    0.0000000000   -0.0033041581
  -0.0000018416   -0.0000048506   -0.0033113810
  -0.0001361442   -0.0003139684   -0.0032481635
   0.0001131623    0.0002031783   -0.0035272231
  -0.0000000000   -0.0000000000   -0.0033041581
  -0.0000002420   -0.0000103965   -0.0033200088
  -0.0011176242   -0.0020618563   -0.0028692490
   0.0000000000    0.0000000000   -0.0033041581
   0.0000016139    0.0000046979   -0.0033112290
   0.0000122476   -0.0003035242   -0.0032556864
  -0.0000025566    0.0002019596   -0.0034575430
   0.0000004672    0.0000011381   -0.0033096574
   0.0002056393    0.0004058945   -0.0032599412
  -0.0000387928   -0.0000943774   -0.0033732495
  -0.0000000000   -0.0000000000   -0.0033041581
  -0.0001534742    0.0002380023   -0.0032283303
   0.0000069603   -0.0000488898   -0.0033691439
   0.0000000000   -0.0000000000   -0.0033041581
  -0.0000063436   -0.0000047105   -0.0033271267
  -0.0024288259    0.0020263042   -0.0001360430
   0.0001178664   -0.0001844134   -0.0035393590
  -0.0000000000   -0.0000000000   -0.0033041581
  -0.0000008829   -0.0000097491   -0.0033495554
  -0.0000066380    0.0004887595   -0.0038120349
   0.0000000000    0.0000000000   -0.0033041582
   0.0000019984   -0.0000056439   -0.0033127713
   0.0009083098   -0.0031738898   -0.0032497469
  -0.0000000000    0.0000000000   -0.0033041581
   0.0000000884    0.0000004531   -0.0033050840
   0.0001033002   -0.0001001927   -0.0032989149
  -0.0000344985    0.0000756474   -0.0033606130
  -0.0000057143    0.0000056427   -0.0033247611
  -0.0000247711    0.0001821639   -0.0032175259
   0.0000027479   -0.0000255353   -0.0033258762
   0.0000000000    0.0000000000   -0.0033041581
  -0.0012078104    0.0012078104    0.0137607902
   0.0000059792   -0.0000059792    0.0028408779
   0.0000000000   -0.0000000000    0.0028897175
   0.0000673291   -0.0000673291    0.0023477559
  -0.0000062514    0.0000062514    0.0028443705
  -0.0000000000    0.0000000000    0.0028897173
   0.0000381379   -0.0000381379    0.0028294777
  -0.0002746519    0.0002746519    0.0034896929
  -0.0000000000    0.0000000000    0.0028897175
  -0.0000190386    0.0000190386    0.0028669015
   0.0000227669   -0.0000227669    0.0029247907
  -0.0000007820    0.0000007820    0.0028875964
  -0.0000876040    0.0000876040    0.0026001872
   0.0005363387   -0.0005363387    0.0028079532
   0.0000010660   -0.0000010660    0.0028866133
  -0.0000000000   -0.0000000000    0.0028897210
   0.0000512928    0.0001036415    0.0024739615
  -0.0001668412   -0.0017745655    0.0022963503
   0.0000022131   -0.0000034332    0.0028758925
   0.0000000000   -0.0000000000    0.0028897179
  -0.0012517449    0.0001664458    0.0032949075
  -0.0000064422   -0.0000057886    0.0028426248
   0.0000000000   -0.0000000000    0.0028897174
   0.0001135077   -0.0000292849    0.0027074621
  -0.0000028467    0.0000021592    0.0028781658
  -0.0000000000   -0.0000000000    0.0028897174
  -0.0000277343   -0.0000294488    0.0028481874
   0.0000544582    0.0000844857    0.0030613628
   0.0000000000    0.0000000000    0.0028897179
  -0.0000309090    0.0000580601    0.0028061415
   0.0000957604   -0.0000544792    0.0029846683
   0.0000009312    0.0000009166    0.0028871054
   0.0000000000    0.0000000000    0.0028897175
   0.0000203786    0.0000774363    0.0027629053
  -0.0000333266   -0.0000903023    0.0030866502
   0.0000020129    0.0000029616    0.0028776874
   0.0000941480    0.0000398071    0.0027506811
  -0.0004254321   -0.0003851832    0.0031489362
  -0.0000023596   -0.0000033182    0.0028763718
   0.0000000000    0.0000000000    0.0028897174
   0.0000903023    0.0000333266    0.0030866502
  -0.0000029616   -0.0000020129    0.0028776874
  -0.0000000000   -0.0000000000    0.0028897175
  -0.0000774363   -0.0000203786    0.0027629053
   0.0000033182    0.0000023596    0.0028763718
   0.0000000000   -0.0000000000    0.0028897174
  -0.0000398071   -0.0000941480    0.0027506811
   0.0003851832    0.0004254321    0.0031489362
   0.0000057886    0.0000064422    0.0028426248
   0.0000000000   -0.0000000000    0.0028897174
   0.0000292849   -0.0001135077    0.0027074621
  -0.0001664458    0.0012517449    0.0032949075
   0.0000000000    0.0000000000    0.0028897174
   0.0000294488    0.0000277343    0.0028481874
  -0.0000844857   -0.0000544582    0.0030613628
  -0.0000021592    0.0000028467    0.0028781658
  -0.0000580601    0.0000309090    0.0028061415
   0.0000544792   -0.0000957604    0.0029846683
  -0.0000009166   -0.0000009312    0.0028871054
  -0.0000000000   -0.0000000000    0.0028897179
   0.0017745655    0.0001668412    0.0022963503
   0.0000034332   -0.0000022131    0.0028758925
   0.0000000000   -0.0000000000    0.0028897179
  -0.0001036415   -0.0000512928    0.0024739615

1    
  0.0018497235696319  -0.0018497235696319  -0.0096517897527814
  -0.0108581567    0.0108581567    0.0791248591
   0.0000801949   -0.0000801949   -0.0017078613
  -0.0000000000   -0.0000000000   -0.0014846867
   0.0000202710   -0.0000202710   -0.0017321429
  -0.0000849768    0.0000849768   -0.0016907341
   0.0000000000    0.0000000000   -0.0014846867
   0.0000114664   -0.0000114664   -0.0015073856
   0.0004370679   -0.0004370679   -0.0008279029
   0.0000000000   -0.0000000000   -0.0014846867
  -0.0000069729    0.0000069729   -0.0014980515
   0.0000523006   -0.0000523006   -0.0014072576
  -0.0000098121    0.0000098121   -0.0014990638
  -0.0000251601    0.0000251601   -0.0016683602
   0.0004428067   -0.0004428067   -0.0008275076
   0.0000142067   -0.0000142067   -0.0015060308
  -0.0000000000    0.0000000000   -0.0014846867
   0.0000180311    0.0000274033   -0.0017002444
  -0.0006126976   -0.0019911824    0.0007746545
   0.0000267960   -0.0000449423   -0.0015559634
  -0.0000000000    0.0000000000   -0.0014846867
   0.0014310089    0.0006142804    0.0006790381
  -0.0000871386   -0.0000780279   -0.0016993014
   0.0000000000   -0.0000000000   -0.0014846867
   0.0000290375   -0.0000086988   -0.0015632208
  -0.0000364162    0.0000265037   -0.0015434451
   0.0000000000    0.0000000000   -0.0014846867
  -0.0000090138   -0.0000094233   -0.0015027165
   0.0001047998   -0.0000789531   -0.0012905094
  -0.0000000000   -0.0000000000   -0.0014846867
  -0.0000093444    0.0000193177   -0.0015371191
  -0.0000298369   -0.0001048121   -0.0013116365
   0.0000122115    0.0000118126   -0.0015025507
  -0.0000000000   -0.0000000000   -0.0014846867
   0.0000069227    0.0000220715   -0.0015474679
  -0.0000939623   -0.0001637306   -0.0011425974
   0.0000241295    0.0000381598   -0.0015468588
   0.0000262805    0.0000111225   -0.0015528622
  -0.0000256683    0.0000188852   -0.0008276702
  -0.0000291649   -0.0000432037   -0.0015525569
   0.0000000000    0.0000000000   -0.0014846867
   0.0001637306    0.0000939623   -0.0011425974
  -0.0000381598   -0.0000241295   -0.0015468588
   0.0000000000   -0.0000000000   -0.0014846867
  -0.0000220715   -0.0000069227   -0.0015474679
   0.0000432037    0.0000291649   -0.0015525569
  -0.0000000000   -0.0000000000   -0.0014846867
  -0.0000111225   -0.0000262805   -0.0015528622
  -0.0000188852    0.0000256683   -0.0008276702
   0.0000780279    0.0000871386   -0.0016993014
  -0.0000000000   -0.0000000000   -0.0014846867
   0.0000086988   -0.0000290375   -0.0015632208
  -0.0006142804   -0.0014310089    0.0006790381
   0.0000000000   -0.0000000000   -0.0014846867
   0.0000094233    0.0000090138   -0.0015027165
   0.0000789531   -0.0001047998   -0.0012905094
  -0.0000265037    0.0000364162   -0.0015434451
  -0.0000193177    0.0000093444   -0.0015371191
   0.0001048121    0.0000298369   -0.0013116365
  -0.0000118126   -0.0000122115   -0.0015025507
   0.0000000000    0.0000000000   -0.0014846867
   0.0019911824    0.0006126976    0.0007746545
   0.0000449423   -0.0000267960   -0.0015559634
  -0.0000000000   -0.0000000000   -0.0014846867
  -0.0000274033   -0.0000180311   -0.0017002444
  -0.0005730810    0.0005730810   -0.0095486771
   0.0005059690   -0.0005059690   -0.0008450491
   0.0000000117   -0.0000000117   -0.0000000668
   0.0000006456   -0.0000006456   -0.0000080693
  -0.0005500660    0.0005500660   -0.0007141554
  -0.0000000005    0.0000000005   -0.0000006242
   0.0000000991   -0.0000000991   -0.0000002263
   0.0004180604   -0.0004180604   -0.0004195079
  -0.0000000113    0.0000000113   -0.0000000582
  -0.0000000817    0.0000000817   -0.0000001701
   0.0000322259   -0.0000322259   -0.0000430186
  -0.0000667564    0.0000667564   -0.0000658857
  -0.0000006650    0.0000006650   -0.0000065668
  -0.0001432863    0.0001432863   -0.0001001407
   0.0001066039   -0.0001066039   -0.0001124908
   0.0000000000   -0.0000000000   -0.0000000007
   0.0000005689    0.0000007418   -0.0000073178
  -0.0001978550    0.0007301423   -0.0005464937
   0.0001649949   -0.0002626399   -0.0002861002
   0.0000000036   -0.0000000004   -0.0000000138
   0.0010775254    0.0001978467   -0.0009715453
  -0.0005571779   -0.0004988244   -0.0007796411
  -0.0000000000   -0.0000000419   -0.0000002152
   0.0000007495   -0.0000001227   -0.0000018979
  -0.0001925144    0.0001688704   -0.0002110596
  -0.0000000424    0.0000000000   -0.0000001987
  -0.0000000859   -0.0000000949   -0.0000001982
   0.0000656299   -0.0001220360   -0.0000965828
   0.0000000004    0.0000000037   -0.0000000131
  -0.0000001174    0.0000005955   -0.0000014205
  -0.0000819041   -0.0000656364   -0.0000340683
   0.0000907879    0.0000826126   -0.0000892024
   0.0000000109    0.0000000121   -0.0000000625
   0.0000001038    0.0000006565   -0.0000016098
  -0.0000732606   -0.0001050459   -0.0000792155
   0.0001450649    0.0002085850   -0.0002352959
   0.0000006883    0.0000001362   -0.0000017083
   0.0002789682    0.0002822078   -0.0002597899
  -0.0001887581   -0.0002466177   -0.0002619080
   0.0000000000   -0.0000000010   -0.0000000577
   0.0001050459    0.0000732606   -0.0000792155
  -0.0002085850   -0.0001450649   -0.0002352959
  -0.0000000121   -0.0000000109   -0.0000000625
  -0.0000006565   -0.0000001038   -0.0000016098
   0.0002466177    0.0001887581   -0.0002619080
   0.0000000010   -0.0000000000   -0.0000000577
  -0.0000001362   -0.0000006883   -0.0000017083
  -0.0002822078   -0.0002789682   -0.0002597899
   0.0004988244    0.0005571779   -0.0007796411
   0.0000000419    0.0000000000   -0.0000002152
   0.0000001227   -0.0000007495   -0.0000018979
  -0.0001978467   -0.0010775254   -0.0009715453
  -0.0000000000    0.0000000424   -0.0000001987
   0.0000000949    0.0000000859   -0.0000001982
   0.0001220360   -0.0000656299   -0.0000965828
  -0.0001688704    0.0001925144   -0.0002110596
  -0.0000005955    0.0000001174   -0.0000014205
   0.0000656364    0.0000819041   -0.0000340683
  -0.0000826126   -0.0000907879   -0.0000892024
  -0.0000000037   -0.0000000004   -0.0000000131
  -0.0007301423    0.0001978550   -0.0005464937
   0.0002626399   -0.0001649949   -0.0002861002
   0.0000000004   -0.0000000036   -0.0000000138
  -0.0000007418   -0.0000005689   -0.0000073178
  -0.0000548634    0.0000548634    0.0011995953
   0.0058779859   -0.0058779859   -0.0035995502
   0.0000035182   -0.0000035182    0.0014717615
   0.0000000000    0.0000000000    0.0014846867
  -0.0046171567    0.0046171567    0.0004122624
  -0.0000003774    0.0000003774    0.0014192473
  -0.0000000000    0.0000000000    0.0014846867
   0.0001405117   -0.0001405117    0.0013502046
  -0.0000031763    0.0000031763    0.0014742827
   0.0000000000    0.0000000000    0.0014846867
   0.0000063267   -0.0000063267    0.0014627723
  -0.0000451286    0.0000451286    0.0016294596
   0.0000000000   -0.0000000000    0.0014846867
  -0.0000912993    0.0000912993    0.0014391582
   0.0001713801   -0.0001713801    0.0015459209
   0.0000000260   -0.0000000260    0.0014843899
  -0.0000000000   -0.0000000000    0.0014846867
  -0.0000395380    0.0001641723    0.0013768250
   0.0002645773   -0.0004695487    0.0016941510
   0.0000009507   -0.0000001436    0.0014818152
   0.0001923925    0.0000395531    0.0013084745
  -0.0056105510   -0.0048865831   -0.0015968443
  -0.0000001850   -0.0000071567    0.0014559344
  -0.0000000000    0.0000000000    0.0014846867
  -0.0001700775    0.0002516037    0.0019168866
  -0.0000070775    0.0000001853    0.0014585943
   0.0000000000   -0.0000000000    0.0014846867
   0.0000182320   -0.0000620301    0.0014156506
   0.0000001438    0.0000009400    0.0014821775
  -0.0000000000    0.0000000000    0.0014846867
  -0.0000515130   -0.0000182219    0.0014374496
   0.0001213231    0.0000952400    0.0015877016
   0.0000032152    0.0000034794    0.0014730212
  -0.0000000000   -0.0000000000    0.0014846867
  -0.0000173115   -0.0000272054    0.0014030777
   0.0001801142    0.0002548011    0.0018173257
  -0.0000000000   -0.0000000000    0.0014846867
   0.0001118440    0.0001199645    0.0013946917
  -0.0003360305   -0.0003849713    0.0017937487
  -0.0000000377   -0.0000002952    0.0014759877
   0.0000272054    0.0000173115    0.0014030777
  -0.0002548011   -0.0001801142    0.0018173257
  -0.0000034794   -0.0000032152    0.0014730212
   0.0000000000    0.0000000000    0.0014846867
   0.0003849713    0.0003360305    0.0017937487
   0.0000002952    0.0000000377    0.0014759877
  -0.0000000000   -0.0000000000    0.0014846867
  -0.0001199645   -0.0001118440    0.0013946917
   0.0048865831    0.0056105510   -0.0015968443
   0.0000071567    0.0000001850    0.0014559344
  -0.0000000000    0.0000000000    0.0014846867
  -0.0000395531   -0.0001923925    0.0013084745
  -0.0000001853    0.0000070775    0.0014585943
  -0.0000000000   -0.0000000000    0.0014846867
   0.0000620301   -0.0000182320    0.0014156506
  -0.0002516037    0.0001700775    0.0019168866
   0.0000000000   -0.0000000000    0.0014846867
   0.0000182219    0.0000515130    0.0014374496
  -0.0000952400   -0.0001213231    0.0015877016
  -0.0000009400   -0.0000001438    0.0014821775
  -0.0001641723    0.0000395380    0.0013768250
   0.0004695487   -0.0002645773    0.0016941510
   0.0000001436   -0.0000009507    0.0014818152
   0.0000000000    0.0000000000    0.0014846867
  -0.0001848694    0.0001848694   -0.0159187294
   0.0000003858   -0.0000003858    0.0050277748
   0.0000000117   -0.0000000117    0.0050362273
   0.0003346896   -0.0003346896    0.0031891977
  -0.0000003960    0.0000003960    0.0050283530
  -0.0000000000    0.0000000000    0.0050364296
   0.0001858269   -0.0001858269    0.0048821623
  -0.0007556980    0.0007556980    0.0050549027
  -0.0000000128    0.0000000128    0.0050362339
  -0.0000760532    0.0000760532    0.0050044420
   0.0000285982   -0.0000285982    0.0050235312
  -0.0000000748    0.0000000748    0.0050362479
  -0.0004346147    0.0004346147    0.0044177345
   0.0009402321   -0.0009402321    0.0044673704
   0.0000000885   -0.0000000885    0.0050361839
   0.0000000010   -0.0000000010    0.0050353845
   0.0002546638    0.0005146689    0.0038034950
  -0.0001262389   -0.0027487571    0.0036689310
   0.0000001116   -0.0000002318    0.0050346286
   0.0000000060    0.0000000001    0.0050359930
  -0.0028180521    0.0001264090    0.0044309555
  -0.0000004045   -0.0000003773    0.0050280638
   0.0000000001   -0.0000000038    0.0050364068
   0.0005260595   -0.0001137049    0.0046066998
  -0.0000002107    0.0000001109    0.0050349362
  -0.0000000032   -0.0000000001    0.0050364102
  -0.0001256309   -0.0001362086    0.0049433048
   0.0000974217    0.0002372446    0.0050414376
  -0.0000000001    0.0000000058    0.0050360170
  -0.0001287639    0.0002342212    0.0049450218
   0.0002434149   -0.0000972572    0.0049754829
   0.0000000819    0.0000000814    0.0050362159
   0.0000000126    0.0000000119    0.0050362306
   0.0000677136    0.0003372543    0.0048049096
  -0.0000360937   -0.0002065881    0.0048838177
   0.0000001039    0.0000002149    0.0050348919
   0.0004229526    0.0001748090    0.0047468474
  -0.0009107952   -0.0007851624    0.0047610376
  -0.0000001186   -0.0000002276    0.0050346729
  -0.0000000003    0.0000000005    0.0050363734
   0.0002065881    0.0000360937    0.0048838177
  -0.0000002149   -0.0000001039    0.0050348919
  -0.0000000119   -0.0000000126    0.0050362306
  -0.0003372543   -0.0000677136    0.0048049096
   0.0000002276    0.0000001186    0.0050346729
  -0.0000000005    0.0000000003    0.0050363734
  -0.0001748090   -0.0004229526    0.0047468474
   0.0007851624    0.0009107952    0.0047610376
   0.0000003773    0.0000004045    0.0050280638
   0.0000000038   -0.0000000001    0.0050364068
   0.0001137049   -0.0005260595    0.0046066998
  -0.0001264090    0.0028180521    0.0044309555
   0.0000000001    0.0000000032    0.0050364102
   0.0001362086    0.0001256309    0.0049433048
  -0.0002372446   -0.0000974217    0.0050414376
  -0.0000001109    0.0000002107    0.0050349362
  -0.0002342212    0.0001287639    0.0049450218
   0.0000972572   -0.0002434149    0.0049754829
  -0.0000000814   -0.0000000819    0.0050362159
  -0.0000000058    0.0000000001    0.0050360170
   0.0027487571    0.0001262389    0.0036689310
   0.0000002318   -0.0000001116    0.0050346286
  -0.0000000001   -0.0000000060    0.0050359930
  -0.0005146689   -0.0002546638    0.0038034950
  -0.0000008822    0.0000008822   -0.0051786699
  -0.0090129443    0.0090129443    0.0004031320
   0.0001837934   -0.0001837934   -0.0054615266
   0.0000000000   -0.0000000000   -0.0050364266
   0.0153718135   -0.0153718135   -0.0115192245
  -0.0000221909    0.0000221909   -0.0074750634
   0.0000000000   -0.0000000000   -0.0050364241
   0.0000055139   -0.0000055139   -0.0050830833
  -0.0001640105    0.0001640105   -0.0053265445
  -0.0000000000    0.0000000000   -0.0050364240
   0.0000001070   -0.0000001070   -0.0050374039
   0.0004418236   -0.0004418236   -0.0050317003
  -0.0000000000    0.0000000000   -0.0050364266
  -0.0000047718    0.0000047718   -0.0050669778
  -0.0000341457    0.0000341457   -0.0048890774
   0.0000025164   -0.0000025164   -0.0050564283
   0.0000000000    0.0000000000   -0.0050364266
  -0.0000005111    0.0000082276   -0.0051032756
  -0.0001970584    0.0002147643   -0.0046431967
   0.0000454849   -0.0000116487   -0.0051348217
   0.0000086052    0.0000005118   -0.0051185631
   0.0100023426    0.0143666529   -0.0055442612
  -0.0000119100   -0.0004205770   -0.0059993454
   0.0000000000   -0.0000000000   -0.0050364276
   0.0017327593   -0.0001332284   -0.0049925784
  -0.0004241626    0.0000119325   -0.0058753398
  -0.0000000000   -0.0000000000   -0.0050364241
   0.0000003074   -0.0000013795   -0.0050416967
   0.0000116738    0.0000443978   -0.0051163145
  -0.0000000000    0.0000000000   -0.0050364275
  -0.0000013348   -0.0000003072   -0.0050407331
  -0.0002093495   -0.0002666788   -0.0049603934
   0.0001637621    0.0001840369   -0.0053941145
   0.0000000000    0.0000000000   -0.0050364276
  -0.0000001458   -0.0000004723   -0.0050479203
  -0.0003605778   -0.0011646484   -0.0048697628
   0.0000000000    0.0000000000   -0.0050364275
   0.0000049837    0.0000053016   -0.0050750263
  -0.0000303412    0.0007829100   -0.0047659347
  -0.0000035058   -0.0000243359   -0.0052692261
   0.0000004723    0.0000001458   -0.0050479203
   0.0011646484    0.0003605778   -0.0048697628
  -0.0001840369   -0.0001637621   -0.0053941145
  -0.0000000000   -0.0000000000   -0.0050364276
  -0.0007829100    0.0000303412   -0.0047659347
   0.0000243359    0.0000035058   -0.0052692261
  -0.0000000000   -0.0000000000   -0.0050364275
  -0.0000053016   -0.0000049837   -0.0050750263
  -0.0143666529   -0.0100023426   -0.0055442612
   0.0004205770    0.0000119100   -0.0059993454
   0.0000000000   -0.0000000000   -0.0050364276
  -0.0000005118   -0.0000086052   -0.0051185631
  -0.0000119325    0.0004241626   -0.0058753398
   0.0000000000    0.0000000000   -0.0050364241
   0.0000013795   -0.0000003074   -0.0050416967
   0.0001332284   -0.0017327593   -0.0049925784
  -0.0000000000    0.0000000000   -0.0050364275
   0.0000003072    0.0000013348   -0.0050407331
   0.0002666788    0.0002093495   -0.0049603934
  -0.0000443978   -0.0000116738   -0.0051163145
  -0.0000082276    0.0000005111   -0.0051032756
  -0.0002147643    0.0001970584   -0.0046431967
   0.0000116487   -0.0000454849   -0.0051348217
  -0.0000000000   -0.0000000000   -0.0050364266
  -0.0000098002   -0.0000008933   -0.0032586060
   0.0020478211   -0.0022981823   -0.0066397750
  -0.0001820200    0.0001169004   -0.0030714009
  -0.0000000000   -0.0000000000   -0.0033041581
  -0.0031679176    0.0009106439   -0.0033622143
   0.0004877079   -0.0000064172   -0.0027968916
   0.0000000000    0.0000000000   -0.0033041580
  -0.0000056894    0.0000020104   -0.0032954950
   0.0000750324   -0.0000341029   -0.0032481080
   0.0000000000   -0.0000000000   -0.0033041581
   0.0000004556    0.0000000895   -0.0033032292
  -0.0001003583    0.0001026710   -0.0033096097
   0.0000000000    0.0000000000   -0.0033041581
   0.0000056729   -0.0000057356   -0.0032835159
   0.0001795377   -0.0000229433   -0.0033911636
  -0.0000250499    0.0000026646   -0.0032827353
  -0.0000000000    0.0000000000   -0.0033041581
  -0.0000047292   -0.0000063714   -0.0032811283
   0.0002387760   -0.0001521329   -0.0033789783
  -0.0000478465    0.0000067097   -0.0032400106
  -0.0000104713   -0.0000002455   -0.0032882346
  -0.0020497912   -0.0011226885   -0.0037428724
   0.0002001783    0.0001123624   -0.0030832702
  -0.0000000000   -0.0000000000   -0.0033041581
  -0.0003043799    0.0000118078   -0.0033525631
   0.0002007370   -0.0000024855   -0.0031516687
   0.0000000000    0.0000000000   -0.0033041581
   0.0000047290    0.0000016205   -0.0032970590
  -0.0000932267   -0.0000382360   -0.0032356849
  -0.0000000000   -0.0000000000   -0.0033041581
   0.0000011446    0.0000004729   -0.0032986461
   0.0004041161    0.0002046243   -0.0033485319
  -0.0001633732   -0.0001165906   -0.0031023831
  -0.0000000000   -0.0000000000   -0.0033041581
  -0.0000009894    0.0000004733   -0.0032979161
   0.0002387695    0.0004623826   -0.0032924563
  -0.0000000000    0.0000000000   -0.0033041581
  -0.0000048847   -0.0000018513   -0.0032969049
  -0.0003119590   -0.0001349947   -0.0033602848
   0.0000529832    0.0000067164   -0.0032436231
   0.0000085112   -0.0000002451   -0.0032912305
  -0.0003043452   -0.0000790723   -0.0033900993
   0.0000878018    0.0000339359   -0.0032357193
   0.0000000000   -0.0000000000   -0.0033041581
   0.0021014391    0.0005564226   -0.0037292784
  -0.0002355772   -0.0000024787   -0.0031306245
  -0.0000000000    0.0000000000   -0.0033041581
   0.0000066756    0.0000061283   -0.0032790685
   0.0020508524    0.0007314366   -0.0062744047
  -0.0004486039   -0.0000064139   -0.0027755714
  -0.0000000000    0.0000000000   -0.0033041581
  -0.0000057307    0.0000067641   -0.0032766790
   0.0001815731   -0.0001120558   -0.0031142741
   0.0000000000   -0.0000000000   -0.0033041580
  -0.0000006048    0.0000000896   -0.0033029395
  -0.0005364807    0.0003166652   -0.0033176611
   0.0000000000    0.0000000000   -0.0033041581
   0.0000039253   -0.0000014617   -0.0032984672
  -0.0001003681   -0.0000340560   -0.0033309833
   0.0000200571    0.0000026702   -0.0032871850
   0.0000116875   -0.0000008929   -0.0032627779
   0.0009839887   -0.0007683984   -0.0041094447
  -0.0001059564    0.0000380685   -0.0032233212
  -0.0000000000   -0.0000000000   -0.0033041581
   0.0000075359   -0.0000075359   -0.0025924101
  -0.0016577871    0.0016577871   -0.0124027948
  -0.0000284672    0.0000284672   -0.0027870725
   0.0000000000   -0.0000000000   -0.0028897173
  -0.0003468685    0.0003468685   -0.0103830879
   0.0000035227   -0.0000035227   -0.0023782385
  -0.0000000000    0.0000000000   -0.0028897173
  -0.0000277052    0.0000277052   -0.0027637644
   0.0000253333   -0.0000253333   -0.0028123570
  -0.0000000000   -0.0000000000   -0.0028897173
  -0.0000006173    0.0000006173   -0.0028843230
  -0.0001040808    0.0001040808   -0.0030405415
  -0.0000000000   -0.0000000000   -0.0028897173
   0.0000209419   -0.0000209419   -0.0028101278
  -0.0000796857    0.0000796857   -0.0030683114
  -0.0000003309    0.0000003309   -0.0028860399
   0.0000000000    0.0000000000   -0.0028897173
   0.0000048854   -0.0000366141   -0.0027373848
  -0.0000042777    0.0000781668   -0.0034995078
  -0.0000072963    0.0000016671   -0.0028666286
  -0.0000399872   -0.0000048884   -0.0027005691
   0.0016891843   -0.0003936735   -0.0113943658
   0.0000016586    0.0000714137   -0.0026580291
   0.0000000000   -0.0000000000   -0.0028897173
  -0.0003744789   -0.0000055315   -0.0034655729
   0.0000712571   -0.0000016615   -0.0026818039
  -0.0000000000    0.0000000000   -0.0028897173
  -0.0000024207    0.0000111910   -0.0028559563
  -0.0000016707   -0.0000071884   -0.0028702330
   0.0000000000   -0.0000000000   -0.0028897173
   0.0000096810    0.0000024186   -0.0028627257
  -0.0000028980    0.0000273389   -0.0030544437
  -0.0000253280   -0.0000284719   -0.0027997011
   0.0000000000   -0.0000000000   -0.0028897173
   0.0000020990    0.0000040394   -0.0028363057
   0.0000982570    0.0002466774   -0.0034516996
   0.0000000000    0.0000000000   -0.0028897173
  -0.0000233261   -0.0000253201   -0.0027869538
   0.0001080608   -0.0000496116   -0.0035134385
   0.0000004411    0.0000036009   -0.0028314089
  -0.0000040394   -0.0000020990   -0.0028363057
  -0.0002466774   -0.0000982570   -0.0034516996
   0.0000284719    0.0000253280   -0.0027997011
  -0.0000000000   -0.0000000000   -0.0028897173
   0.0000496116   -0.0001080608   -0.0035134385
  -0.0000036009   -0.0000004411   -0.0028314089
   0.0000000000    0.0000000000   -0.0028897173
   0.0000253201    0.0000233261   -0.0027869538
   0.0003936735   -0.0016891843   -0.0113943658
  -0.0000714137   -0.0000016586   -0.0026580291
   0.0000000000    0.0000000000   -0.0028897173
   0.0000048884    0.0000399872   -0.0027005691
   0.0000016615   -0.0000712571   -0.0026818039
   0.0000000000   -0.0000000000   -0.0028897173
  -0.0000111910    0.0000024207   -0.0028559563
   0.0000055315    0.0003744789   -0.0034655729
   0.0000000000    0.0000000000   -0.0028897173
  -0.0000024186   -0.0000096810   -0.0028627257
  -0.0000273389    0.0000028980   -0.0030544437
   0.0000071884    0.0000016707   -0.0028702330
   0.0000366141   -0.0000048854   -0.0027373848
  -0.0000781668    0.0000042777   -0.0034995078
  -0.0000016671    0.0000072963   -0.0028666286
  -0.0000000000    0.0000000000   -0.0028897173
  -0.0000000716    0.0000000716    0.0000072070
   0.0006536674   -0.0006536674    0.0004257767
  -0.0001933073    0.0001933073    0.0005779461
   0.0000000029   -0.0000000029   -0.0000000015
  -0.0008311789    0.0008311789    0.0030394391
   0.0000366740   -0.0000366740    0.0050882823
   0.0000000195   -0.0000000195    0.0000001431
   0.0000000874   -0.0000000874    0.0000018226
   0.0001602192   -0.0001602192    0.0003281493
  -0.0000000195    0.0000000195    0.0000001340
  -0.0000000007    0.0000000007    0.0000000104
  -0.0001065368    0.0001065368    0.0001550235
  -0.0000000023    0.0000000023   -0.0000000013
  -0.0000000090    0.0000000090    0.0000014997
   0.0000214530   -0.0000214530    0.0000050315
  -0.0000054934    0.0000054934    0.0000341269
   0.0000000026    0.0000000025   -0.0000000014
  -0.0000000444   -0.0000000374    0.0000034561
   0.0000384031   -0.0000256702   -0.0000133392
  -0.0000547915    0.0000163789    0.0001521786
   0.0000000213    0.0000000445    0.0000038726
  -0.0004931072   -0.0009919849    0.0017320715
   0.0000185329    0.0005140366    0.0013528499
   0.0000000055   -0.0000000053    0.0000000237
  -0.0002723639    0.0000134712    0.0004324858
   0.0005132658   -0.0000185594    0.0011115836
  -0.0000000202   -0.0000000189    0.0000001385
   0.0000000097   -0.0000001138    0.0000001539
  -0.0000164075   -0.0000551978    0.0001158137
  -0.0000000043    0.0000000057    0.0000000189
  -0.0000000989   -0.0000000097    0.0000001198
   0.0000559168    0.0000720635    0.0000800501
  -0.0001632242   -0.0001903031    0.0004531477
   0.0000000050    0.0000000058    0.0000000234
  -0.0000000135   -0.0000000192    0.0000004115
   0.0000596509    0.0001820438    0.0002362493
   0.0000000054    0.0000000046    0.0000000191
   0.0000000446    0.0000000517    0.0000016611
   0.0000077918   -0.0001159621    0.0001828955
   0.0000050727    0.0000333958    0.0003444406
   0.0000000192    0.0000000135    0.0000004115
  -0.0001820438   -0.0000596509    0.0002362493
   0.0001903031    0.0001632242    0.0004531477
  -0.0000000058   -0.0000000050    0.0000000234
   0.0001159621   -0.0000077918    0.0001828955
  -0.0000333958   -0.0000050727    0.0003444406
  -0.0000000046   -0.0000000054    0.0000000191
  -0.0000000517   -0.0000000446    0.0000016611
   0.0009919849    0.0004931072    0.0017320715
  -0.0005140366   -0.0000185329    0.0013528499
   0.0000000053   -0.0000000055    0.0000000237
  -0.0000000445   -0.0000000213    0.0000038726
   0.0000185594   -0.0005132658    0.0011115836
   0.0000000189    0.0000000202    0.0000001385
   0.0000001138   -0.0000000097    0.0000001539
  -0.0000134712    0.0002723639    0.0004324858
  -0.0000000057    0.0000000043    0.0000000189
   0.0000000097    0.0000000989    0.0000001198
  -0.0000720635   -0.0000559168    0.0000800501
   0.0000551978    0.0000164075    0.0001158137
   0.0000000374    0.0000000444    0.0000034561
   0.0000256702   -0.0000384031   -0.0000133392
  -0.0000163789    0.0000547915    0.0001521786
  -0.0000000025   -0.0000000026   -0.0000000014
  -0.0001879622   -0.0002102803    0.0037374967
   0.0000893271    0.0041437641    0.0055338211
  -0.0000002528    0.0000006496    0.0033059175
  -0.0000000156    0.0000000144    0.0033043068
   0.0005983986   -0.0008485964    0.0034296777
   0.0000006937   -0.0000000230    0.0033077623
   0.0000000000    0.0000000006    0.0033041584
  -0.0001191239    0.0002100732    0.0034030635
   0.0000001094   -0.0000001402    0.0033044981
   0.0000000041   -0.0000000135    0.0033041868
   0.0000271315    0.0000264234    0.0033168278
  -0.0000186553   -0.0000904860    0.0033041160
   0.0000000001   -0.0000000223    0.0033044321
   0.0000658269   -0.0003926318    0.0033865387
  -0.0001902699    0.0005063582    0.0033962558
  -0.0000000207    0.0000000023    0.0033042067
  -0.0000000157   -0.0000000148    0.0033043060
  -0.0000261080   -0.0005513523    0.0034897637
   0.0000217653    0.0011012038    0.0035285350
  -0.0000000689    0.0000000269    0.0033046326
  -0.0001664376   -0.0000640805    0.0034286446
   0.0006725418    0.0007077956    0.0034936194
   0.0000002662    0.0000006312    0.0033058733
  -0.0000000001    0.0000000011    0.0033041687
  -0.0000490607   -0.0002715337    0.0033172005
   0.0000002729   -0.0000000035    0.0033050728
   0.0000000041    0.0000000139    0.0033041875
   0.0000751111    0.0001510626    0.0033614268
  -0.0000001233   -0.0000001649    0.0033045520
   0.0000000001   -0.0000000282    0.0033042245
   0.0000502903    0.0000851353    0.0033547575
  -0.0001624550   -0.0003588953    0.0033524931
  -0.0000002301   -0.0000006549    0.0033057929
  -0.0000000041   -0.0000000135    0.0033041886
  -0.0000327725    0.0000851678    0.0033931718
   0.0000217837   -0.0008033702    0.0034264971
  -0.0000000001   -0.0000000013    0.0033041673
  -0.0000905777   -0.0001728311    0.0033642897
   0.0001859280    0.0004037857    0.0033429021
   0.0000000709    0.0000000269    0.0033046225
   0.0000964764   -0.0000640442    0.0033614589
  -0.0000490479    0.0002297514    0.0033289124
   0.0000001212    0.0000001413    0.0033045280
   0.0000000155    0.0000000134    0.0033043046
  -0.0006415686   -0.0009938051    0.0035811097
  -0.0000003089   -0.0000000035    0.0033051854
   0.0000000001    0.0000000292    0.0033042262
   0.0000828247    0.0005120681    0.0034969427
   0.0000895618   -0.0044443556    0.0053832566
  -0.0000006582   -0.0000000230    0.0033078636
  -0.0000000042    0.0000000138    0.0033041892
  -0.0000431110    0.0006708015    0.0036001701
   0.0000002436   -0.0000006364    0.0033057488
   0.0000000000   -0.0000000004    0.0033041577
  -0.0000443637    0.0000264326    0.0033335155
   0.0001581206   -0.0002560906    0.0032991287
   0.0000000156   -0.0000000138    0.0033043038
   0.0000465902   -0.0001138364    0.0033226611
  -0.0000186246    0.0001331990    0.0033165902
   0.0000000189    0.0000000023    0.0033041981
   0.0002479519   -0.0002101985    0.0035901739
  -0.0007155141    0.0008532104    0.0036449176
  -0.0000001352    0.0000001661    0.0033045819
   0.0000000001    0.0000000212    0.0033044360
   0.0002101985   -0.0002479519    0.0035901739
  -0.0008532104    0.0007155141    0.0036449176
  -0.0000001661    0.0000001352    0.0033045819
  -0.0000000212   -0.0000000001    0.0033044360
   0.0044443556   -0.0000895618    0.0053832566
   0.0000000230    0.0000006582    0.0033078636
  -0.0000000138    0.0000000042    0.0033041892
  -0.0006708015    0.0000431110    0.0036001701
   0.0000006364   -0.0000002436    0.0033057488
   0.0000000004   -0.0000000000    0.0033041577
  -0.0000264326    0.0000443637    0.0033335155
   0.0002560906   -0.0001581206    0.0032991287
   0.0000000138   -0.0000000156    0.0033043038
   0.0001138364   -0.0000465902    0.0033226611
  -0.0001331990    0.0000186246    0.0033165902
  -0.0000000023   -0.0000000189    0.0033041981
  -0.0000000134   -0.0000000155    0.0033043046
   0.0000640442   -0.0000964764    0.0033614589
  -0.0002297514    0.0000490479    0.0033289124
  -0.0000001413   -0.0000001212    0.0033045280
  -0.0005120681   -0.0000828247    0.0034969427
   0.0009938051    0.0006415686    0.0035811097
   0.0000000035    0.0000003089    0.0033051854
  -0.0000000292   -0.0000000001    0.0033042262
   0.0008033702   -0.0000217837    0.0034264971
   0.0000006549    0.0000002301    0.0033057929
   0.0000000135    0.0000000041    0.0033041886
  -0.0000851678    0.0000327725    0.0033931718
  -0.0000000269   -0.0000000709    0.0033046225
   0.0000000013    0.0000000001    0.0033041673
   0.0001728311    0.0000905777    0.0033642897
  -0.0004037857   -0.0001859280    0.0033429021
  -0.0000006312   -0.0000002662    0.0033058733
  -0.0000000011    0.0000000001    0.0033041687
   0.0000640805    0.0001664376    0.0034286446
  -0.0007077956   -0.0006725418    0.0034936194
  -0.0000000139   -0.0000000041    0.0033041875
  -0.0001510626   -0.0000751111    0.0033614268
   0.0002715337    0.0000490607    0.0033172005
   0.0000000035   -0.0000002729    0.0033050728
  -0.0000851353   -0.0000502903    0.0033547575
   0.0003588953    0.0001624550    0.0033524931
   0.0000001649    0.0000001233    0.0033045520
   0.0000000282   -0.0000000001    0.0033042245
  -0.0011012038   -0.0000217653    0.0035285350
  -0.0000000269    0.0000000689    0.0033046326
   0.0000000148    0.0000000157    0.0033043060
   0.0005513523    0.0000261080    0.0034897637
  -0.0041437641   -0.0000893271    0.0055338211
  -0.0000006496    0.0000002528    0.0033059175
  -0.0000000144    0.0000000156    0.0033043068
   0.0002102803    0.0001879622    0.0037374967
   0.0000000230   -0.0000006937    0.0033077623
  -0.0000000006   -0.0000000000    0.0033041584
  -0.0002100732    0.0001191239    0.0034030635
   0.0008485964   -0.0005983986    0.0034296777
   0.0000000135   -0.0000000041    0.0033041868
  -0.0000264234   -0.0000271315    0.0033168278
   0.0000904860    0.0000186553    0.0033041160
   0.0000001402   -0.0000001094    0.0033044981
   0.0003926318   -0.0000658269    0.0033865387
  -0.0005063582    0.0001902699    0.0033962558
  -0.0000000023    0.0000000207    0.0033042067
   0.0000000223   -0.0000000001    0.0033044321
   0.0000008929   -0.0000116875   -0.0032627779
   0.0007683984   -0.0009839887   -0.0041094447
  -0.0000380685    0.0001059564   -0.0032233212
   0.0000000000    0.0000000000   -0.0033041581
  -0.0007314366   -0.0020508524   -0.0062744047
   0.0000064139    0.0004486039   -0.0027755714
  -0.0000000000    0.0000000000   -0.0033041581
  -0.0000067641    0.0000057307   -0.0032766790
   0.0001120558   -0.0001815731   -0.0031142741
   0.0000000000   -0.0000000000   -0.0033041580
  -0.0000000896    0.0000006048   -0.0033029395
  -0.0003166652    0.0005364807   -0.0033176611
  -0.0000000000   -0.0000000000   -0.0033041581
   0.0000014617   -0.0000039253   -0.0032984672
   0.0000340560    0.0001003681   -0.0033309833
  -0.0000026702   -0.0000200571   -0.0032871850
   0.0000000000   -0.0000000000   -0.0033041581
   0.0000002451   -0.0000085112   -0.0032912305
   0.0000790723    0.0003043452   -0.0033900993
  -0.0000339359   -0.0000878018   -0.0032357193
  -0.0000061283   -0.0000066756   -0.0032790685
  -0.0005564226   -0.0021014391   -0.0037292784
   0.0000024787    0.0002355772   -0.0031306245
  -0.0000000000    0.0000000000   -0.0033041581
  -0.0004623826   -0.0002387695   -0.0032924563
   0.0001165906    0.0001633732   -0.0031023831
   0.0000000000    0.0000000000   -0.0033041581
  -0.0000004733    0.0000009894   -0.0032979161
  -0.0000067164   -0.0000529832   -0.0032436231
  -0.0000000000    0.0000000000   -0.0033041581
   0.0000018513    0.0000048847   -0.0032969049
   0.0001349947    0.0003119590   -0.0033602848
  -0.0001123624   -0.0002001783   -0.0030832702
   0.0000000000    0.0000000000   -0.0033041581
   0.0000002455    0.0000104713   -0.0032882346
   0.0011226885    0.0020497912   -0.0037428724
  -0.0000000000   -0.0000000000   -0.0033041581
  -0.0000016205   -0.0000047290   -0.0032970590
  -0.0000118078    0.0003043799   -0.0033525631
   0.0000024855   -0.0002007370   -0.0031516687
  -0.0000004729   -0.0000011446   -0.0032986461
  -0.0002046243   -0.0004041161   -0.0033485319
   0.0000382360    0.0000932267   -0.0032356849
   0.0000000000    0.0000000000   -0.0033041581
   0.0001521329   -0.0002387760   -0.0033789783
  -0.0000067097    0.0000478465   -0.0032400106
  -0.0000000000    0.0000000000   -0.0033041581
   0.0000063714    0.0000047292   -0.0032811283
   0.0022981823   -0.0020478211   -0.0066397750
  -0.0001169004    0.0001820200   -0.0030714009
   0.0000000000    0.0000000000   -0.0033041581
   0.0000008933    0.0000098002   -0.0032586060
   0.0000064172   -0.0004877079   -0.0027968916
  -0.0000000000   -0.0000000000   -0.0033041580
  -0.0000020104    0.0000056894   -0.0032954950
  -0.0009106439    0.0031679176   -0.0033622143
   0.0000000000   -0.0000000000   -0.0033041581
  -0.0000000895   -0.0000004556   -0.0033032292
  -0.0001026710    0.0001003583   -0.0033096097
   0.0000341029   -0.0000750324   -0.0032481080
   0.0000057356   -0.0000056729   -0.0032835159
   0.0000229433   -0.0001795377   -0.0033911636
  -0.0000026646    0.0000250499   -0.0032827353
  -0.0000000000    0.0000000000   -0.0033041581
   0.0012272197   -0.0012272197   -0.0066327854
  -0.0000059065    0.0000059065    0.0029376083
  -0.0000000000    0.0000000000    0.0028897170
  -0.0000673051    0.0000673051    0.0034306824
   0.0000061627   -0.0000061627    0.0029343295
  -0.0000000000    0.0000000000    0.0028897173
  -0.0000381238    0.0000381238    0.0029496779
   0.0002738578   -0.0002738578    0.0022924689
   0.0000000000   -0.0000000000    0.0028897171
   0.0000189336   -0.0000189336    0.0029122139
  -0.0000225688    0.0000225688    0.0028554534
   0.0000007631   -0.0000007631    0.0028917878
   0.0000875483   -0.0000875483    0.0031769777
  -0.0005348866    0.0005348866    0.0029796805
  -0.0000010310    0.0000010310    0.0028927267
  -0.0000000000    0.0000000000    0.0028897136
  -0.0000510901   -0.0001037616    0.0033038194
   0.0001660464    0.0017682830    0.0034862560
  -0.0000021542    0.0000033538    0.0029031357
  -0.0000000000   -0.0000000000    0.0028897166
   0.0012535280   -0.0001664391    0.0024899529
   0.0000063394    0.0000057295    0.0029359695
  -0.0000000000    0.0000000000    0.0028897172
  -0.0001134949    0.0000292549    0.0030710609
   0.0000028040   -0.0000021071    0.0029010026
   0.0000000000    0.0000000000    0.0028897172
   0.0000276606    0.0000293902    0.0029309438
  -0.0000542150   -0.0000839194    0.0027200839
  -0.0000000000   -0.0000000000    0.0028897166
   0.0000308931   -0.0000577665    0.0029722071
  -0.0000953292    0.0000541945    0.0027971215
  -0.0000009046   -0.0000008897    0.0028922578
  -0.0000000000   -0.0000000000    0.0028897170
  -0.0000203125   -0.0000772170    0.0030155608
   0.0000333114    0.0000896588    0.0026981409
  -0.0000019685   -0.0000029122    0.0029014606
  -0.0000940279   -0.0000398437    0.0030276901
   0.0004245841    0.0003845315    0.0026361898
   0.0000022925    0.0000032459    0.0029026785
  -0.0000000000   -0.0000000000    0.0028897172
  -0.0000896588   -0.0000333114    0.0026981409
   0.0000029122    0.0000019685    0.0029014606
   0.0000000000    0.0000000000    0.0028897170
   0.0000772170    0.0000203125    0.0030155608
  -0.0000032459   -0.0000022925    0.0029026785
   0.0000000000    0.0000000000    0.0028897172
   0.0000398437    0.0000940279    0.0030276901
  -0.0003845315   -0.0004245841    0.0026361898
  -0.0000057295   -0.0000063394    0.0029359695
  -0.0000000000    0.0000000000    0.0028897172
  -0.0000292549    0.0001134949    0.0030710609
   0.0001664391   -0.0012535280    0.0024899529
  -0.0000000000   -0.0000000000    0.0028897172
  -0.0000293902   -0.0000276606    0.0029309438
   0.0000839194    0.0000542150    0.0027200839
   0.0000021071   -0.0000028040    0.0029010026
   0.0000577665   -0.0000308931    0.0029722071
  -0.0000541945    0.0000953292    0.0027971215
   0.0000008897    0.0000009046    0.0028922578
   0.0000000000    0.0000000000    0.0028897166
  -0.0017682830   -0.0001660464    0.0034862560
  -0.0000033538    0.0000021542    0.0029031357
  -0.0000000000    0.0000000000    0.0028897166
   0.0001037616    0.0000510901    0.0033038194

65   
 -0.0018497235696319   0.0018497235696319   0.0096517897527814
   0.0005713753   -0.0005713753    0.0080635407
  -0.0000019454    0.0000019454   -0.0014771162
  -0.0000000122    0.0000000122   -0.0014846189
  -0.0001487012    0.0001487012   -0.0005024672
   0.0000019650   -0.0000019650   -0.0014776203
  -0.0000000000    0.0000000000   -0.0014846859
  -0.0000812947    0.0000812947   -0.0013615931
   0.0002770312   -0.0002770312   -0.0013324238
   0.0000000118   -0.0000000118   -0.0014846277
   0.0000411695   -0.0000411695   -0.0014282478
  -0.0000322513    0.0000322513   -0.0014414984
   0.0000000647   -0.0000000647   -0.0014845234
   0.0001931122   -0.0001931122   -0.0009064846
  -0.0005502020    0.0005502020   -0.0011164265
  -0.0000000823    0.0000000823   -0.0014844538
   0.0000000005   -0.0000000005   -0.0014840573
  -0.0001412675   -0.0002005449   -0.0007044629
   0.0001974775    0.0012770040   -0.0005494228
  -0.0000005166    0.0000008052   -0.0014828755
  -0.0000000462   -0.0000000001   -0.0014844686
   0.0009313813   -0.0001974377   -0.0008969670
   0.0000020419    0.0000018685   -0.0014773683
  -0.0000000004    0.0000000018   -0.0014846724
  -0.0001705709    0.0000596528   -0.0011591798
   0.0000006929   -0.0000004689   -0.0014831805
   0.0000000019    0.0000000004   -0.0014846738
   0.0000571185    0.0000653652   -0.0013949094
  -0.0000655671   -0.0001426032   -0.0014386460
   0.0000000001   -0.0000000467   -0.0014844848
   0.0000674474   -0.0000959130   -0.0013106759
  -0.0001827028    0.0000655846   -0.0013994173
  -0.0000000780   -0.0000000690   -0.0014844886
  -0.0000000114   -0.0000000127   -0.0014846233
  -0.0000434616   -0.0001160069   -0.0012465481
   0.0000732504    0.0001049393   -0.0014048890
  -0.0000004553   -0.0000007119   -0.0014831343
  -0.0001504927   -0.0000836216   -0.0012232824
   0.0004151754    0.0004120468   -0.0012244416
   0.0000005302    0.0000007862   -0.0014829217
  -0.0000000010    0.0000000000   -0.0014846279
  -0.0001049393   -0.0000732504   -0.0014048890
   0.0000007119    0.0000004553   -0.0014831343
   0.0000000127    0.0000000114   -0.0014846233
   0.0001160069    0.0000434616   -0.0012465481
  -0.0000007862   -0.0000005302   -0.0014829217
  -0.0000000000    0.0000000010   -0.0014846279
   0.0000836216    0.0001504927   -0.0012232824
  -0.0004120468   -0.0004151754   -0.0012244416
  -0.0000018685   -0.0000020419   -0.0014773683
  -0.0000000018    0.0000000004   -0.0014846724
  -0.0000596528    0.0001705709   -0.0011591798
   0.0001974377   -0.0009313813   -0.0008969670
  -0.0000000004   -0.0000000019   -0.0014846738
  -0.0000653652   -0.0000571185   -0.0013949094
   0.0001426032    0.0000655671   -0.0014386460
   0.0000004689   -0.0000006929   -0.0014831805
   0.0000959130   -0.0000674474   -0.0013106759
  -0.0000655846    0.0001827028   -0.0013994173
   0.0000000690    0.0000000780   -0.0014844886
   0.0000000467   -0.0000000001   -0.0014844848
  -0.0012770040   -0.0001974775   -0.0005494228
  -0.0000008052    0.0000005166   -0.0014828755
   0.0000000001    0.0000000462   -0.0014844686
   0.0002005449    0.0001412675   -0.0007044629
   0.0096692338   -0.0096692338   -0.0561912688
  -0.0000386074    0.0000386074    0.0001616405
   0.0000000000    0.0000000000    0.0000000000
  -0.0000383760    0.0000383760    0.0001612524
   0.0000430183   -0.0000430183    0.0001303600
  -0.0000000000    0.0000000000    0.0000000000
  -0.0000107349    0.0000107349    0.0000205118
  -0.0003473710    0.0003473710   -0.0009379377
  -0.0000000000    0.0000000000    0.0000000000
   0.0000071295   -0.0000071295    0.0000136848
  -0.0000476832    0.0000476832   -0.0001669996
   0.0000071374   -0.0000071374    0.0000136883
   0.0000427262   -0.0000427262    0.0001301587
  -0.0003460925    0.0003460925   -0.0009377126
  -0.0000107810    0.0000107810    0.0000205766
  -0.0000000000   -0.0000000000    0.0000000000
  -0.0000360993   -0.0000449999    0.0001457097
   0.0005094013    0.0016180776   -0.0025756051
  -0.0000154240    0.0000315429    0.0000629287
   0.0000000000   -0.0000000000    0.0000000000
  -0.0016389132   -0.0005078191   -0.0025685796
   0.0000452962    0.0000363325    0.0001459961
  -0.0000000000    0.0000000000    0.0000000000
  -0.0000314586    0.0000153716    0.0000628489
   0.0000225030   -0.0000150530    0.0000466958
  -0.0000000000   -0.0000000000    0.0000000000
   0.0000087034    0.0000091628    0.0000170993
  -0.0000903739    0.0000237344   -0.0003723616
  -0.0000000000    0.0000000000    0.0000000000
   0.0000150008   -0.0000224949    0.0000467224
  -0.0000232879    0.0000903783   -0.0003724563
  -0.0000091930   -0.0000087237    0.0000171314
   0.0000000000    0.0000000000    0.0000000000
  -0.0000129590   -0.0000249147    0.0000525393
   0.0000903082    0.0001444387   -0.0005014761
  -0.0000129880   -0.0000249313    0.0000525402
  -0.0000290420   -0.0000174115    0.0000570373
   0.0000159455   -0.0000183044   -0.0009378256
   0.0000174909    0.0000291114    0.0000570792
  -0.0000000000   -0.0000000000    0.0000000000
  -0.0001444387   -0.0000903082   -0.0005014761
   0.0000249313    0.0000129880    0.0000525402
  -0.0000000000    0.0000000000    0.0000000000
   0.0000249147    0.0000129590    0.0000525393
  -0.0000291114   -0.0000174909    0.0000570792
   0.0000000000   -0.0000000000    0.0000000000
   0.0000174115    0.0000290420    0.0000570373
   0.0000183044   -0.0000159455   -0.0009378256
  -0.0000363325   -0.0000452962    0.0001459961
  -0.0000000000    0.0000000000    0.0000000000
  -0.0000153716    0.0000314586    0.0000628489
   0.0005078191    0.0016389132   -0.0025685796
   0.0000000000    0.0000000000    0.0000000000
  -0.0000091628   -0.0000087034    0.0000170993
  -0.0000237344    0.0000903739   -0.0003723616
   0.0000150530   -0.0000225030    0.0000466958
   0.0000224949   -0.0000150008    0.0000467224
  -0.0000903783    0.0000232879   -0.0003724563
   0.0000087237    0.0000091930    0.0000171314
   0.0000000000   -0.0000000000    0.0000000000
  -0.0016180776   -0.0005094013   -0.0025756051
  -0.0000315429    0.0000154240    0.0000629287
   0.0000000000    0.0000000000    0.0000000000
   0.0000449999    0.0000360993    0.0001457097
   0.0005636397   -0.0005636397    0.0108958382
  -0.0001496954    0.0001496954    0.0024619532
  -0.0000000124    0.0000000124    0.0014847556
  -0.0000019262    0.0000019262    0.0014921872
   0.0001941224   -0.0001941224    0.0020586190
   0.0000000006   -0.0000000006    0.0014853250
  -0.0000000802    0.0000000802    0.0014849158
  -0.0005528786    0.0005528786    0.0018520471
   0.0000000120   -0.0000000120    0.0014847464
   0.0000000633   -0.0000000633    0.0014848481
  -0.0000321462    0.0000321462    0.0015280326
   0.0000409612   -0.0000409612    0.0015406298
   0.0000019449   -0.0000019449    0.0014916945
   0.0002789504   -0.0002789504    0.0016368760
  -0.0000812786    0.0000812786    0.0016075454
  -0.0000000000    0.0000000000    0.0014846875
  -0.0000018510   -0.0000020201    0.0014919409
   0.0001973278   -0.0009346096    0.0020714918
  -0.0000594049    0.0001702324    0.0018088354
  -0.0000000018    0.0000000004    0.0014847012
  -0.0012805567   -0.0001972869    0.0024185220
   0.0002013918    0.0001424266    0.0022602733
   0.0000000001    0.0000000468    0.0014849078
  -0.0000007954    0.0000005111    0.0014864785
   0.0000954761   -0.0000673079    0.0016572837
   0.0000000473   -0.0000000001    0.0014848912
   0.0000000673    0.0000000762    0.0014848819
  -0.0000655004    0.0001833694    0.0015702119
  -0.0000000004   -0.0000000019    0.0014846997
   0.0000004646   -0.0000006862    0.0014861804
   0.0001433095    0.0000655187    0.0015309399
  -0.0000652582   -0.0000569622    0.0015740765
  -0.0000000116   -0.0000000129    0.0014847510
  -0.0000004514   -0.0000007046    0.0014862254
   0.0000731027    0.0001049295    0.0015646959
  -0.0000432407   -0.0001155743    0.0017215130
  -0.0000007771   -0.0000005243    0.0014864336
  -0.0004140634   -0.0004177709    0.0017444754
   0.0000834888    0.0001501182    0.0017445813
  -0.0000000000    0.0000000011    0.0014847461
  -0.0001049295   -0.0000731027    0.0015646959
   0.0001155743    0.0000432407    0.0017215130
   0.0000000129    0.0000000116    0.0014847510
   0.0000007046    0.0000004514    0.0014862254
  -0.0001501182   -0.0000834888    0.0017445813
  -0.0000000011    0.0000000000    0.0014847461
   0.0000005243    0.0000007771    0.0014864336
   0.0004177709    0.0004140634    0.0017444754
  -0.0001424266   -0.0002013918    0.0022602733
  -0.0000000468   -0.0000000001    0.0014849078
  -0.0000005111    0.0000007954    0.0014864785
   0.0001972869    0.0012805567    0.0024185220
   0.0000000001   -0.0000000473    0.0014848912
  -0.0000000762   -0.0000000673    0.0014848819
  -0.0001833694    0.0000655004    0.0015702119
   0.0000673079   -0.0000954761    0.0016572837
   0.0000006862   -0.0000004646    0.0014861804
  -0.0000655187   -0.0001433095    0.0015309399
   0.0000569622    0.0000652582    0.0015740765
   0.0000000019    0.0000000004    0.0014846997
   0.0009346096   -0.0001973278    0.0020714918
  -0.0001702324    0.0000594049    0.0018088354
  -0.0000000004    0.0000000018    0.0014847012
   0.0000020201    0.0000018510    0.0014919409
   0.0000319322   -0.0000319322    0.0062001658
  -0.0000000000    0.0000000000    0.0050364266
  -0.0000052155    0.0000052155    0.0050661226
  -0.0124016194    0.0124016194    0.0094337197
   0.0000000000   -0.0000000000    0.0050364266
  -0.0000000815    0.0000000815    0.0050373956
  -0.0004643140    0.0004643140    0.0048850593
   0.0001218635   -0.0001218635    0.0052757371
   0.0000046404   -0.0000046404    0.0050576307
   0.0001183653   -0.0001183653    0.0048078272
  -0.0000031394    0.0000031394    0.0050498157
  -0.0000000000    0.0000000000    0.0050364265
   0.0081564481   -0.0081564481    0.0014082459
  -0.0001575115    0.0001575115    0.0054597049
   0.0000000000   -0.0000000000    0.0050364265
   0.0000006619   -0.0000006619    0.0051811673
  -0.0084715288   -0.0120958279    0.0054315672
   0.0000236004    0.0002543494    0.0057155457
   0.0000000000   -0.0000000000    0.0050364265
  -0.0000136339   -0.0000002771    0.0051017484
   0.0002434324   -0.0000235751    0.0055505320
   0.0000000000    0.0000000000    0.0050364266
  -0.0000002415    0.0000015257    0.0050430104
  -0.0018988025    0.0002004375    0.0044447363
  -0.0000000000    0.0000000000    0.0050364265
   0.0000014705    0.0000002417    0.0050420207
   0.0002681292    0.0003145822    0.0048464296
  -0.0000123273   -0.0000447572    0.0051228558
   0.0000002772   -0.0000135925    0.0050922560
   0.0002639671   -0.0006274052    0.0043018691
  -0.0000481808    0.0000123385    0.0051482822
   0.0000000000    0.0000000000    0.0050364265
  -0.0000047109   -0.0000051451    0.0050618787
  -0.0000748795   -0.0010960152    0.0043643351
   0.0000066093    0.0000242681    0.0052000282
   0.0000000000    0.0000000000    0.0050364265
  -0.0014304622   -0.0003895395    0.0043823330
   0.0001463713    0.0001329914    0.0053676839
  -0.0000000000   -0.0000000000    0.0050364265
  -0.0000006592   -0.0000001260    0.0050524639
  -0.0000242681   -0.0000066093    0.0052000282
  -0.0000000000   -0.0000000000    0.0050364265
   0.0000051451    0.0000047109    0.0050618787
   0.0010960152    0.0000748795    0.0043643351
   0.0000000000    0.0000000000    0.0050364265
   0.0000001260    0.0000006592    0.0050524639
   0.0003895395    0.0014304622    0.0043823330
  -0.0001329914   -0.0001463713    0.0053676839
  -0.0000000000   -0.0000000000    0.0050364266
  -0.0000015257    0.0000002415    0.0050430104
  -0.0002004375    0.0018988025    0.0044447363
   0.0000235751   -0.0002434324    0.0055505320
  -0.0000002417   -0.0000014705    0.0050420207
  -0.0003145822   -0.0002681292    0.0048464296
   0.0000447572    0.0000123273    0.0051228558
  -0.0000000000    0.0000000000    0.0050364265
   0.0006274052   -0.0002639671    0.0043018691
  -0.0000123385    0.0000481808    0.0051482822
  -0.0000000000   -0.0000000000    0.0050364265
   0.0000135925   -0.0000002772    0.0050922560
  -0.0002543494   -0.0000236004    0.0057155457
   0.0000000000   -0.0000000000    0.0050364265
   0.0000002771    0.0000136339    0.0051017484
   0.0120958279    0.0084715288    0.0054315672
   0.0000317138   -0.0000317138   -0.0038743712
  -0.0125553766    0.0125553766   -0.0005769023
  -0.0000052555    0.0000052555   -0.0050065890
  -0.0000000000    0.0000000000   -0.0050364265
   0.0081547712   -0.0081547712   -0.0087073667
   0.0000006722   -0.0000006722   -0.0048906846
   0.0000000000   -0.0000000000   -0.0050364265
  -0.0001571836    0.0001571836   -0.0046125817
   0.0000046719   -0.0000046719   -0.0050151814
  -0.0000000000    0.0000000000   -0.0050364265
  -0.0000031061    0.0000031061   -0.0050230417
   0.0001174711   -0.0001174711   -0.0052653805
   0.0000000000   -0.0000000000   -0.0050364265
   0.0001217357   -0.0001217357   -0.0047958404
  -0.0004641316    0.0004641316   -0.0051889185
  -0.0000000826    0.0000000826   -0.0050354532
  -0.0000000000   -0.0000000000   -0.0050364265
   0.0000234191   -0.0002421897   -0.0045206114
  -0.0002006783    0.0018949231   -0.0056276427
  -0.0000015358    0.0000002465   -0.0050298045
  -0.0002531708   -0.0000233940   -0.0043558657
   0.0121891766    0.0085112352   -0.0046529395
   0.0000002802    0.0000137502   -0.0049707941
   0.0000000000   -0.0000000000   -0.0050364265
   0.0006237845   -0.0002641060   -0.0057698245
   0.0000137104   -0.0000002801   -0.0049804036
  -0.0000000000   -0.0000000000   -0.0050364265
  -0.0000121992    0.0000480974   -0.0049245757
  -0.0000002463   -0.0000014795   -0.0050308089
  -0.0000000000    0.0000000000   -0.0050364265
   0.0000446985    0.0000122104   -0.0049498082
  -0.0003141376   -0.0002674345   -0.0052271360
  -0.0000047411   -0.0000051863   -0.0050108872
   0.0000000000    0.0000000000   -0.0050364265
   0.0000065498    0.0000240504   -0.0048724262
  -0.0000747705   -0.0010915643   -0.0057077465
   0.0000000000    0.0000000000   -0.0050364265
  -0.0001328511   -0.0001460804   -0.0047041733
   0.0003899970    0.0014268936   -0.0056897853
   0.0000001280    0.0000006733   -0.0050203094
  -0.0000240504   -0.0000065498   -0.0048724262
   0.0010915643    0.0000747705   -0.0057077465
   0.0000051863    0.0000047411   -0.0050108872
  -0.0000000000   -0.0000000000   -0.0050364265
  -0.0014268936   -0.0003899970   -0.0056897853
  -0.0000006733   -0.0000001280   -0.0050203094
  -0.0000000000   -0.0000000000   -0.0050364265
   0.0001460804    0.0001328511   -0.0047041733
  -0.0085112352   -0.0121891766   -0.0046529395
  -0.0000137502   -0.0000002802   -0.0049707941
   0.0000000000   -0.0000000000   -0.0050364265
   0.0000233940    0.0002531708   -0.0043558657
   0.0000002801   -0.0000137104   -0.0049804036
   0.0000000000    0.0000000000   -0.0050364265
  -0.0000480974    0.0000121992   -0.0049245757
   0.0002641060   -0.0006237845   -0.0057698245
  -0.0000000000    0.0000000000   -0.0050364265
  -0.0000122104   -0.0000446985   -0.0049498082
   0.0002674345    0.0003141376   -0.0052271360
   0.0000014795    0.0000002463   -0.0050308089
   0.0002421897   -0.0000234191   -0.0045206114
  -0.0018949231    0.0002006783   -0.0056276427
  -0.0000002465    0.0000015358   -0.0050298045
   0.0000000000    0.0000000000   -0.0050364265
   0.0001822184    0.0000146900   -0.0035429114
  -0.0016843157   -0.0033331853   -0.0033716922
   0.0000068032   -0.0000052422   -0.0033247299
  -0.0000000000   -0.0000000000   -0.0033041581
  -0.0015184014    0.0007102803   -0.0025140458
  -0.0000168536    0.0000003590   -0.0033419183
  -0.0000000000    0.0000000000   -0.0033041581
   0.0001010220   -0.0000299788   -0.0033857551
  -0.0000022049    0.0000012327   -0.0033086172
  -0.0000000000    0.0000000000   -0.0033041581
  -0.0000234017   -0.0000028404   -0.0033207743
   0.0000885636    0.0000559706   -0.0032408169
  -0.0000000000    0.0000000000   -0.0033041581
  -0.0001056291    0.0000689780   -0.0034160293
   0.0005954115   -0.0003253599   -0.0031845564
   0.0000005510   -0.0000000504   -0.0033052405
  -0.0000000000    0.0000000000   -0.0033041581
   0.0000816191    0.0000798917   -0.0034372271
  -0.0002091463   -0.0004239273   -0.0031001838
   0.0000013945   -0.0000002329   -0.0033089851
   0.0001815606    0.0000046753   -0.0034367043
  -0.0024248537   -0.0005443529   -0.0027785922
  -0.0000072587   -0.0000049586   -0.0033234134
  -0.0000000000   -0.0000000000   -0.0033041581
   0.0002603690    0.0000982986   -0.0030919671
  -0.0000069714    0.0000000811   -0.0033157487
   0.0000000000   -0.0000000000   -0.0033041581
  -0.0000767993   -0.0000251274   -0.0033706902
   0.0000026649    0.0000014349   -0.0033096078
  -0.0000000000    0.0000000000   -0.0033041581
  -0.0000362472   -0.0000076035   -0.0033472941
   0.0003998679    0.0001792974   -0.0031705448
   0.0000058965    0.0000051258   -0.0033218004
  -0.0000000000    0.0000000000   -0.0033041581
   0.0000300741   -0.0000076023   -0.0033543205
  -0.0002091007    0.0001744009   -0.0030464809
  -0.0000000000    0.0000000000   -0.0033041581
   0.0000835721    0.0000281709   -0.0033675852
  -0.0004802244   -0.0002447725   -0.0031701975
  -0.0000014909   -0.0000002329   -0.0033086995
  -0.0001364870    0.0000046770   -0.0034085906
   0.0002604553   -0.0000382740   -0.0031055124
  -0.0000025631   -0.0000012720   -0.0033095011
  -0.0000000000   -0.0000000000   -0.0033041581
   0.0023564621    0.0009939791   -0.0027897887
   0.0000083467    0.0000000811   -0.0033179246
  -0.0000000000   -0.0000000000   -0.0033041581
  -0.0001250789   -0.0000770507   -0.0034587376
  -0.0016802678    0.0035138048   -0.0020890095
   0.0000154922    0.0000003592   -0.0033442518
  -0.0000000000   -0.0000000000   -0.0033041581
   0.0001010837   -0.0000879557   -0.0034799250
  -0.0000063517    0.0000048424   -0.0033204849
  -0.0000000000   -0.0000000000   -0.0033041581
   0.0000297529   -0.0000028379   -0.0033267756
  -0.0002846763    0.0000986824   -0.0031561697
  -0.0000000000    0.0000000000   -0.0033041581
  -0.0000593310    0.0000233203   -0.0033525130
   0.0000885807   -0.0001154597   -0.0032525241
  -0.0000004605   -0.0000000504   -0.0033050550
  -0.0002254958    0.0000146909   -0.0035142759
   0.0032634471   -0.0008278999   -0.0030551954
   0.0000030233   -0.0000014743   -0.0033104924
  -0.0000000000   -0.0000000000   -0.0033041581
  -0.0000497645    0.0000497645   -0.0045544837
   0.0010099154   -0.0010099154   -0.0048633365
   0.0000004191   -0.0000004191   -0.0028910056
   0.0000000466   -0.0000000466   -0.0028900481
  -0.0008920320    0.0008920320   -0.0033466038
  -0.0000000264    0.0000000264   -0.0029017914
   0.0000000028   -0.0000000028   -0.0028897255
   0.0001540896   -0.0001540896   -0.0034973769
  -0.0000004003    0.0000004003   -0.0028908398
  -0.0000000021    0.0000000021   -0.0028897236
   0.0000076469   -0.0000076469   -0.0029323158
  -0.0000652000    0.0000652000   -0.0028917164
  -0.0000000471    0.0000000471   -0.0028900410
  -0.0001008829    0.0001008829   -0.0031964498
   0.0001613884   -0.0001613884   -0.0029624416
   0.0000000025   -0.0000000025   -0.0028897503
   0.0000000466    0.0000000471   -0.0028900446
  -0.0000425257    0.0001686859   -0.0035200580
   0.0000862323   -0.0004146740   -0.0030574012
   0.0000000542   -0.0000000073   -0.0028898645
   0.0001881522    0.0000425143   -0.0037629541
  -0.0012131821   -0.0006890861   -0.0041047339
  -0.0000000023   -0.0000013445   -0.0028944495
   0.0000000157   -0.0000000059   -0.0028897757
  -0.0001435485    0.0001104828   -0.0028346610
  -0.0000013458    0.0000000024   -0.0028939721
  -0.0000000025   -0.0000000024   -0.0028897246
   0.0000182016   -0.0000595702   -0.0030758138
   0.0000000073    0.0000000557   -0.0028898552
  -0.0000000064    0.0000000149   -0.0028897714
  -0.0000511275   -0.0000182089   -0.0030223213
   0.0001224953    0.0001040726   -0.0029270887
   0.0000003949    0.0000004245   -0.0028909227
   0.0000000061    0.0000000152   -0.0028897721
  -0.0000162027   -0.0000309486   -0.0031510280
   0.0000563130    0.0002365733   -0.0029460114
   0.0000000154    0.0000000062   -0.0028897750
   0.0001228068    0.0001321671   -0.0033469492
  -0.0001403994   -0.0003215775   -0.0029459981
  -0.0000000014   -0.0000000266   -0.0028905114
   0.0000309486    0.0000162027   -0.0031510280
  -0.0002365733   -0.0000563130   -0.0029460114
  -0.0000004245   -0.0000003949   -0.0028909227
  -0.0000000152   -0.0000000061   -0.0028897721
   0.0003215775    0.0001403994   -0.0029459981
   0.0000000266    0.0000000014   -0.0028905114
  -0.0000000062   -0.0000000154   -0.0028897750
  -0.0001321671   -0.0001228068   -0.0033469492
   0.0006890861    0.0012131821   -0.0041047339
   0.0000013445    0.0000000023   -0.0028944495
   0.0000000059   -0.0000000157   -0.0028897757
  -0.0000425143   -0.0001881522   -0.0037629541
  -0.0000000024    0.0000013458   -0.0028939721
   0.0000000024    0.0000000025   -0.0028897246
   0.0000595702   -0.0000182016   -0.0030758138
  -0.0001104828    0.0001435485   -0.0028346610
  -0.0000000149    0.0000000064   -0.0028897714
   0.0000182089    0.0000511275   -0.0030223213
  -0.0001040726   -0.0001224953   -0.0029270887
  -0.0000000557   -0.0000000073   -0.0028898552
  -0.0001686859    0.0000425257   -0.0035200580
   0.0004146740   -0.0000862323   -0.0030574012
   0.0000000073   -0.0000000542   -0.0028898645
  -0.0000000471   -0.0000000466   -0.0028900446
  -0.0000040030    0.0000040030   -0.0003857315
   0.0006378534   -0.0006378534    0.0091272655
   0.0000223614   -0.0000223614   -0.0001131949
  -0.0000000000   -0.0000000000   -0.0000000000
   0.0006754755   -0.0006754755    0.0090845103
  -0.0000040387    0.0000040387   -0.0003877572
   0.0000000000   -0.0000000000   -0.0000000000
   0.0000223071   -0.0000223071   -0.0001130403
  -0.0000180625    0.0000180625   -0.0000763966
   0.0000000000   -0.0000000000   -0.0000000000
   0.0000001942   -0.0000001942   -0.0000025259
   0.0000606055   -0.0000606055    0.0003564381
   0.0000000000    0.0000000000   -0.0000000000
  -0.0000180392    0.0000180392   -0.0000765179
   0.0000605347   -0.0000605347    0.0003568715
   0.0000001978   -0.0000001978   -0.0000025421
  -0.0000000000    0.0000000000   -0.0000000000
  -0.0000021926    0.0000368953   -0.0001709841
  -0.0000045242   -0.0001646754    0.0011723269
   0.0000053223   -0.0000014690   -0.0000272029
   0.0000373148    0.0000021895   -0.0002042091
  -0.0007697388    0.0007924247    0.0091058972
  -0.0000022094   -0.0000374274   -0.0002045952
   0.0000000000   -0.0000000000   -0.0000000000
   0.0001647653    0.0000045556    0.0011717970
  -0.0000370266    0.0000022063   -0.0001711259
  -0.0000000000   -0.0000000000   -0.0000000000
   0.0000014456   -0.0000052962   -0.0000271132
   0.0000014674    0.0000051609   -0.0000226969
  -0.0000000000   -0.0000000000   -0.0000000000
  -0.0000051370   -0.0000014472   -0.0000226584
   0.0000109074   -0.0000109789    0.0003566552
   0.0000188861    0.0000215364   -0.0000947877
   0.0000000000   -0.0000000000   -0.0000000000
  -0.0000003470   -0.0000034673   -0.0000569455
  -0.0000690924   -0.0000662572    0.0011721453
  -0.0000000000    0.0000000000   -0.0000000000
   0.0000188676    0.0000214801   -0.0000947873
  -0.0000691158   -0.0000661921    0.0011719815
  -0.0000003534   -0.0000035132   -0.0000570713
   0.0000034673    0.0000003470   -0.0000569455
   0.0000662572    0.0000690924    0.0011721453
  -0.0000215364   -0.0000188861   -0.0000947877
   0.0000000000   -0.0000000000   -0.0000000000
   0.0000661921    0.0000691158    0.0011719815
   0.0000035132    0.0000003534   -0.0000570713
  -0.0000000000   -0.0000000000   -0.0000000000
  -0.0000214801   -0.0000188676   -0.0000947873
  -0.0007924247    0.0007697388    0.0091058972
   0.0000374274    0.0000022094   -0.0002045952
  -0.0000000000   -0.0000000000   -0.0000000000
  -0.0000021895   -0.0000373148   -0.0002042091
  -0.0000022063    0.0000370266   -0.0001711259
  -0.0000000000   -0.0000000000   -0.0000000000
   0.0000052962   -0.0000014456   -0.0000271132
  -0.0000045556   -0.0001647653    0.0011717970
  -0.0000000000   -0.0000000000   -0.0000000000
   0.0000014472    0.0000051370   -0.0000226584
   0.0000109789   -0.0000109074    0.0003566552
  -0.0000051609   -0.0000014674   -0.0000226969
  -0.0000368953    0.0000021926   -0.0001709841
   0.0001646754    0.0000045242    0.0011723269
   0.0000014690   -0.0000053223   -0.0000272029
   0.0000000000   -0.0000000000   -0.0000000000
   0.0034691791    0.0016604654    0.0030535633
  -0.0000147170   -0.0001836913    0.0030666436
   0.0000000000    0.0000000000    0.0033041581
   0.0000052016   -0.0000067610    0.0032836642
  -0.0000689973    0.0001058063    0.0031929188
  -0.0000000000   -0.0000000000    0.0033041581
   0.0000000494   -0.0000005468    0.0033030819
   0.0003257776   -0.0005965091    0.0034241950
  -0.0000000000   -0.0000000000    0.0033041581
  -0.0000012268    0.0000021980    0.0032997035
  -0.0000564750   -0.0000883618    0.0033673235
   0.0000028636    0.0000233934    0.0032876020
  -0.0000003546    0.0000167159    0.0032665585
  -0.0007080067    0.0015254432    0.0040940750
   0.0000299326   -0.0001009887    0.0032227848
  -0.0000000000   -0.0000000000    0.0033041581
   0.0000049225    0.0000072094    0.0032849681
   0.0005434951    0.0024336953    0.0038268021
  -0.0000046918   -0.0001816659    0.0031720627
  -0.0000000000    0.0000000000    0.0033041581
   0.0004243285    0.0002088184    0.0035096252
  -0.0000799389   -0.0000816878    0.0031716967
  -0.0000000000    0.0000000000    0.0033041581
   0.0000002285   -0.0000013853    0.0032993495
   0.0000076344    0.0000362801    0.0032612502
  -0.0000000000   -0.0000000000    0.0033041581
  -0.0000014256   -0.0000026516    0.0032987243
  -0.0001797707   -0.0004011934    0.0034381375
   0.0000000000   -0.0000000000    0.0033041581
  -0.0000000803    0.0000069387    0.0032925963
  -0.0000986347   -0.0002601857    0.0035163305
   0.0000250826    0.0000766147    0.0032378635
   0.0000000000   -0.0000000000    0.0033041581
   0.0000012663    0.0000025512    0.0032988288
   0.0000386053   -0.0002600983    0.0035027475
  -0.0000046902    0.0001363718    0.0032001711
   0.0000002285    0.0000014801    0.0032996321
   0.0002450857    0.0004812771    0.0034384978
  -0.0000281362   -0.0000834461    0.0032410286
  -0.0000000000    0.0000000000    0.0033041581
  -0.0001743230    0.0002088672    0.0035632759
   0.0000076356   -0.0000300467    0.0032542127
  -0.0000000000    0.0000000000    0.0033041581
  -0.0000050864   -0.0000058687    0.0032865608
   0.0000770494    0.0001253013    0.0031502497
   0.0000000000   -0.0000000000    0.0033041581
  -0.0000000803   -0.0000082928    0.0032904461
  -0.0009877707   -0.0023624606    0.0038166642
  -0.0000147160    0.0002271012    0.0030950666
   0.0000000000    0.0000000000    0.0033041581
   0.0000014651   -0.0000030045    0.0032978503
   0.0008233995   -0.0032701439    0.0035502635
  -0.0000000000   -0.0000000000    0.0033041581
   0.0000000494    0.0000004576    0.0033032647
   0.0001158581   -0.0000883437    0.0033555322
  -0.0000232854    0.0000590901    0.0032561001
  -0.0000048071    0.0000063174    0.0032878657
  -0.0000991051    0.0002859629    0.0034524229
   0.0000028660   -0.0000298056    0.0032815652
  -0.0000000000    0.0000000000    0.0033041581
  -0.0035729699    0.0016645427    0.0044128965
   0.0000880001   -0.0001011683    0.0031290171
   0.0000000000    0.0000000000    0.0033041581
  -0.0000003544   -0.0000153767    0.0032642470
  -0.0016645427    0.0035729699    0.0044128965
   0.0001011683   -0.0000880001    0.0031290171
  -0.0000000000   -0.0000000000    0.0033041581
   0.0000153767    0.0000003544    0.0032642470
  -0.0002271012    0.0000147160    0.0030950666
   0.0000000000   -0.0000000000    0.0033041581
   0.0000030045   -0.0000014651    0.0032978503
   0.0032701439   -0.0008233995    0.0035502635
   0.0000000000    0.0000000000    0.0033041581
  -0.0000004576   -0.0000000494    0.0033032647
   0.0000883437   -0.0001158581    0.0033555322
  -0.0000590901    0.0000232854    0.0032561001
  -0.0000063174    0.0000048071    0.0032878657
  -0.0002859629    0.0000991051    0.0034524229
   0.0000298056   -0.0000028660    0.0032815652
  -0.0000000000    0.0000000000    0.0033041581
   0.0000058687    0.0000050864    0.0032865608
  -0.0002088672    0.0001743230    0.0035632759
   0.0000300467   -0.0000076356    0.0032542127
  -0.0000000000    0.0000000000    0.0033041581
   0.0023624606    0.0009877707    0.0038166642
  -0.0001253013   -0.0000770494    0.0031502497
   0.0000000000   -0.0000000000    0.0033041581
   0.0000082928    0.0000000803    0.0032904461
  -0.0001363718    0.0000046902    0.0032001711
   0.0000000000   -0.0000000000    0.0033041581
  -0.0000025512   -0.0000012663    0.0032988288
   0.0002600983   -0.0000386053    0.0035027475
  -0.0000000000    0.0000000000    0.0033041581
  -0.0000014801   -0.0000002285    0.0032996321
  -0.0004812771   -0.0002450857    0.0034384978
   0.0000834461    0.0000281362    0.0032410286
  -0.0000000000    0.0000000000    0.0033041581
   0.0000013853   -0.0000002285    0.0032993495
  -0.0002088184   -0.0004243285    0.0035096252
   0.0000816878    0.0000799389    0.0031716967
   0.0000026516    0.0000014256    0.0032987243
   0.0004011934    0.0001797707    0.0034381375
  -0.0000362801   -0.0000076344    0.0032612502
   0.0000000000    0.0000000000    0.0033041581
   0.0002601857    0.0000986347    0.0035163305
  -0.0000766147   -0.0000250826    0.0032378635
   0.0000000000   -0.0000000000    0.0033041581
  -0.0000069387    0.0000000803    0.0032925963
   0.0001816659    0.0000046918    0.0031720627
  -0.0000000000    0.0000000000    0.0033041581
  -0.0000072094   -0.0000049225    0.0032849681
  -0.0024336953   -0.0005434951    0.0038268021
   0.0001836913    0.0000147170    0.0030666436
   0.0000000000   -0.0000000000    0.0033041581
   0.0000067610   -0.0000052016    0.0032836642
  -0.0016604654   -0.0034691791    0.0030535633
   0.0000000000    0.0000000000    0.0033041581
   0.0000005468   -0.0000000494    0.0033030819
   0.0005965091   -0.0003257776    0.0034241950
  -0.0001058063    0.0000689973    0.0031929188
  -0.0000021980    0.0000012268    0.0032997035
   0.0000883618    0.0000564750    0.0033673235
  -0.0000233934   -0.0000028636    0.0032876020
   0.0000000000    0.0000000000    0.0033041581
  -0.0015254432    0.0007080067    0.0040940750
   0.0001009887   -0.0000299326    0.0032227848
  -0.0000000000   -0.0000000000    0.0033041581
  -0.0000167159    0.0000003546    0.0032665585
  -0.0000146909    0.0002254958   -0.0035142759
   0.0008278999   -0.0032634471   -0.0030551954
   0.0000014743   -0.0000030233   -0.0033104924
   0.0000000000    0.0000000000   -0.0033041581
  -0.0035138048    0.0016802678   -0.0020890095
  -0.0000003592   -0.0000154922   -0.0033442518
   0.0000000000    0.0000000000   -0.0033041581
   0.0000879557   -0.0001010837   -0.0034799250
  -0.0000048424    0.0000063517   -0.0033204849
   0.0000000000    0.0000000000   -0.0033041581
   0.0000028379   -0.0000297529   -0.0033267756
  -0.0000986824    0.0002846763   -0.0031561697
  -0.0000000000   -0.0000000000   -0.0033041581
  -0.0000233203    0.0000593310   -0.0033525130
   0.0001154597   -0.0000885807   -0.0032525241
   0.0000000504    0.0000004605   -0.0033050550
   0.0000000000   -0.0000000000   -0.0033041581
  -0.0000046770    0.0001364870   -0.0034085906
   0.0000382740   -0.0002604553   -0.0031055124
   0.0000012720    0.0000025631   -0.0033095011
   0.0000770507    0.0001250789   -0.0034587376
  -0.0009939791   -0.0023564621   -0.0027897887
  -0.0000000811   -0.0000083467   -0.0033179246
   0.0000000000    0.0000000000   -0.0033041581
  -0.0001744009    0.0002091007   -0.0030464809
  -0.0000051258   -0.0000058965   -0.0033218004
  -0.0000000000    0.0000000000   -0.0033041581
   0.0000076023   -0.0000300741   -0.0033543205
   0.0000002329    0.0000014909   -0.0033086995
   0.0000000000    0.0000000000   -0.0033041581
  -0.0000281709   -0.0000835721   -0.0033675852
   0.0002447725    0.0004802244   -0.0031701975
   0.0000049586    0.0000072587   -0.0033234134
   0.0000000000    0.0000000000   -0.0033041581
  -0.0000046753   -0.0001815606   -0.0034367043
   0.0005443529    0.0024248537   -0.0027785922
   0.0000000000   -0.0000000000   -0.0033041581
   0.0000251274    0.0000767993   -0.0033706902
  -0.0000982986   -0.0002603690   -0.0030919671
  -0.0000000811    0.0000069714   -0.0033157487
   0.0000076035    0.0000362472   -0.0033472941
  -0.0001792974   -0.0003998679   -0.0031705448
  -0.0000014349   -0.0000026649   -0.0033096078
  -0.0000000000    0.0000000000   -0.0033041581
   0.0004239273    0.0002091463   -0.0031001838
   0.0000002329   -0.0000013945   -0.0033089851
  -0.0000000000   -0.0000000000   -0.0033041581
  -0.0000798917   -0.0000816191   -0.0034372271
   0.0033331853    0.0016843157   -0.0033716922
   0.0000052422   -0.0000068032   -0.0033247299
   0.0000000000   -0.0000000000   -0.0033041581
  -0.0000146900   -0.0001822184   -0.0035429114
  -0.0000003590    0.0000168536   -0.0033419183
   0.0000000000   -0.0000000000   -0.0033041581
   0.0000299788   -0.0001010220   -0.0033857551
  -0.0007102803    0.0015184014   -0.0025140458
  -0.0000000000   -0.0000000000   -0.0033041581
   0.0000028404    0.0000234017   -0.0033207743
  -0.0000559706   -0.0000885636   -0.0032408169
  -0.0000012327    0.0000022049   -0.0033086172
  -0.0000689780    0.0001056291   -0.0034160293
   0.0003253599   -0.0005954115   -0.0031845564
   0.0000000504   -0.0000005510   -0.0033052405
  -0.0000000000    0.0000000000   -0.0033041581
  -0.0000497927    0.0000497927    0.0012138447
   0.0000000469   -0.0000000469    0.0028893836
   0.0000004146   -0.0000004146    0.0028884448
   0.0010044673   -0.0010044673    0.0009147492
  -0.0000000474    0.0000000474    0.0028893910
   0.0000000024   -0.0000000024    0.0028896846
   0.0001616720   -0.0001616720    0.0028165496
  -0.0001003709    0.0001003709    0.0025849327
  -0.0000003965    0.0000003965    0.0028886055
  -0.0000656520    0.0000656520    0.0028872601
   0.0000076914   -0.0000076914    0.0028473364
  -0.0000000021    0.0000000021    0.0028897109
  -0.0008904513    0.0008904513    0.0024246171
   0.0001534228   -0.0001534228    0.0022836282
   0.0000000028   -0.0000000028    0.0028897089
  -0.0000000257    0.0000000257    0.0028777512
   0.0006876808    0.0012069258    0.0016694359
  -0.0000425488   -0.0001877549    0.0020206555
   0.0000000060   -0.0000000159    0.0028896582
   0.0000013323    0.0000000022    0.0028850292
  -0.0001685490    0.0000425372    0.0022628251
  -0.0000000474   -0.0000000469    0.0028893873
   0.0000000070   -0.0000000534    0.0028895725
   0.0004159050   -0.0000868911    0.0027211177
  -0.0000000150    0.0000000064    0.0028896627
  -0.0000000549   -0.0000000070    0.0028895816
  -0.0001045103   -0.0001228341    0.0028519142
   0.0000182486    0.0000509364    0.0027579196
  -0.0000000022    0.0000013334    0.0028854964
  -0.0001110359    0.0001445380    0.0029443745
   0.0000593922   -0.0000182557    0.0027042063
   0.0000000024    0.0000000026    0.0028897099
   0.0000003912    0.0000004200    0.0028885252
   0.0000568555    0.0002377307    0.0028327447
  -0.0000162568   -0.0000309490    0.0026297703
   0.0000000062    0.0000000153    0.0028896620
   0.0003227857    0.0001410732    0.0028326915
  -0.0001315511   -0.0001222410    0.0024343160
  -0.0000000063   -0.0000000156    0.0028896589
   0.0000000257    0.0000000014    0.0028889323
   0.0000309490    0.0000162568    0.0026297703
  -0.0000000153   -0.0000000062    0.0028896620
  -0.0000004200   -0.0000003912    0.0028885252
  -0.0002377307   -0.0000568555    0.0028327447
   0.0000000156    0.0000000063    0.0028896589
  -0.0000000014   -0.0000000257    0.0028889323
  -0.0001410732   -0.0003227857    0.0028326915
   0.0001222410    0.0001315511    0.0024343160
   0.0000000469    0.0000000474    0.0028893873
   0.0000000534   -0.0000000070    0.0028895725
   0.0000868911   -0.0004159050    0.0027211177
  -0.0000425372    0.0001685490    0.0022628251
   0.0000000070    0.0000000549    0.0028895816
   0.0001228341    0.0001045103    0.0028519142
  -0.0000509364   -0.0000182486    0.0027579196
  -0.0000000064    0.0000000150    0.0028896627
  -0.0001445380    0.0001110359    0.0029443745
   0.0000182557   -0.0000593922    0.0027042063
  -0.0000000026   -0.0000000024    0.0028897099
  -0.0000013334    0.0000000022    0.0028854964
   0.0001877549    0.0000425488    0.0020206555
   0.0000000159   -0.0000000060    0.0028896582
  -0.0000000022   -0.0000013323    0.0028850292
  -0.0012069258   -0.0006876808    0.0016694359

65   
  0.0018497235696319  -0.0018497235696319  -0.0096517897527814
  -0.0005636397    0.0005636397   -0.0108958382
   0.0000019262   -0.0000019262   -0.0014921872
   0.0000000124   -0.0000000124   -0.0014847556
   0.0001496954   -0.0001496954   -0.0024619532
  -0.0000019449    0.0000019449   -0.0014916945
   0.0000000000   -0.0000000000   -0.0014846875
   0.0000812786   -0.0000812786   -0.0016075454
  -0.0002789504    0.0002789504   -0.0016368760
  -0.0000000120    0.0000000120   -0.0014847464
  -0.0000409612    0.0000409612   -0.0015406298
   0.0000321462   -0.0000321462   -0.0015280326
  -0.0000000633    0.0000000633   -0.0014848481
  -0.0001941224    0.0001941224   -0.0020586190
   0.0005528786   -0.0005528786   -0.0018520471
   0.0000000802   -0.0000000802   -0.0014849158
  -0.0000000006    0.0000000006   -0.0014853250
   0.0001424266    0.0002013918   -0.0022602733
  -0.0001972869   -0.0012805567   -0.0024185220
   0.0000005111   -0.0000007954   -0.0014864785
   0.0000000468    0.0000000001   -0.0014849078
  -0.0009346096    0.0001973278   -0.0020714918
  -0.0000020201   -0.0000018510   -0.0014919409
   0.0000000004   -0.0000000018   -0.0014847012
   0.0001702324   -0.0000594049   -0.0018088354
  -0.0000006862    0.0000004646   -0.0014861804
  -0.0000000019   -0.0000000004   -0.0014846997
  -0.0000569622   -0.0000652582   -0.0015740765
   0.0000655187    0.0001433095   -0.0015309399
  -0.0000000001    0.0000000473   -0.0014848912
  -0.0000673079    0.0000954761   -0.0016572837
   0.0001833694   -0.0000655004   -0.0015702119
   0.0000000762    0.0000000673   -0.0014848819
   0.0000000116    0.0000000129   -0.0014847510
   0.0000432407    0.0001155743   -0.0017215130
  -0.0000731027   -0.0001049295   -0.0015646959
   0.0000004514    0.0000007046   -0.0014862254
   0.0001501182    0.0000834888   -0.0017445813
  -0.0004177709   -0.0004140634   -0.0017444754
  -0.0000005243   -0.0000007771   -0.0014864336
   0.0000000011   -0.0000000000   -0.0014847461
   0.0001049295    0.0000731027   -0.0015646959
  -0.0000007046   -0.0000004514   -0.0014862254
  -0.0000000129   -0.0000000116   -0.0014847510
  -0.0001155743   -0.0000432407   -0.0017215130
   0.0000007771    0.0000005243   -0.0014864336
   0.0000000000   -0.0000000011   -0.0014847461
  -0.0000834888   -0.0001501182   -0.0017445813
   0.0004140634    0.0004177709   -0.0017444754
   0.0000018510    0.0000020201   -0.0014919409
   0.0000000018   -0.0000000004   -0.0014847012
   0.0000594049   -0.0001702324   -0.0018088354
  -0.0001973278    0.0009346096   -0.0020714918
   0.0000000004    0.0000000019   -0.0014846997
   0.0000652582    0.0000569622   -0.0015740765
  -0.0001433095   -0.0000655187   -0.0015309399
  -0.0000004646    0.0000006862   -0.0014861804
  -0.0000954761    0.0000673079   -0.0016572837
   0.0000655004   -0.0001833694   -0.0015702119
  -0.0000000673   -0.0000000762   -0.0014848819
  -0.0000000473    0.0000000001   -0.0014848912
   0.0012805567    0.0001972869   -0.0024185220
   0.0000007954   -0.0000005111   -0.0014864785
  -0.0000000001   -0.0000000468   -0.0014849078
  -0.0002013918   -0.0001424266   -0.0022602733
  -0.0096692338    0.0096692338    0.0561912688
   0.0000383760   -0.0000383760   -0.0001612524
   0.0000000000    0.0000000000    0.0000000000
   0.0000386074   -0.0000386074   -0.0001616405
  -0.0000427262    0.0000427262   -0.0001301587
  -0.0000000000    0.0000000000    0.0000000000
   0.0000107810   -0.0000107810   -0.0000205766
   0.0003460925   -0.0003460925    0.0009377126
  -0.0000000000    0.0000000000    0.0000000000
  -0.0000071374    0.0000071374   -0.0000136883
   0.0000476832   -0.0000476832    0.0001669996
  -0.0000071295    0.0000071295   -0.0000136848
  -0.0000430183    0.0000430183   -0.0001303600
   0.0003473710   -0.0003473710    0.0009379377
   0.0000107349   -0.0000107349   -0.0000205118
  -0.0000000000   -0.0000000000    0.0000000000
   0.0000363325    0.0000452962   -0.0001459961
  -0.0005078191   -0.0016389132    0.0025685796
   0.0000153716   -0.0000314586   -0.0000628489
   0.0000000000   -0.0000000000    0.0000000000
   0.0016180776    0.0005094013    0.0025756051
  -0.0000449999   -0.0000360993   -0.0001457097
  -0.0000000000    0.0000000000    0.0000000000
   0.0000315429   -0.0000154240   -0.0000629287
  -0.0000224949    0.0000150008   -0.0000467224
  -0.0000000000   -0.0000000000    0.0000000000
  -0.0000087237   -0.0000091930   -0.0000171314
   0.0000903783   -0.0000232879    0.0003724563
  -0.0000000000    0.0000000000    0.0000000000
  -0.0000150530    0.0000225030   -0.0000466958
   0.0000237344   -0.0000903739    0.0003723616
   0.0000091628    0.0000087034   -0.0000170993
   0.0000000000    0.0000000000    0.0000000000
   0.0000129880    0.0000249313   -0.0000525402
  -0.0000903082   -0.0001444387    0.0005014761
   0.0000129590    0.0000249147   -0.0000525393
   0.0000291114    0.0000174909   -0.0000570792
  -0.0000183044    0.0000159455    0.0009378256
  -0.0000174115   -0.0000290420   -0.0000570373
  -0.0000000000   -0.0000000000    0.0000000000
   0.0001444387    0.0000903082    0.0005014761
  -0.0000249147   -0.0000129590   -0.0000525393
  -0.0000000000    0.0000000000    0.0000000000
  -0.0000249313   -0.0000129880   -0.0000525402
   0.0000290420    0.0000174115   -0.0000570373
   0.0000000000   -0.0000000000    0.0000000000
  -0.0000174909   -0.0000291114   -0.0000570792
  -0.0000159455    0.0000183044    0.0009378256
   0.0000360993    0.0000449999   -0.0001457097
  -0.0000000000    0.0000000000    0.0000000000
   0.0000154240   -0.0000315429   -0.0000629287
  -0.0005094013   -0.0016180776    0.0025756051
   0.0000000000    0.0000000000    0.0000000000
   0.0000091930    0.0000087237   -0.0000171314
   0.0000232879   -0.0000903783    0.0003724563
  -0.0000150008    0.0000224949   -0.0000467224
  -0.0000225030    0.0000150530   -0.0000466958
   0.0000903739   -0.0000237344    0.0003723616
  -0.0000087034   -0.0000091628   -0.0000170993
   0.0000000000   -0.0000000000    0.0000000000
   0.0016389132    0.0005078191    0.0025685796
   0.0000314586   -0.0000153716   -0.0000628489
   0.0000000000    0.0000000000    0.0000000000
  -0.0000452962   -0.0000363325   -0.0001459961
  -0.0005713753    0.0005713753   -0.0080635407
   0.0001487012   -0.0001487012    0.0005024672
   0.0000000122   -0.0000000122    0.0014846189
   0.0000019454   -0.0000019454    0.0014771162
  -0.0001931122    0.0001931122    0.0009064846
  -0.0000000005    0.0000000005    0.0014840573
   0.0000000823   -0.0000000823    0.0014844538
   0.0005502020   -0.0005502020    0.0011164265
  -0.0000000118    0.0000000118    0.0014846277
  -0.0000000647    0.0000000647    0.0014845234
   0.0000322513   -0.0000322513    0.0014414984
  -0.0000411695    0.0000411695    0.0014282478
  -0.0000019650    0.0000019650    0.0014776203
  -0.0002770312    0.0002770312    0.0013324238
   0.0000812947   -0.0000812947    0.0013615931
   0.0000000000   -0.0000000000    0.0014846859
   0.0000018685    0.0000020419    0.0014773683
  -0.0001974377    0.0009313813    0.0008969670
   0.0000596528   -0.0001705709    0.0011591798
   0.0000000018   -0.0000000004    0.0014846724
   0.0012770040    0.0001974775    0.0005494228
  -0.0002005449   -0.0001412675    0.0007044629
  -0.0000000001   -0.0000000462    0.0014844686
   0.0000008052   -0.0000005166    0.0014828755
  -0.0000959130    0.0000674474    0.0013106759
  -0.0000000467    0.0000000001    0.0014844848
  -0.0000000690   -0.0000000780    0.0014844886
   0.0000655846   -0.0001827028    0.0013994173
   0.0000000004    0.0000000019    0.0014846738
  -0.0000004689    0.0000006929    0.0014831805
  -0.0001426032   -0.0000655671    0.0014386460
   0.0000653652    0.0000571185    0.0013949094
   0.0000000114    0.0000000127    0.0014846233
   0.0000004553    0.0000007119    0.0014831343
  -0.0000732504   -0.0001049393    0.0014048890
   0.0000434616    0.0001160069    0.0012465481
   0.0000007862    0.0000005302    0.0014829217
   0.0004120468    0.0004151754    0.0012244416
  -0.0000836216   -0.0001504927    0.0012232824
   0.0000000000   -0.0000000010    0.0014846279
   0.0001049393    0.0000732504    0.0014048890
  -0.0001160069   -0.0000434616    0.0012465481
  -0.0000000127   -0.0000000114    0.0014846233
  -0.0000007119   -0.0000004553    0.0014831343
   0.0001504927    0.0000836216    0.0012232824
   0.0000000010   -0.0000000000    0.0014846279
  -0.0000005302   -0.0000007862    0.0014829217
  -0.0004151754   -0.0004120468    0.0012244416
   0.0001412675    0.0002005449    0.0007044629
   0.0000000462    0.0000000001    0.0014844686
   0.0000005166   -0.0000008052    0.0014828755
  -0.0001974775   -0.0012770040    0.0005494228
  -0.0000000001    0.0000000467    0.0014844848
   0.0000000780    0.0000000690    0.0014844886
   0.0001827028   -0.0000655846    0.0013994173
  -0.0000674474    0.0000959130    0.0013106759
  -0.0000006929    0.0000004689    0.0014831805
   0.0000655671    0.0001426032    0.0014386460
  -0.0000571185   -0.0000653652    0.0013949094
  -0.0000000019   -0.0000000004    0.0014846738
  -0.0009313813    0.0001974377    0.0008969670
   0.0001705709   -0.0000596528    0.0011591798
   0.0000000004   -0.0000000018    0.0014846724
  -0.0000020419   -0.0000018685    0.0014773683
  -0.0000317138    0.0000317138    0.0038743712
   0.0000000000   -0.0000000000    0.0050364265
   0.0000052555   -0.0000052555    0.0050065890
   0.0125553766   -0.0125553766    0.0005769023
  -0.0000000000    0.0000000000    0.0050364265
   0.0000000826   -0.0000000826    0.0050354532
   0.0004641316   -0.0004641316    0.0051889185
  -0.0001217357    0.0001217357    0.0047958404
  -0.0000046719    0.0000046719    0.0050151814
  -0.0001174711    0.0001174711    0.0052653805
   0.0000031061   -0.0000031061    0.0050230417
   0.0000000000   -0.0000000000    0.0050364265
  -0.0081547712    0.0081547712    0.0087073667
   0.0001571836   -0.0001571836    0.0046125817
  -0.0000000000    0.0000000000    0.0050364265
  -0.0000006722    0.0000006722    0.0048906846
   0.0085112352    0.0121891766    0.0046529395
  -0.0000233940   -0.0002531708    0.0043558657
  -0.0000000000    0.0000000000    0.0050364265
   0.0000137502    0.0000002802    0.0049707941
  -0.0002421897    0.0000234191    0.0045206114
  -0.0000000000   -0.0000000000    0.0050364265
   0.0000002465   -0.0000015358    0.0050298045
   0.0018949231   -0.0002006783    0.0056276427
   0.0000000000   -0.0000000000    0.0050364265
  -0.0000014795   -0.0000002463    0.0050308089
  -0.0002674345   -0.0003141376    0.0052271360
   0.0000122104    0.0000446985    0.0049498082
  -0.0000002801    0.0000137104    0.0049804036
  -0.0002641060    0.0006237845    0.0057698245
   0.0000480974   -0.0000121992    0.0049245757
  -0.0000000000   -0.0000000000    0.0050364265
   0.0000047411    0.0000051863    0.0050108872
   0.0000747705    0.0010915643    0.0057077465
  -0.0000065498   -0.0000240504    0.0048724262
  -0.0000000000   -0.0000000000    0.0050364265
   0.0014268936    0.0003899970    0.0056897853
  -0.0001460804   -0.0001328511    0.0047041733
   0.0000000000    0.0000000000    0.0050364265
   0.0000006733    0.0000001280    0.0050203094
   0.0000240504    0.0000065498    0.0048724262
   0.0000000000    0.0000000000    0.0050364265
  -0.0000051863   -0.0000047411    0.0050108872
  -0.0010915643   -0.0000747705    0.0057077465
  -0.0000000000   -0.0000000000    0.0050364265
  -0.0000001280   -0.0000006733    0.0050203094
  -0.0003899970   -0.0014268936    0.0056897853
   0.0001328511    0.0001460804    0.0047041733
   0.0000000000    0.0000000000    0.0050364265
   0.0000015358   -0.0000002465    0.0050298045
   0.0002006783   -0.0018949231    0.0056276427
  -0.0000234191    0.0002421897    0.0045206114
   0.0000002463    0.0000014795    0.0050308089
   0.0003141376    0.0002674345    0.0052271360
  -0.0000446985   -0.0000122104    0.0049498082
   0.0000000000   -0.0000000000    0.0050364265
  -0.0006237845    0.0002641060    0.0057698245
   0.0000121992   -0.0000480974    0.0049245757
   0.0000000000    0.0000000000    0.0050364265
  -0.0000137104    0.0000002801    0.0049804036
   0.0002531708    0.0000233940    0.0043558657
  -0.0000000000    0.0000000000    0.0050364265
  -0.0000002802   -0.0000137502    0.0049707941
  -0.0121891766   -0.0085112352    0.0046529395
  -0.0000319322    0.0000319322   -0.0062001658
   0.0124016194   -0.0124016194   -0.0094337197
   0.0000052155   -0.0000052155   -0.0050661226
   0.0000000000   -0.0000000000   -0.0050364266
  -0.0081564481    0.0081564481   -0.0014082459
  -0.0000006619    0.0000006619   -0.0051811673
  -0.0000000000    0.0000000000   -0.0050364265
   0.0001575115   -0.0001575115   -0.0054597049
  -0.0000046404    0.0000046404   -0.0050576307
   0.0000000000   -0.0000000000   -0.0050364265
   0.0000031394   -0.0000031394   -0.0050498157
  -0.0001183653    0.0001183653   -0.0048078272
  -0.0000000000    0.0000000000   -0.0050364266
  -0.0001218635    0.0001218635   -0.0052757371
   0.0004643140   -0.0004643140   -0.0048850593
   0.0000000815   -0.0000000815   -0.0050373956
   0.0000000000    0.0000000000   -0.0050364266
  -0.0000235751    0.0002434324   -0.0055505320
   0.0002004375   -0.0018988025   -0.0044447363
   0.0000015257   -0.0000002415   -0.0050430104
   0.0002543494    0.0000236004   -0.0057155457
  -0.0120958279   -0.0084715288   -0.0054315672
  -0.0000002771   -0.0000136339   -0.0051017484
  -0.0000000000    0.0000000000   -0.0050364265
  -0.0006274052    0.0002639671   -0.0043018691
  -0.0000135925    0.0000002772   -0.0050922560
   0.0000000000    0.0000000000   -0.0050364265
   0.0000123385   -0.0000481808   -0.0051482822
   0.0000002417    0.0000014705   -0.0050420207
   0.0000000000   -0.0000000000   -0.0050364265
  -0.0000447572   -0.0000123273   -0.0051228558
   0.0003145822    0.0002681292   -0.0048464296
   0.0000047109    0.0000051451   -0.0050618787
  -0.0000000000   -0.0000000000   -0.0050364265
  -0.0000066093   -0.0000242681   -0.0052000282
   0.0000748795    0.0010960152   -0.0043643351
  -0.0000000000   -0.0000000000   -0.0050364265
   0.0001329914    0.0001463713   -0.0053676839
  -0.0003895395   -0.0014304622   -0.0043823330
  -0.0000001260   -0.0000006592   -0.0050524639
   0.0000242681    0.0000066093   -0.0052000282
  -0.0010960152   -0.0000748795   -0.0043643351
  -0.0000051451   -0.0000047109   -0.0050618787
   0.0000000000    0.0000000000   -0.0050364265
   0.0014304622    0.0003895395   -0.0043823330
   0.0000006592    0.0000001260   -0.0050524639
   0.0000000000    0.0000000000   -0.0050364265
  -0.0001463713   -0.0001329914   -0.0053676839
   0.0084715288    0.0120958279   -0.0054315672
   0.0000136339    0.0000002771   -0.0051017484
  -0.0000000000    0.0000000000   -0.0050364265
  -0.0000236004   -0.0002543494   -0.0057155457
  -0.0000002772    0.0000135925   -0.0050922560
  -0.0000000000   -0.0000000000   -0.0050364265
   0.0000481808   -0.0000123385   -0.0051482822
  -0.0002639671    0.0006274052   -0.0043018691
   0.0000000000   -0.0000000000   -0.0050364265
   0.0000123273    0.0000447572   -0.0051228558
  -0.0002681292   -0.0003145822   -0.0048464296
  -0.0000014705   -0.0000002417   -0.0050420207
  -0.0002434324    0.0000235751   -0.0055505320
   0.0018988025   -0.0002004375   -0.0044447363
   0.0000002415   -0.0000015257   -0.0050430104
  -0.0000000000   -0.0000000000   -0.0050364266
  -0.0001836913   -0.0000147170   -0.0030666436
   0.0016604654    0.0034691791   -0.0030535633
  -0.0000067610    0.0000052016   -0.0032836642
   0.0000000000    0.0000000000   -0.0033041581
   0.0015254432   -0.0007080067   -0.0040940750
   0.0000167159   -0.0000003546   -0.0032665585
  -0.0000000000    0.0000000000   -0.0033041581
  -0.0001009887    0.0000299326   -0.0032227848
   0.0000021980   -0.0000012268   -0.0032997035
  -0.0000000000   -0.0000000000   -0.0033041581
   0.0000233934    0.0000028636   -0.0032876020
  -0.0000883618   -0.0000564750   -0.0033673235
   0.0000000000   -0.0000000000   -0.0033041581
   0.0001058063   -0.0000689973   -0.0031929188
  -0.0005965091    0.0003257776   -0.0034241950
  -0.0000005468    0.0000000494   -0.0033030819
  -0.0000000000   -0.0000000000   -0.0033041581
  -0.0000816878   -0.0000799389   -0.0031716967
   0.0002088184    0.0004243285   -0.0035096252
  -0.0000013853    0.0000002285   -0.0032993495
  -0.0001816659   -0.0000046918   -0.0031720627
   0.0024336953    0.0005434951   -0.0038268021
   0.0000072094    0.0000049225   -0.0032849681
  -0.0000000000    0.0000000000   -0.0033041581
  -0.0002601857   -0.0000986347   -0.0035163305
   0.0000069387   -0.0000000803   -0.0032925963
  -0.0000000000    0.0000000000   -0.0033041581
   0.0000766147    0.0000250826   -0.0032378635
  -0.0000026516   -0.0000014256   -0.0032987243
  -0.0000000000   -0.0000000000   -0.0033041581
   0.0000362801    0.0000076344   -0.0032612502
  -0.0004011934   -0.0001797707   -0.0034381375
  -0.0000058687   -0.0000050864   -0.0032865608
   0.0000000000   -0.0000000000   -0.0033041581
  -0.0000300467    0.0000076356   -0.0032542127
   0.0002088672   -0.0001743230   -0.0035632759
  -0.0000000000   -0.0000000000   -0.0033041581
  -0.0000834461   -0.0000281362   -0.0032410286
   0.0004812771    0.0002450857   -0.0034384978
   0.0000014801    0.0000002285   -0.0032996321
   0.0001363718   -0.0000046902   -0.0032001711
  -0.0002600983    0.0000386053   -0.0035027475
   0.0000025512    0.0000012663   -0.0032988288
  -0.0000000000    0.0000000000   -0.0033041581
  -0.0023624606   -0.0009877707   -0.0038166642
  -0.0000082928   -0.0000000803   -0.0032904461
  -0.0000000000    0.0000000000   -0.0033041581
   0.0001253013    0.0000770494   -0.0031502497
   0.0016645427   -0.0035729699   -0.0044128965
  -0.0000153767   -0.0000003544   -0.0032642470
  -0.0000000000    0.0000000000   -0.0033041581
  -0.0001011683    0.0000880001   -0.0031290171
   0.0000063174   -0.0000048071   -0.0032878657
  -0.0000000000   -0.0000000000   -0.0033041581
  -0.0000298056    0.0000028660   -0.0032815652
   0.0002859629   -0.0000991051   -0.0034524229
  -0.0000000000   -0.0000000000   -0.0033041581
   0.0000590901   -0.0000232854   -0.0032561001
  -0.0000883437    0.0001158581   -0.0033555322
   0.0000004576    0.0000000494   -0.0033032647
   0.0002271012   -0.0000147160   -0.0030950666
  -0.0032701439    0.0008233995   -0.0035502635
  -0.0000030045    0.0000014651   -0.0032978503
  -0.0000000000    0.0000000000   -0.0033041581
   0.0000497927   -0.0000497927   -0.0012138447
  -0.0010044673    0.0010044673   -0.0009147492
  -0.0000004146    0.0000004146   -0.0028884448
  -0.0000000469    0.0000000469   -0.0028893836
   0.0008904513   -0.0008904513   -0.0024246171
   0.0000000257   -0.0000000257   -0.0028777512
  -0.0000000028    0.0000000028   -0.0028897089
  -0.0001534228    0.0001534228   -0.0022836282
   0.0000003965   -0.0000003965   -0.0028886055
   0.0000000021   -0.0000000021   -0.0028897109
  -0.0000076914    0.0000076914   -0.0028473364
   0.0000656520   -0.0000656520   -0.0028872601
   0.0000000474   -0.0000000474   -0.0028893910
   0.0001003709   -0.0001003709   -0.0025849327
  -0.0001616720    0.0001616720   -0.0028165496
  -0.0000000024    0.0000000024   -0.0028896846
  -0.0000000469   -0.0000000474   -0.0028893873
   0.0000425372   -0.0001685490   -0.0022628251
  -0.0000868911    0.0004159050   -0.0027211177
  -0.0000000534    0.0000000070   -0.0028895725
  -0.0001877549   -0.0000425488   -0.0020206555
   0.0012069258    0.0006876808   -0.0016694359
   0.0000000022    0.0000013323   -0.0028850292
  -0.0000000159    0.0000000060   -0.0028896582
   0.0001445380   -0.0001110359   -0.0029443745
   0.0000013334   -0.0000000022   -0.0028854964
   0.0000000026    0.0000000024   -0.0028897099
  -0.0000182557    0.0000593922   -0.0027042063
  -0.0000000070   -0.0000000549   -0.0028895816
   0.0000000064   -0.0000000150   -0.0028896627
   0.0000509364    0.0000182486   -0.0027579196
  -0.0001228341   -0.0001045103   -0.0028519142
  -0.0000003912   -0.0000004200   -0.0028885252
  -0.0000000062   -0.0000000153   -0.0028896620
   0.0000162568    0.0000309490   -0.0026297703
  -0.0000568555   -0.0002377307   -0.0028327447
  -0.0000000156   -0.0000000063   -0.0028896589
  -0.0001222410   -0.0001315511   -0.0024343160
   0.0001410732    0.0003227857   -0.0028326915
   0.0000000014    0.0000000257   -0.0028889323
  -0.0000309490   -0.0000162568   -0.0026297703
   0.0002377307    0.0000568555   -0.0028327447
   0.0000004200    0.0000003912   -0.0028885252
   0.0000000153    0.0000000062   -0.0028896620
  -0.0003227857   -0.0001410732   -0.0028326915
  -0.0000000257   -0.0000000014   -0.0028889323
   0.0000000063    0.0000000156   -0.0028896589
   0.0001315511    0.0001222410   -0.0024343160
  -0.0006876808   -0.0012069258   -0.0016694359
  -0.0000013323   -0.0000000022   -0.0028850292
  -0.0000000060    0.0000000159   -0.0028896582
   0.0000425488    0.0001877549   -0.0020206555
   0.0000000022   -0.0000013334   -0.0028854964
  -0.0000000024   -0.0000000026   -0.0028897099
  -0.0000593922    0.0000182557   -0.0027042063
   0.0001110359   -0.0001445380   -0.0029443745
   0.0000000150   -0.0000000064   -0.0028896627
  -0.0000182486   -0.0000509364   -0.0027579196
   0.0001045103    0.0001228341   -0.0028519142
   0.0000000549    0.0000000070   -0.0028895816
   0.0001685490   -0.0000425372   -0.0022628251
  -0.0004159050    0.0000868911   -0.0027211177
  -0.0000000070    0.0000000534   -0.0028895725
   0.0000000474    0.0000000469   -0.0028893873
   0.0000040387   -0.0000040387    0.0003877572
  -0.0006754755    0.0006754755   -0.0090845103
  -0.0000223071    0.0000223071    0.0001130403
  -0.0000000000   -0.0000000000   -0.0000000000
  -0.0006378534    0.0006378534   -0.0091272655
   0.0000040030   -0.0000040030    0.0003857315
   0.0000000000   -0.0000000000   -0.0000000000
  -0.0000223614    0.0000223614    0.0001131949
   0.0000180392   -0.0000180392    0.0000765179
   0.0000000000   -0.0000000000   -0.0000000000
  -0.0000001978    0.0000001978    0.0000025421
  -0.0000605347    0.0000605347   -0.0003568715
   0.0000000000    0.0000000000   -0.0000000000
   0.0000180625   -0.0000180625    0.0000763966
  -0.0000606055    0.0000606055   -0.0003564381
  -0.0000001942    0.0000001942    0.0000025259
  -0.0000000000    0.0000000000   -0.0000000000
   0.0000022063   -0.0000370266    0.0001711259
   0.0000045556    0.0001647653   -0.0011717970
  -0.0000052962    0.0000014456    0.0000271132
  -0.0000374274   -0.0000022094    0.0002045952
   0.0007924247   -0.0007697388   -0.0091058972
   0.0000021895    0.0000373148    0.0002042091
   0.0000000000   -0.0000000000   -0.0000000000
  -0.0001646754   -0.0000045242   -0.0011723269
   0.0000368953   -0.0000021926    0.0001709841
  -0.0000000000   -0.0000000000   -0.0000000000
  -0.0000014690    0.0000053223    0.0000272029
  -0.0000014472   -0.0000051370    0.0000226584
  -0.0000000000   -0.0000000000   -0.0000000000
   0.0000051609    0.0000014674    0.0000226969
  -0.0000109789    0.0000109074   -0.0003566552
  -0.0000188676   -0.0000214801    0.0000947873
   0.0000000000   -0.0000000000   -0.0000000000
   0.0000003534    0.0000035132    0.0000570713
   0.0000691158    0.0000661921   -0.0011719815
  -0.0000000000    0.0000000000   -0.0000000000
  -0.0000188861   -0.0000215364    0.0000947877
   0.0000690924    0.0000662572   -0.0011721453
   0.0000003470    0.0000034673    0.0000569455
  -0.0000035132   -0.0000003534    0.0000570713
  -0.0000661921   -0.0000691158   -0.0011719815
   0.0000214801    0.0000188676    0.0000947873
   0.0000000000   -0.0000000000   -0.0000000000
  -0.0000662572   -0.0000690924   -0.0011721453
  -0.0000034673   -0.0000003470    0.0000569455
  -0.0000000000   -0.0000000000   -0.0000000000
   0.0000215364    0.0000188861    0.0000947877
   0.0007697388   -0.0007924247   -0.0091058972
  -0.0000373148   -0.0000021895    0.0002042091
  -0.0000000000   -0.0000000000   -0.0000000000
   0.0000022094    0.0000374274    0.0002045952
   0.0000021926   -0.0000368953    0.0001709841
  -0.0000000000   -0.0000000000   -0.0000000000
  -0.0000053223    0.0000014690    0.0000272029
   0.0000045242    0.0001646754   -0.0011723269
  -0.0000000000   -0.0000000000   -0.0000000000
  -0.0000014674   -0.0000051609    0.0000226969
  -0.0000109074    0.0000109789   -0.0003566552
   0.0000051370    0.0000014472    0.0000226584
   0.0000370266   -0.0000022063    0.0001711259
  -0.0001647653   -0.0000045556   -0.0011717970
  -0.0000014456    0.0000052962    0.0000271132
   0.0000000000   -0.0000000000   -0.0000000000
  -0.0033331853   -0.0016843157    0.0033716922
   0.0000146900    0.0001822184    0.0035429114
  -0.0000000000   -0.0000000000    0.0033041581
  -0.0000052422    0.0000068032    0.0033247299
   0.0000689780   -0.0001056291    0.0034160293
   0.0000000000   -0.0000000000    0.0033041581
  -0.0000000504    0.0000005510    0.0033052405
  -0.0003253599    0.0005954115    0.0031845564
   0.0000000000    0.0000000000    0.0033041581
   0.0000012327   -0.0000022049    0.0033086172
   0.0000559706    0.0000885636    0.0032408169
  -0.0000028404   -0.0000234017    0.0033207743
   0.0000003590   -0.0000168536    0.0033419183
   0.0007102803   -0.0015184014    0.0025140458
  -0.0000299788    0.0001010220    0.0033857551
  -0.0000000000   -0.0000000000    0.0033041581
  -0.0000049586   -0.0000072587    0.0033234134
  -0.0005443529   -0.0024248537    0.0027785922
   0.0000046753    0.0001815606    0.0034367043
  -0.0000000000    0.0000000000    0.0033041581
  -0.0004239273   -0.0002091463    0.0031001838
   0.0000798917    0.0000816191    0.0034372271
   0.0000000000   -0.0000000000    0.0033041581
  -0.0000002329    0.0000013945    0.0033089851
  -0.0000076035   -0.0000362472    0.0033472941
   0.0000000000   -0.0000000000    0.0033041581
   0.0000014349    0.0000026649    0.0033096078
   0.0001792974    0.0003998679    0.0031705448
  -0.0000000000    0.0000000000    0.0033041581
   0.0000000811   -0.0000069714    0.0033157487
   0.0000982986    0.0002603690    0.0030919671
  -0.0000251274   -0.0000767993    0.0033706902
  -0.0000000000    0.0000000000    0.0033041581
  -0.0000012720   -0.0000025631    0.0033095011
  -0.0000382740    0.0002604553    0.0031055124
   0.0000046770   -0.0001364870    0.0034085906
  -0.0000002329   -0.0000014909    0.0033086995
  -0.0002447725   -0.0004802244    0.0031701975
   0.0000281709    0.0000835721    0.0033675852
  -0.0000000000    0.0000000000    0.0033041581
   0.0001744009   -0.0002091007    0.0030464809
  -0.0000076023    0.0000300741    0.0033543205
   0.0000000000   -0.0000000000    0.0033041581
   0.0000051258    0.0000058965    0.0033218004
  -0.0000770507   -0.0001250789    0.0034587376
  -0.0000000000   -0.0000000000    0.0033041581
   0.0000000811    0.0000083467    0.0033179246
   0.0009939791    0.0023564621    0.0027897887
   0.0000146909   -0.0002254958    0.0035142759
  -0.0000000000   -0.0000000000    0.0033041581
  -0.0000014743    0.0000030233    0.0033104924
  -0.0008278999    0.0032634471    0.0030551954
   0.0000000000    0.0000000000    0.0033041581
  -0.0000000504   -0.0000004605    0.0033050550
  -0.0001154597    0.0000885807    0.0032525241
   0.0000233203   -0.0000593310    0.0033525130
   0.0000048424   -0.0000063517    0.0033204849
   0.0000986824   -0.0002846763    0.0031561697
  -0.0000028379    0.0000297529    0.0033267756
  -0.0000000000    0.0000000000    0.0033041581
   0.0035138048   -0.0016802678    0.0020890095
  -0.0000879557    0.0001010837    0.0034799250
  -0.0000000000   -0.0000000000    0.0033041581
   0.0000003592    0.0000154922    0.0033442518
   0.0016802678   -0.0035138048    0.0020890095
  -0.0001010837    0.0000879557    0.0034799250
   0.0000000000    0.0000000000    0.0033041581
  -0.0000154922   -0.0000003592    0.0033442518
   0.0002254958   -0.0000146909    0.0035142759
   0.0000000000    0.0000000000    0.0033041581
  -0.0000030233    0.0000014743    0.0033104924
  -0.0032634471    0.0008278999    0.0030551954
  -0.0000000000   -0.0000000000    0.0033041581
   0.0000004605    0.0000000504    0.0033050550
  -0.0000885807    0.0001154597    0.0032525241
   0.0000593310   -0.0000233203    0.0033525130
   0.0000063517   -0.0000048424    0.0033204849
   0.0002846763   -0.0000986824    0.0031561697
  -0.0000297529    0.0000028379    0.0033267756
  -0.0000000000    0.0000000000    0.0033041581
  -0.0000058965   -0.0000051258    0.0033218004
   0.0002091007   -0.0001744009    0.0030464809
  -0.0000300741    0.0000076023    0.0033543205
   0.0000000000   -0.0000000000    0.0033041581
  -0.0023564621   -0.0009939791    0.0027897887
   0.0001250789    0.0000770507    0.0034587376
   0.0000000000    0.0000000000    0.0033041581
  -0.0000083467   -0.0000000811    0.0033179246
   0.0001364870   -0.0000046770    0.0034085906
  -0.0000000000    0.0000000000    0.0033041581
   0.0000025631    0.0000012720    0.0033095011
  -0.0002604553    0.0000382740    0.0031055124
  -0.0000000000   -0.0000000000    0.0033041581
   0.0000014909    0.0000002329    0.0033086995
   0.0004802244    0.0002447725    0.0031701975
  -0.0000835721   -0.0000281709    0.0033675852
   0.0000000000   -0.0000000000    0.0033041581
  -0.0000013945    0.0000002329    0.0033089851
   0.0002091463    0.0004239273    0.0031001838
  -0.0000816191   -0.0000798917    0.0034372271
  -0.0000026649   -0.0000014349    0.0033096078
  -0.0003998679   -0.0001792974    0.0031705448
   0.0000362472    0.0000076035    0.0033472941
   0.0000000000   -0.0000000000    0.0033041581
  -0.0002603690   -0.0000982986    0.0030919671
   0.0000767993    0.0000251274    0.0033706902
   0.0000000000    0.0000000000    0.0033041581
   0.0000069714   -0.0000000811    0.0033157487
  -0.0001815606   -0.0000046753    0.0034367043
  -0.0000000000    0.0000000000    0.0033041581
   0.0000072587    0.0000049586    0.0033234134
   0.0024248537    0.0005443529    0.0027785922
  -0.0001822184   -0.0000146900    0.0035429114
   0.0000000000    0.0000000000    0.0033041581
  -0.0000068032    0.0000052422    0.0033247299
   0.0016843157    0.0033331853    0.0033716922
   0.0000000000   -0.0000000000    0.0033041581
  -0.0000005510    0.0000000504    0.0033052405
  -0.0005954115    0.0003253599    0.0031845564
   0.0001056291   -0.0000689780    0.0034160293
   0.0000022049   -0.0000012327    0.0033086172
  -0.0000885636   -0.0000559706    0.0032408169
   0.0000234017    0.0000028404    0.0033207743
   0.0000000000   -0.0000000000    0.0033041581
   0.0015184014   -0.0007102803    0.0025140458
  -0.0001010220    0.0000299788    0.0033857551
  -0.0000000000   -0.0000000000    0.0033041581
   0.0000168536   -0.0000003590    0.0033419183
   0.0000147160   -0.0002271012   -0.0030950666
  -0.0008233995    0.0032701439   -0.0035502635
  -0.0000014651    0.0000030045   -0.0032978503
  -0.0000000000    0.0000000000   -0.0033041581
   0.0035729699   -0.0016645427   -0.0044128965
   0.0000003544    0.0000153767   -0.0032642470
  -0.0000000000   -0.0000000000   -0.0033041581
  -0.0000880001    0.0001011683   -0.0031290171
   0.0000048071   -0.0000063174   -0.0032878657
   0.0000000000    0.0000000000   -0.0033041581
  -0.0000028660    0.0000298056   -0.0032815652
   0.0000991051   -0.0002859629   -0.0034524229
   0.0000000000    0.0000000000   -0.0033041581
   0.0000232854   -0.0000590901   -0.0032561001
  -0.0001158581    0.0000883437   -0.0033555322
  -0.0000000494   -0.0000004576   -0.0033032647
  -0.0000000000    0.0000000000   -0.0033041581
   0.0000046902   -0.0001363718   -0.0032001711
  -0.0000386053    0.0002600983   -0.0035027475
  -0.0000012663   -0.0000025512   -0.0032988288
  -0.0000770494   -0.0001253013   -0.0031502497
   0.0009877707    0.0023624606   -0.0038166642
   0.0000000803    0.0000082928   -0.0032904461
  -0.0000000000    0.0000000000   -0.0033041581
   0.0001743230   -0.0002088672   -0.0035632759
   0.0000050864    0.0000058687   -0.0032865608
   0.0000000000   -0.0000000000   -0.0033041581
  -0.0000076356    0.0000300467   -0.0032542127
  -0.0000002285   -0.0000014801   -0.0032996321
   0.0000000000    0.0000000000   -0.0033041581
   0.0000281362    0.0000834461   -0.0032410286
  -0.0002450857   -0.0004812771   -0.0034384978
  -0.0000049225   -0.0000072094   -0.0032849681
   0.0000000000    0.0000000000   -0.0033041581
   0.0000046918    0.0001816659   -0.0031720627
  -0.0005434951   -0.0024336953   -0.0038268021
  -0.0000000000    0.0000000000   -0.0033041581
  -0.0000250826   -0.0000766147   -0.0032378635
   0.0000986347    0.0002601857   -0.0035163305
   0.0000000803   -0.0000069387   -0.0032925963
  -0.0000076344   -0.0000362801   -0.0032612502
   0.0001797707    0.0004011934   -0.0034381375
   0.0000014256    0.0000026516   -0.0032987243
   0.0000000000    0.0000000000   -0.0033041581
  -0.0004243285   -0.0002088184   -0.0035096252
  -0.0000002285    0.0000013853   -0.0032993495
   0.0000000000   -0.0000000000   -0.0033041581
   0.0000799389    0.0000816878   -0.0031716967
  -0.0034691791   -0.0016604654   -0.0030535633
  -0.0000052016    0.0000067610   -0.0032836642
  -0.0000000000   -0.0000000000   -0.0033041581
   0.0000147170    0.0001836913   -0.0030666436
   0.0000003546   -0.0000167159   -0.0032665585
   0.0000000000   -0.0000000000   -0.0033041581
  -0.0000299326    0.0001009887   -0.0032227848
   0.0007080067   -0.0015254432   -0.0040940750
   0.0000000000    0.0000000000   -0.0033041581
  -0.0000028636   -0.0000233934   -0.0032876020
   0.0000564750    0.0000883618   -0.0033673235
   0.0000012268   -0.0000021980   -0.0032997035
   0.0000689973   -0.0001058063   -0.0031929188
  -0.0003257776    0.0005965091   -0.0034241950
  -0.0000000494    0.0000005468   -0.0033030819
   0.0000000000    0.0000000000   -0.0033041581
   0.0000497645   -0.0000497645    0.0045544837
  -0.0000000466    0.0000000466    0.0028900481
  -0.0000004191    0.0000004191    0.0028910056
  -0.0010099154    0.0010099154    0.0048633365
   0.0000000471   -0.0000000471    0.0028900410
  -0.0000000025    0.0000000025    0.0028897503
  -0.0001613884    0.0001613884    0.0029624416
   0.0001008829   -0.0001008829    0.0031964498
   0.0000004003   -0.0000004003    0.0028908398
   0.0000652000   -0.0000652000    0.0028917164
  -0.0000076469    0.0000076469    0.0029323158
   0.0000000021   -0.0000000021    0.0028897236
   0.0008920320   -0.0008920320    0.0033466038
  -0.0001540896    0.0001540896    0.0034973769
  -0.0000000028    0.0000000028    0.0028897255
   0.0000000264   -0.0000000264    0.0029017914
  -0.0006890861   -0.0012131821    0.0041047339
   0.0000425143    0.0001881522    0.0037629541
  -0.0000000059    0.0000000157    0.0028897757
  -0.0000013445   -0.0000000023    0.0028944495
   0.0001686859   -0.0000425257    0.0035200580
   0.0000000471    0.0000000466    0.0028900446
  -0.0000000073    0.0000000542    0.0028898645
  -0.0004146740    0.0000862323    0.0030574012
   0.0000000149   -0.0000000064    0.0028897714
   0.0000000557    0.0000000073    0.0028898552
   0.0001040726    0.0001224953    0.0029270887
  -0.0000182089   -0.0000511275    0.0030223213
   0.0000000024   -0.0000013458    0.0028939721
   0.0001104828   -0.0001435485    0.0028346610
  -0.0000595702    0.0000182016    0.0030758138
  -0.0000000024   -0.0000000025    0.0028897246
  -0.0000003949   -0.0000004245    0.0028909227
  -0.0000563130   -0.0002365733    0.0029460114
   0.0000162027    0.0000309486    0.0031510280
  -0.0000000061   -0.0000000152    0.0028897721
  -0.0003215775   -0.0001403994    0.0029459981
   0.0001321671    0.0001228068    0.0033469492
   0.0000000062    0.0000000154    0.0028897750
  -0.0000000266   -0.0000000014    0.0028905114
  -0.0000309486   -0.0000162027    0.0031510280
   0.0000000152    0.0000000061    0.0028897721
   0.0000004245    0.0000003949    0.0028909227
   0.0002365733    0.0000563130    0.0029460114
  -0.0000000154   -0.0000000062    0.0028897750
   0.0000000014    0.0000000266    0.0028905114
   0.0001403994    0.0003215775    0.0029459981
  -0.0001228068   -0.0001321671    0.0033469492
  -0.0000000466   -0.0000000471    0.0028900446
  -0.0000000542    0.0000000073    0.0028898645
  -0.0000862323    0.0004146740    0.0030574012
   0.0000425257   -0.0001686859    0.0035200580
  -0.0000000073   -0.0000000557    0.0028898552
  -0.0001224953   -0.0001040726    0.0029270887
   0.0000511275    0.0000182089    0.0030223213
   0.0000000064   -0.0000000149    0.0028897714
   0.0001435485   -0.0001104828    0.0028346610
  -0.0000182016    0.0000595702    0.0030758138
   0.0000000025    0.0000000024    0.0028897246
   0.0000013458   -0.0000000024    0.0028939721
  -0.0001881522   -0.0000425143    0.0037629541
  -0.0000000157    0.0000000059    0.0028897757
   0.0000000023    0.0000013445    0.0028944495
   0.0012131821    0.0006890861    0.0041047339

193  
 -0.0018497235696319   0.0018497235696319   0.0096517897527814
   0.0001859159   -0.0001859159    0.0195282401
  -0.0015522466    0.0015522466   -0.0000972481
  -0.0000000079    0.0000000079   -0.0014844857
  -0.0000007842    0.0000007842   -0.0014760890
   0.0016522803   -0.0016522803   -0.0003927054
  -0.0000000010    0.0000000010   -0.0014836347
  -0.0000000937    0.0000000937   -0.0014844392
  -0.0008577207    0.0008577207   -0.0008846533
   0.0000000090   -0.0000000090   -0.0014844951
   0.0000000791   -0.0000000791   -0.0014845031
  -0.0000287722    0.0000287722   -0.0014717461
   0.0001052370   -0.0001052370   -0.0014409327
   0.0000007954   -0.0000007954   -0.0014763974
   0.0006726058   -0.0006726058   -0.0015353501
  -0.0002151185    0.0002151185   -0.0013401587
   0.0000000000   -0.0000000000   -0.0014846899
  -0.0000007747   -0.0000008049   -0.0014762432
   0.0001267590   -0.0020286059   -0.0010233486
  -0.0003878325    0.0006366912   -0.0011242180
  -0.0000000093    0.0000000001   -0.0014846672
  -0.0019588724   -0.0001266544    0.0000445302
   0.0017325820    0.0014720481   -0.0002450241
   0.0000000000    0.0000000637   -0.0014842594
  -0.0000007386    0.0000001176   -0.0014829476
   0.0004011404   -0.0003460017   -0.0013175286
   0.0000000636   -0.0000000001   -0.0014842616
   0.0000000862    0.0000000866   -0.0014844711
  -0.0000979446    0.0001742675   -0.0014107784
  -0.0000000001   -0.0000000087   -0.0014846686
   0.0000001204   -0.0000007110   -0.0014830785
   0.0001681171    0.0000979758   -0.0015033973
  -0.0001654795   -0.0001548206   -0.0013905588
  -0.0000000088   -0.0000000081   -0.0014844904
  -0.0000001129   -0.0000007197   -0.0014830340
   0.0000362524    0.0002088723   -0.0013342631
  -0.0002848344   -0.0004473403   -0.0012707412
  -0.0000007299   -0.0000001251   -0.0014829922
  -0.0007016084   -0.0008287820   -0.0012098747
   0.0004490759    0.0005903713   -0.0011710888
   0.0000000005   -0.0000000003   -0.0014846328
  -0.0002088723   -0.0000362524   -0.0013342631
   0.0004473403    0.0002848344   -0.0012707412
   0.0000000081    0.0000000088   -0.0014844904
   0.0000007197    0.0000001129   -0.0014830340
  -0.0005903713   -0.0004490759   -0.0011710888
   0.0000000003   -0.0000000005   -0.0014846328
   0.0000001251    0.0000007299   -0.0014829922
   0.0008287820    0.0007016084   -0.0012098747
  -0.0014720481   -0.0017325820   -0.0002450241
  -0.0000000637   -0.0000000000   -0.0014842594
  -0.0000001176    0.0000007386   -0.0014829476
   0.0001266544    0.0019588724    0.0000445302
   0.0000000001   -0.0000000636   -0.0014842616
  -0.0000000866   -0.0000000862   -0.0014844711
  -0.0001742675    0.0000979446   -0.0014107784
   0.0003460017   -0.0004011404   -0.0013175286
   0.0000007110   -0.0000001204   -0.0014830785
  -0.0000979758   -0.0001681171   -0.0015033973
   0.0001548206    0.0001654795   -0.0013905588
   0.0000000087    0.0000000001   -0.0014846686
   0.0020286059   -0.0001267590   -0.0010233486
  -0.0006366912    0.0003878325   -0.0011242180
  -0.0000000001    0.0000000093   -0.0014846672
   0.0000008049    0.0000007747   -0.0014762432
   0.0000318105   -0.0000318105    0.0011597530
  -0.0127853008    0.0127853008    0.0043658071
  -0.0000115030    0.0000115030    0.0000275509
   0.0000000000   -0.0000000000    0.0000000000
   0.0083959463   -0.0083959463   -0.0036011735
   0.0000006767   -0.0000006767    0.0001459182
   0.0000000000   -0.0000000000   -0.0000000000
  -0.0002564695    0.0002564695    0.0003838797
   0.0000109190   -0.0000109190    0.0000237182
  -0.0000000000    0.0000000000   -0.0000000000
  -0.0000031038    0.0000031038    0.0000133477
  -0.0000719240    0.0000719240   -0.0003017708
  -0.0000000000    0.0000000000    0.0000000000
   0.0002208728   -0.0002208728    0.0002769631
  -0.0002750102    0.0002750102   -0.0000789852
  -0.0000000851    0.0000000851    0.0000009877
   0.0000000000    0.0000000000    0.0000000000
   0.0000234976   -0.0004234719    0.0005484998
  -0.0003021405    0.0006723666   -0.0003799268
  -0.0000026536    0.0000002499    0.0000064569
  -0.0004342966   -0.0000234791    0.0006433810
   0.0124166257    0.0087541836    0.0003750375
   0.0000002845    0.0000250414    0.0000636119
   0.0000000000   -0.0000000000   -0.0000000000
  -0.0002576000   -0.0000227137   -0.0009517665
   0.0000249981   -0.0000002834    0.0000583377
  -0.0000000000   -0.0000000000   -0.0000000000
  -0.0000122214    0.0000673631    0.0001073925
  -0.0000002487   -0.0000025957    0.0000058657
  -0.0000000000    0.0000000000   -0.0000000000
   0.0000639393    0.0000122333    0.0000896515
  -0.0001247628   -0.0000781219   -0.0001903949
  -0.0000109896   -0.0000114324    0.0000256325
   0.0000000000    0.0000000000   -0.0000000000
   0.0000065706    0.0000241812    0.0001630749
   0.0001667911    0.0001318549   -0.0008631648
   0.0000000000    0.0000000000   -0.0000000000
  -0.0002320320   -0.0002453102    0.0003304334
   0.0004917904    0.0005464186   -0.0004686654
   0.0000001315    0.0000006751    0.0000161949
  -0.0000241812   -0.0000065706    0.0001630749
  -0.0001318549   -0.0001667911   -0.0008631648
   0.0000114324    0.0000109896    0.0000256325
  -0.0000000000   -0.0000000000   -0.0000000000
  -0.0005464186   -0.0004917904   -0.0004686654
  -0.0000006751   -0.0000001315    0.0000161949
  -0.0000000000   -0.0000000000   -0.0000000000
   0.0002453102    0.0002320320    0.0003304334
  -0.0087541836   -0.0124166257    0.0003750375
  -0.0000250414   -0.0000002845    0.0000636119
   0.0000000000   -0.0000000000   -0.0000000000
   0.0000234791    0.0004342966    0.0006433810
   0.0000002834   -0.0000249981    0.0000583377
   0.0000000000    0.0000000000   -0.0000000000
  -0.0000673631    0.0000122214    0.0001073925
   0.0000227137    0.0002576000   -0.0009517665
  -0.0000000000    0.0000000000   -0.0000000000
  -0.0000122333   -0.0000639393    0.0000896515
   0.0000781219    0.0001247628   -0.0001903949
   0.0000025957    0.0000002487    0.0000058657
   0.0004234719   -0.0000234976    0.0005484998
  -0.0006723666    0.0003021405   -0.0003799268
  -0.0000002499    0.0000026536    0.0000064569
  -0.0000000000   -0.0000000000    0.0000000000
   0.0000008857   -0.0000008857    0.0016258096
   0.0123592527   -0.0123592527   -0.0026208743
  -0.0001886992    0.0001886992    0.0019125718
  -0.0000000000    0.0000000000    0.0014846867
  -0.0185299993    0.0185299993    0.0066379197
   0.0000227110   -0.0000227110    0.0039281966
  -0.0000000001    0.0000000001    0.0014846840
  -0.0000211371    0.0000211371    0.0015249511
   0.0001684943   -0.0001684943    0.0017780337
   0.0000000001   -0.0000000001    0.0014846840
  -0.0000001054    0.0000001054    0.0014856603
  -0.0003883738    0.0003883738    0.0015004237
   0.0000000000   -0.0000000000    0.0014846867
   0.0000203886   -0.0000203886    0.0015210167
  -0.0000180607    0.0000180607    0.0013170344
  -0.0000025863    0.0000025863    0.0015050257
  -0.0000000000   -0.0000000000    0.0014846867
   0.0000005123   -0.0000392132    0.0015569638
   0.0001504266   -0.0000379990    0.0010483236
  -0.0000495683    0.0000119315    0.0015836038
  -0.0000395948   -0.0000005121    0.0015601810
  -0.0132951686   -0.0176093217    0.0020176338
   0.0000121390    0.0003288898    0.0024746106
   0.0000000000    0.0000000004    0.0014846878
  -0.0011499905    0.0004908235    0.0014863748
   0.0003327496   -0.0000121329    0.0023117600
   0.0000000001    0.0000000001    0.0014846840
  -0.0000003053    0.0000025131    0.0014897071
  -0.0000119198   -0.0000484667    0.0015660576
   0.0000000004    0.0000000000    0.0014846878
   0.0000024651    0.0000003057    0.0014891876
   0.0001566401    0.0002139041    0.0014087276
  -0.0001682028   -0.0001889886    0.0018452726
  -0.0000000004    0.0000000000    0.0014846878
   0.0000001479    0.0000004745    0.0014961236
   0.0007175318    0.0009866378    0.0014230602
   0.0000000000   -0.0000000004    0.0014846878
  -0.0000206035   -0.0000209219    0.0015229849
   0.0000764894   -0.0002014591    0.0011118188
   0.0000035817    0.0000250221    0.0017203540
  -0.0000004745   -0.0000001479    0.0014961236
  -0.0009866378   -0.0007175318    0.0014230602
   0.0001889886    0.0001682028    0.0018452726
  -0.0000000000    0.0000000004    0.0014846878
   0.0002014591   -0.0000764894    0.0011118188
  -0.0000250221   -0.0000035817    0.0017203540
   0.0000000004   -0.0000000000    0.0014846878
   0.0000209219    0.0000206035    0.0015229849
   0.0176093217    0.0132951686    0.0020176338
  -0.0003288898   -0.0000121390    0.0024746106
  -0.0000000004   -0.0000000000    0.0014846878
   0.0000005121    0.0000395948    0.0015601810
   0.0000121329   -0.0003327496    0.0023117600
  -0.0000000001   -0.0000000001    0.0014846840
  -0.0000025131    0.0000003053    0.0014897071
  -0.0004908235    0.0011499905    0.0014863748
  -0.0000000000   -0.0000000004    0.0014846878
  -0.0000003057   -0.0000024651    0.0014891876
  -0.0002139041   -0.0001566401    0.0014087276
   0.0000484667    0.0000119198    0.0015660576
   0.0000392132   -0.0000005123    0.0015569638
   0.0000379990   -0.0001504266    0.0010483236
  -0.0000119315    0.0000495683    0.0015836038
   0.0000000000    0.0000000000    0.0014846867
   0.0327144982   -0.0327144982   -0.1471694630
  -0.0001247010    0.0001247010    0.0059079694
   0.0000000000   -0.0000000000    0.0050364265
  -0.0001090634    0.0001090634    0.0059064804
   0.0001279785   -0.0001279785    0.0058223473
   0.0000000000    0.0000000000    0.0050364265
  -0.0000133622    0.0000133622    0.0050638113
  -0.0022122565    0.0022122565    0.0033337477
  -0.0000000000    0.0000000000    0.0050364265
   0.0000102262   -0.0000102262    0.0050532393
  -0.0001442291    0.0001442291    0.0049635196
   0.0000123711   -0.0000123711    0.0050542152
   0.0001123063   -0.0001123063    0.0058100893
  -0.0009380393    0.0009380393    0.0038085026
  -0.0000155570    0.0000155570    0.0050634408
   0.0000000000   -0.0000000000    0.0050364265
  -0.0001066336   -0.0001147346    0.0058583065
   0.0007542319    0.0088838349   -0.0004719478
  -0.0000290178    0.0000659060    0.0052131140
   0.0000000000   -0.0000000000    0.0050364265
  -0.0131181668   -0.0007516659   -0.0012233653
   0.0001304115    0.0001222752    0.0058651509
  -0.0000000000    0.0000000000    0.0050364265
  -0.0001035581    0.0000210310    0.0052054457
   0.0000584633   -0.0000280274    0.0051664382
   0.0000000000   -0.0000000000    0.0050364265
   0.0000115521    0.0000120404    0.0050585329
  -0.0007856305    0.0000844025    0.0047490330
   0.0000000000    0.0000000000    0.0050364265
   0.0000211837   -0.0000949680    0.0051708701
   0.0000915475    0.0007861691    0.0047830307
  -0.0000142192   -0.0000137016    0.0050588214
   0.0000000000    0.0000000000    0.0050364265
  -0.0000194584   -0.0000977296    0.0051817710
   0.0001349794    0.0026264360    0.0043813357
  -0.0000262718   -0.0000600353    0.0051746206
  -0.0001007986   -0.0000227527    0.0051945544
   0.0010110701   -0.0022864196    0.0035710013
   0.0000307796    0.0000643270    0.0052049144
   0.0000000000    0.0000000000    0.0050364265
  -0.0026264360   -0.0001349794    0.0043813357
   0.0000600353    0.0000262718    0.0051746206
  -0.0000000000   -0.0000000000    0.0050364265
   0.0000977296    0.0000194584    0.0051817710
  -0.0000643270   -0.0000307796    0.0052049144
   0.0000000000    0.0000000000    0.0050364265
   0.0000227527    0.0001007986    0.0051945544
   0.0022864196   -0.0010110701    0.0035710013
  -0.0001222752   -0.0001304115    0.0058651509
  -0.0000000000    0.0000000000    0.0050364265
  -0.0000210310    0.0001035581    0.0052054457
   0.0007516659    0.0131181668   -0.0012233653
   0.0000000000   -0.0000000000    0.0050364265
  -0.0000120404   -0.0000115521    0.0050585329
  -0.0000844025    0.0007856305    0.0047490330
   0.0000280274   -0.0000584633    0.0051664382
   0.0000949680   -0.0000211837    0.0051708701
  -0.0007861691   -0.0000915475    0.0047830307
   0.0000137016    0.0000142192    0.0050588214
  -0.0000000000   -0.0000000000    0.0050364265
  -0.0088838349   -0.0007542319   -0.0004719478
  -0.0000659060    0.0000290178    0.0052131140
   0.0000000000   -0.0000000000    0.0050364265
   0.0001147346    0.0001066336    0.0058583065
   0.0000000015   -0.0000000015   -0.0050358619
   0.0013542245   -0.0013542245   -0.0009724568
  -0.0019336838    0.0019336838   -0.0046182514
  -0.0000001759    0.0000001759   -0.0050357722
  -0.0012557630    0.0012557630    0.0000216179
   0.0006412251   -0.0006412251    0.0495649824
  -0.0000012686    0.0000012686   -0.0050111672
  -0.0000000136    0.0000000136   -0.0050362927
   0.0013385554   -0.0013385554   -0.0058686860
   0.0000012669   -0.0000012669   -0.0050121477
  -0.0000000002    0.0000000002   -0.0050364226
  -0.0002591949    0.0002591949   -0.0048569329
   0.0000001682   -0.0000001682   -0.0050359092
   0.0000000123   -0.0000000123   -0.0050363030
   0.0001637899   -0.0001637899   -0.0050197106
  -0.0000511649    0.0000511649   -0.0050299553
  -0.0000001807   -0.0000001634   -0.0050358410
   0.0000000009   -0.0000000122   -0.0050361913
   0.0002264864   -0.0009103128   -0.0047684759
  -0.0003529393    0.0002363540   -0.0050070774
  -0.0000000132   -0.0000000009   -0.0050361859
  -0.0011928692   -0.0014170039   -0.0004752036
   0.0001855059    0.0080396042   -0.0043347646
  -0.0000003815    0.0000007608   -0.0050319700
  -0.0011778196    0.0002668946   -0.0042714976
   0.0082472198   -0.0001850937   -0.0074555043
   0.0000012787    0.0000012568   -0.0050116580
  -0.0000000001    0.0000000058   -0.0050364041
  -0.0002361525   -0.0003507520   -0.0051411419
   0.0000007516   -0.0000003889   -0.0050324093
   0.0000000054    0.0000000001   -0.0050364063
   0.0002087415    0.0002143018   -0.0049382775
  -0.0013437242   -0.0019284024   -0.0052436806
  -0.0000007583   -0.0000003915   -0.0050321200
   0.0000000005    0.0000000004   -0.0050363903
   0.0003136617    0.0010905054   -0.0043661721
  -0.0000003790   -0.0000007540   -0.0050322601
  -0.0000000131   -0.0000000129   -0.0050362979
  -0.0001796905   -0.0009977762   -0.0046736759
   0.0000542342    0.0007187038   -0.0052056816
  -0.0000000004   -0.0000000005   -0.0050363903
  -0.0010905054   -0.0003136617   -0.0043661721
   0.0019284024    0.0013437242   -0.0052436806
   0.0000003915    0.0000007583   -0.0050321200
   0.0009977762    0.0001796905   -0.0046736759
  -0.0007187038   -0.0000542342   -0.0052056816
   0.0000007540    0.0000003790   -0.0050322601
   0.0000000129    0.0000000131   -0.0050362979
   0.0014170039    0.0011928692   -0.0004752036
  -0.0080396042   -0.0001855059   -0.0043347646
  -0.0000007608    0.0000003815   -0.0050319700
   0.0000000009    0.0000000132   -0.0050361859
   0.0001850937   -0.0082472198   -0.0074555043
  -0.0000012568   -0.0000012787   -0.0050116580
  -0.0000000058    0.0000000001   -0.0050364041
  -0.0002668946    0.0011778196   -0.0042714976
   0.0000003889   -0.0000007516   -0.0050324093
  -0.0000000001   -0.0000000054   -0.0050364063
  -0.0002143018   -0.0002087415   -0.0049382775
   0.0003507520    0.0002361525   -0.0051411419
   0.0000000122   -0.0000000009   -0.0050361913
   0.0009103128   -0.0002264864   -0.0047684759
  -0.0002363540    0.0003529393   -0.0050070774
   0.0000001634    0.0000001807   -0.0050358410
   0.0000000039    0.0000000007   -0.0033043238
  -0.0001610889    0.0013644417   -0.0049338563
   0.0021479728   -0.0015105871   -0.0035720185
   0.0000003706   -0.0000002639   -0.0033051998
   0.0018235765   -0.0002497416   -0.0040786138
  -0.0130581054    0.0001963020   -0.0082924684
  -0.0000000601   -0.0000007434   -0.0033151806
   0.0000000055   -0.0000000052   -0.0033041807
  -0.0003361576    0.0002320744   -0.0031319140
  -0.0000020125    0.0000003943   -0.0033094882
  -0.0000000009   -0.0000000001   -0.0033041606
   0.0000236479   -0.0000599236   -0.0033449199
   0.0000000057    0.0000000398   -0.0033043140
  -0.0000000060    0.0000000278   -0.0033042523
  -0.0002526605    0.0001681916   -0.0033554053
   0.0002072310   -0.0000452714   -0.0033098855
   0.0000003512    0.0000002431   -0.0033051336
   0.0000000057    0.0000000283   -0.0033042544
  -0.0000394532    0.0002918706   -0.0033700278
   0.0003055185   -0.0001638612   -0.0032751792
   0.0000000108    0.0000000002   -0.0033041988
   0.0016949091    0.0002836312   -0.0039956228
  -0.0024163351   -0.0012958464   -0.0033610484
  -0.0000000161   -0.0000004751   -0.0033064561
   0.0001126857   -0.0000527747   -0.0034728131
  -0.0014903893    0.0000391862   -0.0028993834
  -0.0000020568   -0.0000003745   -0.0033096143
  -0.0000000051   -0.0000000050   -0.0033041794
   0.0006414318    0.0003416765   -0.0032477966
   0.0000000242    0.0000001371   -0.0033053110
  -0.0000000002   -0.0000000003   -0.0033041799
  -0.0003427882   -0.0002081545   -0.0034232685
   0.0014369999    0.0015014663   -0.0030638383
   0.0000020451    0.0000004232   -0.0033096969
   0.0000000001   -0.0000000003   -0.0033041810
  -0.0000394013   -0.0003799535   -0.0035008638
  -0.0000000159    0.0000004241   -0.0033062999
   0.0000000052    0.0000000050   -0.0033041793
   0.0002666982    0.0001956639   -0.0033873070
  -0.0003879145   -0.0001637994   -0.0032484472
  -0.0000000104    0.0000000002   -0.0033041969
   0.0001127371    0.0000663718   -0.0034477752
  -0.0005640877   -0.0002277986   -0.0032359090
  -0.0000003609   -0.0000002532   -0.0033051358
  -0.0017703542   -0.0001905376   -0.0039402682
   0.0025443534    0.0000392243   -0.0033525375
   0.0000000243   -0.0000001306   -0.0033053593
  -0.0000000060   -0.0000000282   -0.0033042552
  -0.0001609106   -0.0012822536   -0.0050970604
   0.0120175162    0.0001967704   -0.0087994733
   0.0000020895   -0.0000004033   -0.0033098236
   0.0000000057   -0.0000000287   -0.0033042573
  -0.0017047247    0.0012866780   -0.0028528910
  -0.0000000599    0.0000007886   -0.0033149664
   0.0000000010   -0.0000000001   -0.0033041610
   0.0003568136   -0.0002355795   -0.0034551371
  -0.0000003415    0.0000002327   -0.0033050700
  -0.0000000048    0.0000000049   -0.0033041780
   0.0000236796    0.0000465825   -0.0033216645
  -0.0001275102   -0.0000452221   -0.0032787972
  -0.0000000042    0.0000000007   -0.0033043213
  -0.0016415933    0.0002244414   -0.0038572296
   0.0008697367   -0.0003374473   -0.0033518486
   0.0000000058   -0.0000000469   -0.0033043433
  -0.0000000300    0.0000000300   -0.0029019175
  -0.0028871333    0.0028871333   -0.0074627716
   0.0004861231   -0.0004861231   -0.0033654078
   0.0000000007   -0.0000000007   -0.0028897173
   0.0027272867   -0.0027272867   -0.0093581924
  -0.0001187944    0.0001187944   -0.0142114168
   0.0000000079   -0.0000000079   -0.0028899876
   0.0000008264   -0.0000008264   -0.0028933809
  -0.0003808582    0.0003808582   -0.0029622294
  -0.0000000080    0.0000000080   -0.0028899727
   0.0000000034   -0.0000000034   -0.0028897686
   0.0001896694   -0.0001896694   -0.0030806283
  -0.0000000006    0.0000000006   -0.0028897165
  -0.0000008009    0.0000008009   -0.0028931531
  -0.0000777872    0.0000777872   -0.0028132993
   0.0000118914   -0.0000118914   -0.0029130887
   0.0000000005    0.0000000009   -0.0028897169
  -0.0000000173    0.0000015562   -0.0028963620
  -0.0001285065    0.0002985167   -0.0028588704
   0.0001201917   -0.0000484135   -0.0030108175
   0.0000015688    0.0000000173   -0.0028965349
   0.0026881710    0.0029263851   -0.0084114554
  -0.0000390295   -0.0016033492   -0.0046763401
   0.0000000033   -0.0000000195   -0.0028897663
   0.0005792480   -0.0002126130   -0.0036046357
  -0.0016332104    0.0000390000   -0.0039824866
  -0.0000000087   -0.0000000071   -0.0028899802
   0.0000000107   -0.0000001170   -0.0028901429
   0.0000483672    0.0001202501   -0.0029539933
  -0.0000000183    0.0000000032   -0.0028897621
  -0.0000001144   -0.0000000108   -0.0028900996
  -0.0001256855   -0.0001418177   -0.0029470173
   0.0003736768    0.0004933190   -0.0031637230
   0.0000000189    0.0000000032   -0.0028897640
  -0.0000000062   -0.0000000166   -0.0028905777
  -0.0002716659   -0.0005191752   -0.0034732196
   0.0000000033    0.0000000189   -0.0028897644
   0.0000008073    0.0000008200   -0.0028932671
   0.0000694057    0.0003586062   -0.0029903456
  -0.0000120633   -0.0001409037   -0.0031236996
   0.0000000166    0.0000000062   -0.0028905777
   0.0005191752    0.0002716659   -0.0034732196
  -0.0004933190   -0.0003736768   -0.0031637230
  -0.0000000032   -0.0000000189   -0.0028897640
  -0.0003586062   -0.0000694057   -0.0029903456
   0.0001409037    0.0000120633   -0.0031236996
  -0.0000000189   -0.0000000033   -0.0028897644
  -0.0000008200   -0.0000008073   -0.0028932671
  -0.0029263851   -0.0026881710   -0.0084114554
   0.0016033492    0.0000390295   -0.0046763401
   0.0000000195   -0.0000000033   -0.0028897663
  -0.0000000173   -0.0000015688   -0.0028965349
  -0.0000390000    0.0016332104   -0.0039824866
   0.0000000071    0.0000000087   -0.0028899802
   0.0000001170   -0.0000000107   -0.0028901429
   0.0002126130   -0.0005792480   -0.0036046357
  -0.0000000032    0.0000000183   -0.0028897621
   0.0000000108    0.0000001144   -0.0028900996
   0.0001418177    0.0001256855   -0.0029470173
  -0.0001202501   -0.0000483672   -0.0029539933
  -0.0000015562    0.0000000173   -0.0028963620
  -0.0002985167    0.0001285065   -0.0028588704
   0.0000484135   -0.0001201917   -0.0030108175
  -0.0000000009   -0.0000000005   -0.0028897169
  -0.0000000000    0.0000000000   -0.0000000000
  -0.0002527950    0.0002527950   -0.0017899657
   0.0008007029   -0.0008007029    0.0002018260
   0.0000008656   -0.0000008656   -0.0000030990
   0.0002387546   -0.0002387546   -0.0020894115
  -0.0028622785    0.0028622785    0.0105535585
   0.0000092031   -0.0000092031   -0.0001159924
   0.0000000000   -0.0000000000   -0.0000000000
  -0.0002791637    0.0002791637    0.0017530101
  -0.0000092755    0.0000092755   -0.0001105833
   0.0000000000   -0.0000000000   -0.0000000000
   0.0000450341   -0.0000450341   -0.0000874165
  -0.0000008350    0.0000008350   -0.0000024509
  -0.0000000000    0.0000000000   -0.0000000000
  -0.0000333285    0.0000333285   -0.0000482219
   0.0000424089   -0.0000424089    0.0000471594
   0.0000008539    0.0000008461   -0.0000027742
  -0.0000000000    0.0000000000   -0.0000000000
  -0.0000357569    0.0001616432   -0.0002903304
   0.0000541477   -0.0001677838    0.0001826081
   0.0000000000    0.0000000000   -0.0000000000
   0.0002264815    0.0002650625   -0.0019397615
  -0.0002067526   -0.0022584117    0.0012784419
   0.0000013864   -0.0000065010   -0.0000226831
   0.0001982877   -0.0000395696   -0.0004173545
  -0.0000160139    0.0002064122    0.0062931801
  -0.0000092628   -0.0000092165   -0.0001132854
  -0.0000000000    0.0000000000   -0.0000000000
   0.0001676657    0.0000563383    0.0003291390
  -0.0000063010    0.0000013882   -0.0000203084
  -0.0000000000   -0.0000000000   -0.0000000000
  -0.0000391506   -0.0000392199   -0.0000678337
   0.0002965447    0.0007837247    0.0009774407
   0.0000063770    0.0000013893   -0.0000220041
  -0.0000000000    0.0000000000   -0.0000000000
  -0.0000454715   -0.0001857479   -0.0003807863
   0.0000013858    0.0000064243   -0.0000209859
   0.0000000000    0.0000000000   -0.0000000000
   0.0000298479    0.0001741941   -0.0003269451
  -0.0000341314   -0.0004744291    0.0007174363
  -0.0000000000   -0.0000000000   -0.0000000000
   0.0001857479    0.0000454715   -0.0003807863
  -0.0007837247   -0.0002965447    0.0009774407
  -0.0000013893   -0.0000063770   -0.0000220041
  -0.0001741941   -0.0000298479   -0.0003269451
   0.0004744291    0.0000341314    0.0007174363
  -0.0000064243   -0.0000013858   -0.0000209859
  -0.0000000000   -0.0000000000   -0.0000000000
  -0.0002650625   -0.0002264815   -0.0019397615
   0.0022584117    0.0002067526    0.0012784419
   0.0000065010   -0.0000013864   -0.0000226831
  -0.0000000000   -0.0000000000   -0.0000000000
  -0.0002064122    0.0000160139    0.0062931801
   0.0000092165    0.0000092628   -0.0001132854
  -0.0000000000   -0.0000000000   -0.0000000000
   0.0000395696   -0.0001982877   -0.0004173545
  -0.0000013882    0.0000063010   -0.0000203084
  -0.0000000000   -0.0000000000   -0.0000000000
   0.0000392199    0.0000391506   -0.0000678337
  -0.0000563383   -0.0001676657    0.0003291390
  -0.0000000000   -0.0000000000   -0.0000000000
  -0.0001616432    0.0000357569   -0.0002903304
   0.0001677838   -0.0000541477    0.0001826081
  -0.0000008461   -0.0000008539   -0.0000027742
   0.0000427314    0.0000073064    0.0030050330
  -0.0029085210    0.0086804998    0.0204209881
   0.0000303719   -0.0001465638    0.0031304164
  -0.0000000000    0.0000000000    0.0033041581
   0.0022235340   -0.0025358288    0.0049998938
  -0.0000985936    0.0000066805    0.0029857830
  -0.0000000000    0.0000000000    0.0033041581
   0.0000269322   -0.0000296153    0.0032619230
  -0.0000166186    0.0000270209    0.0032736050
  -0.0000000000   -0.0000000000    0.0033041581
  -0.0000029611   -0.0000008514    0.0032987131
   0.0001363531   -0.0001440957    0.0033659887
  -0.0000000000   -0.0000000000    0.0033041581
  -0.0000263331    0.0001636438    0.0031472185
   0.0001325629   -0.0007701908    0.0035352257
   0.0000037633   -0.0000007065    0.0032975343
  -0.0000000000   -0.0000000000    0.0033041581
   0.0000243666    0.0001689624    0.0031371188
  -0.0001262065   -0.0023638399    0.0040477450
   0.0000082454   -0.0000051896    0.0032563944
   0.0000489182    0.0000016543    0.0032356260
   0.0016088542    0.0036531006    0.0049323839
  -0.0000329311   -0.0001416100    0.0031385642
  -0.0000000000    0.0000000000    0.0033041581
   0.0005112733    0.0000424599    0.0034720364
  -0.0000333437    0.0000014726    0.0032410657
  -0.0000000000    0.0000000000    0.0033041581
  -0.0000251162   -0.0000269046    0.0032676441
   0.0000190463    0.0000314475    0.0032662087
  -0.0000000000   -0.0000000000    0.0033041581
  -0.0000055323   -0.0000033163    0.0032692983
  -0.0003311236   -0.0003713081    0.0035603138
   0.0000273130    0.0001454227    0.0031481971
   0.0000000000   -0.0000000000    0.0033041581
   0.0000049561   -0.0000033146    0.0032665665
  -0.0001262906   -0.0036774389    0.0041706825
  -0.0000000000   -0.0000000000    0.0033041581
   0.0000255752    0.0000287102    0.0032661190
  -0.0001430919    0.0000468434    0.0035839420
  -0.0000087036   -0.0000051850    0.0032587106
  -0.0000454265    0.0000016556    0.0032460325
   0.0005113853    0.0001964639    0.0034711744
  -0.0000186198   -0.0000277253    0.0032692950
  -0.0000000000    0.0000000000    0.0033041581
   0.0000511278    0.0024407146    0.0049279282
   0.0000385161    0.0000014764    0.0032263690
  -0.0000000000   -0.0000000000    0.0033041581
  -0.0000279639   -0.0001677927    0.0031315276
  -0.0029154614   -0.0013683213    0.0203289056
   0.0000932243    0.0000066852    0.0029691271
   0.0000000000    0.0000000000    0.0033041581
   0.0000259999   -0.0001731086    0.0031214340
  -0.0000298685    0.0001404708    0.0031563397
  -0.0000000000   -0.0000000000    0.0033041581
   0.0000035141   -0.0000008482    0.0032970109
   0.0003203449   -0.0011872305    0.0036089711
  -0.0000000000   -0.0000000000    0.0033041581
  -0.0000237579    0.0000260006    0.0032718460
   0.0001364668   -0.0000820451    0.0033618896
  -0.0000032931   -0.0000007042    0.0032986956
  -0.0000462174    0.0000073118    0.0030223133
   0.0006679409   -0.0013229537    0.0048603902
   0.0000210526   -0.0000321536    0.0032618910
  -0.0000000000    0.0000000000    0.0033041581
  -0.0000073118    0.0000462174    0.0030223133
   0.0013229537   -0.0006679409    0.0048603902
   0.0000321536   -0.0000210526    0.0032618910
   0.0000000000    0.0000000000    0.0033041581
   0.0013683213    0.0029154614    0.0203289056
  -0.0000066852   -0.0000932243    0.0029691271
  -0.0000000000   -0.0000000000    0.0033041581
   0.0001731086   -0.0000259999    0.0031214340
  -0.0001404708    0.0000298685    0.0031563397
   0.0000000000   -0.0000000000    0.0033041581
   0.0000008482   -0.0000035141    0.0032970109
   0.0011872305   -0.0003203449    0.0036089711
  -0.0000000000   -0.0000000000    0.0033041581
  -0.0000260006    0.0000237579    0.0032718460
   0.0000820451   -0.0001364668    0.0033618896
   0.0000007042    0.0000032931    0.0032986956
   0.0000000000   -0.0000000000    0.0033041581
  -0.0000016556    0.0000454265    0.0032460325
  -0.0001964639   -0.0005113853    0.0034711744
   0.0000277253    0.0000186198    0.0032692950
   0.0001677927    0.0000279639    0.0031315276
  -0.0024407146   -0.0000511278    0.0049279282
  -0.0000014764   -0.0000385161    0.0032263690
   0.0000000000    0.0000000000    0.0033041581
   0.0036774389    0.0001262906    0.0041706825
  -0.0001454227   -0.0000273130    0.0031481971
   0.0000000000   -0.0000000000    0.0033041581
   0.0000033146   -0.0000049561    0.0032665665
   0.0000051850    0.0000087036    0.0032587106
  -0.0000000000    0.0000000000    0.0033041581
  -0.0000287102   -0.0000255752    0.0032661190
  -0.0000468434    0.0001430919    0.0035839420
   0.0001416100    0.0000329311    0.0031385642
   0.0000000000   -0.0000000000    0.0033041581
  -0.0000016543   -0.0000489182    0.0032356260
  -0.0036531006   -0.0016088542    0.0049323839
  -0.0000000000    0.0000000000    0.0033041581
   0.0000269046    0.0000251162    0.0032676441
  -0.0000424599   -0.0005112733    0.0034720364
  -0.0000014726    0.0000333437    0.0032410657
   0.0000033163    0.0000055323    0.0032692983
   0.0003713081    0.0003311236    0.0035603138
  -0.0000314475   -0.0000190463    0.0032662087
   0.0000000000    0.0000000000    0.0033041581
   0.0023638399    0.0001262065    0.0040477450
   0.0000051896   -0.0000082454    0.0032563944
  -0.0000000000    0.0000000000    0.0033041581
  -0.0001689624   -0.0000243666    0.0031371188
  -0.0086804998    0.0029085210    0.0204209881
   0.0001465638   -0.0000303719    0.0031304164
   0.0000000000    0.0000000000    0.0033041581
  -0.0000073064   -0.0000427314    0.0030050330
  -0.0000066805    0.0000985936    0.0029857830
  -0.0000000000    0.0000000000    0.0033041581
   0.0000296153   -0.0000269322    0.0032619230
   0.0025358288   -0.0022235340    0.0049998938
   0.0000000000    0.0000000000    0.0033041581
   0.0000008514    0.0000029611    0.0032987131
   0.0001440957   -0.0001363531    0.0033659887
  -0.0000270209    0.0000166186    0.0032736050
  -0.0001636438    0.0000263331    0.0031472185
   0.0007701908   -0.0001325629    0.0035352257
   0.0000007065   -0.0000037633    0.0032975343
   0.0000000000    0.0000000000    0.0033041581
  -0.0000000007    0.0000000042   -0.0033043213
  -0.0002244414    0.0016415933   -0.0038572296
   0.0003374473   -0.0008697367   -0.0033518486
   0.0000000469   -0.0000000058   -0.0033043433
   0.0012822536    0.0001609106   -0.0050970604
  -0.0001967704   -0.0120175162   -0.0087994733
   0.0000004033   -0.0000020895   -0.0033098236
   0.0000000287   -0.0000000057   -0.0033042573
  -0.0012866780    0.0017047247   -0.0028528910
  -0.0000007886    0.0000000599   -0.0033149664
   0.0000000001   -0.0000000010   -0.0033041610
   0.0002355795   -0.0003568136   -0.0034551371
  -0.0000002327    0.0000003415   -0.0033050700
  -0.0000000049    0.0000000048   -0.0033041780
  -0.0000465825   -0.0000236796   -0.0033216645
   0.0000452221    0.0001275102   -0.0032787972
   0.0000002532    0.0000003609   -0.0033051358
  -0.0000000002    0.0000000104   -0.0033041969
  -0.0000663718   -0.0001127371   -0.0034477752
   0.0002277986    0.0005640877   -0.0032359090
   0.0000000282    0.0000000060   -0.0033042552
   0.0001905376    0.0017703542   -0.0039402682
  -0.0000392243   -0.0025443534   -0.0033525375
   0.0000001306   -0.0000000243   -0.0033053593
   0.0003799535    0.0000394013   -0.0035008638
  -0.0015014663   -0.0014369999   -0.0030638383
  -0.0000004232   -0.0000020451   -0.0033096969
   0.0000000003   -0.0000000001   -0.0033041810
   0.0001637994    0.0003879145   -0.0032484472
  -0.0000004241    0.0000000159   -0.0033062999
  -0.0000000050   -0.0000000052   -0.0033041793
  -0.0001956639   -0.0002666982   -0.0033873070
   0.0012958464    0.0024163351   -0.0033610484
   0.0000004751    0.0000000161   -0.0033064561
  -0.0000000002   -0.0000000108   -0.0033041988
  -0.0002836312   -0.0016949091   -0.0039956228
   0.0000003745    0.0000020568   -0.0033096143
   0.0000000050    0.0000000051   -0.0033041794
   0.0000527747   -0.0001126857   -0.0034728131
  -0.0000391862    0.0014903893   -0.0028993834
   0.0000000003    0.0000000002   -0.0033041799
   0.0002081545    0.0003427882   -0.0034232685
  -0.0003416765   -0.0006414318   -0.0032477966
  -0.0000001371   -0.0000000242   -0.0033053110
  -0.0002918706    0.0000394532   -0.0033700278
   0.0001638612   -0.0003055185   -0.0032751792
  -0.0000002431   -0.0000003512   -0.0033051336
  -0.0000000283   -0.0000000057   -0.0033042544
  -0.0013644417    0.0001610889   -0.0049338563
   0.0015105871   -0.0021479728   -0.0035720185
   0.0000002639   -0.0000003706   -0.0033051998
  -0.0000000007   -0.0000000039   -0.0033043238
  -0.0001963020    0.0130581054   -0.0082924684
   0.0000007434    0.0000000601   -0.0033151806
   0.0000000052   -0.0000000055   -0.0033041807
   0.0002497416   -0.0018235765   -0.0040786138
  -0.0000003943    0.0000020125   -0.0033094882
   0.0000000001    0.0000000009   -0.0033041606
   0.0000599236   -0.0000236479   -0.0033449199
  -0.0002320744    0.0003361576   -0.0031319140
  -0.0000000278    0.0000000060   -0.0033042523
  -0.0001681916    0.0002526605   -0.0033554053
   0.0000452714   -0.0002072310   -0.0033098855
  -0.0000000398   -0.0000000057   -0.0033043140
  -0.0035879992    0.0035879992    0.0313023995
   0.0003109598   -0.0003109598    0.0011709912
   0.0000000017   -0.0000000017    0.0028897122
   0.0000150633   -0.0000150633    0.0027583125
  -0.0003283668    0.0003283668    0.0013347511
  -0.0000000000    0.0000000000    0.0028896975
   0.0000014066   -0.0000014066    0.0028868887
   0.0015806044   -0.0015806044    0.0032886852
  -0.0000000017    0.0000000017    0.0028897122
  -0.0000011924    0.0000011924    0.0028876863
   0.0000564558   -0.0000564558    0.0029235361
  -0.0000288576    0.0000288576    0.0028316424
  -0.0000152234    0.0000152234    0.0027634539
  -0.0008119192    0.0008119192    0.0040778885
   0.0000451528   -0.0000451528    0.0027854638
  -0.0000000000   -0.0000000000    0.0028897173
   0.0000148235    0.0000154631    0.0027608818
  -0.0003455404    0.0015495331    0.0073265441
   0.0000825813   -0.0001448294    0.0024578165
   0.0000000000    0.0000000000    0.0028897172
   0.0040944243    0.0003450354    0.0038409235
  -0.0003411998   -0.0002981380    0.0012528934
  -0.0000000000   -0.0000000033    0.0028897067
   0.0000126606   -0.0000026253    0.0028679914
  -0.0001088499    0.0000776791    0.0025848616
  -0.0000000032    0.0000000000    0.0028897067
  -0.0000012920   -0.0000013073    0.0028872868
   0.0002238622   -0.0001408124    0.0029739755
  -0.0000000000    0.0000000000    0.0028897172
  -0.0000026545    0.0000120955    0.0028699803
  -0.0001408233   -0.0002239995    0.0030474950
   0.0000375884    0.0000364113    0.0028085736
   0.0000000017    0.0000000017    0.0028897122
   0.0000025355    0.0000122584    0.0028693500
  -0.0000492755   -0.0005686877    0.0032856575
   0.0000688180    0.0001159336    0.0025612595
   0.0000124978    0.0000027439    0.0028686212
   0.0009205483    0.0014714923    0.0036834998
  -0.0000914537   -0.0001377330    0.0024814629
   0.0000000000    0.0000000000    0.0028897168
   0.0005686877    0.0000492755    0.0032856575
  -0.0001159336   -0.0000688180    0.0025612595
  -0.0000000017   -0.0000000017    0.0028897122
  -0.0000122584   -0.0000025355    0.0028693500
   0.0001377330    0.0000914537    0.0024814629
  -0.0000000000   -0.0000000000    0.0028897168
  -0.0000027439   -0.0000124978    0.0028686212
  -0.0014714923   -0.0009205483    0.0036834998
   0.0002981380    0.0003411998    0.0012528934
   0.0000000033    0.0000000000    0.0028897067
   0.0000026253   -0.0000126606    0.0028679914
  -0.0003450354   -0.0040944243    0.0038409235
  -0.0000000000    0.0000000032    0.0028897067
   0.0000013073    0.0000012920    0.0028872868
   0.0001408124   -0.0002238622    0.0029739755
  -0.0000776791    0.0001088499    0.0025848616
  -0.0000120955    0.0000026545    0.0028699803
   0.0002239995    0.0001408233    0.0030474950
  -0.0000364113   -0.0000375884    0.0028085736
  -0.0000000000    0.0000000000    0.0028897172
  -0.0015495331    0.0003455404    0.0073265441
   0.0001448294   -0.0000825813    0.0024578165
  -0.0000000000   -0.0000000000    0.0028897172
  -0.0000154631   -0.0000148235    0.0027608818

193  
  0.0018497235696319  -0.0018497235696319  -0.0096517897527814
  -0.0001863914    0.0001863914   -0.0224908990
   0.0015460485   -0.0015460485   -0.0028675738
   0.0000000075   -0.0000000075   -0.0014848830
   0.0000007940   -0.0000007940   -0.0014933687
  -0.0016456695    0.0016456695   -0.0025747138
   0.0000000009   -0.0000000009   -0.0014857031
   0.0000000935   -0.0000000935   -0.0014849336
   0.0008583053   -0.0008583053   -0.0020833168
  -0.0000000086    0.0000000086   -0.0014848739
  -0.0000000794    0.0000000794   -0.0014848700
   0.0000288606   -0.0000288606   -0.0014973174
  -0.0001039710    0.0001039710   -0.0015276655
  -0.0000008047    0.0000008047   -0.0014930699
  -0.0006727110    0.0006727110   -0.0014317501
   0.0002131064   -0.0002131064   -0.0016278816
  -0.0000000000    0.0000000000   -0.0014846838
   0.0000007852    0.0000008135   -0.0014932193
  -0.0001270254    0.0020071148   -0.0019130995
   0.0003839916   -0.0006312624   -0.0018410024
   0.0000000088   -0.0000000002   -0.0014847045
   0.0019316943    0.0001271207   -0.0029724647
  -0.0017246539   -0.0014669618   -0.0027211949
  -0.0000000001   -0.0000000597   -0.0014850972
   0.0000007456   -0.0000001183   -0.0014864372
  -0.0003979995    0.0003421959   -0.0016493826
  -0.0000000596    0.0000000001   -0.0014850950
  -0.0000000862   -0.0000000867   -0.0014849018
   0.0000981127   -0.0001765796   -0.0015584221
   0.0000000002    0.0000000082   -0.0014847032
  -0.0000001212    0.0000007202   -0.0014863090
  -0.0001704175   -0.0000980809   -0.0014658251
   0.0001637754    0.0001533558   -0.0015777865
   0.0000000084    0.0000000077   -0.0014848784
   0.0000001139    0.0000007282   -0.0014863514
  -0.0000363432   -0.0002089204   -0.0016375575
   0.0002815475    0.0004438366   -0.0016957839
   0.0000007377    0.0000001256   -0.0014863949
   0.0007021231    0.0008288356   -0.0017574123
  -0.0004445642   -0.0005855440   -0.0017946852
  -0.0000000005    0.0000000003   -0.0014847386
   0.0002089204    0.0000363432   -0.0016375575
  -0.0004438366   -0.0002815475   -0.0016957839
  -0.0000000077   -0.0000000084   -0.0014848784
  -0.0000007282   -0.0000001139   -0.0014863514
   0.0005855440    0.0004445642   -0.0017946852
  -0.0000000003    0.0000000005   -0.0014847386
  -0.0000001256   -0.0000007377   -0.0014863949
  -0.0008288356   -0.0007021231   -0.0017574123
   0.0014669618    0.0017246539   -0.0027211949
   0.0000000597    0.0000000001   -0.0014850972
   0.0000001183   -0.0000007456   -0.0014864372
  -0.0001271207   -0.0019316943   -0.0029724647
  -0.0000000001    0.0000000596   -0.0014850950
   0.0000000867    0.0000000862   -0.0014849018
   0.0001765796   -0.0000981127   -0.0015584221
  -0.0003421959    0.0003979995   -0.0016493826
  -0.0000007202    0.0000001212   -0.0014863090
   0.0000980809    0.0001704175   -0.0014658251
  -0.0001533558   -0.0001637754   -0.0015777865
  -0.0000000082   -0.0000000002   -0.0014847032
  -0.0020071148    0.0001270254   -0.0019130995
   0.0006312624   -0.0003839916   -0.0018410024
   0.0000000002   -0.0000000088   -0.0014847045
  -0.0000008135   -0.0000007852   -0.0014932193
  -0.0000318278    0.0000318278   -0.0011657972
   0.0126106550   -0.0126106550   -0.0043223578
   0.0000113620   -0.0000113620   -0.0000272293
  -0.0000000000    0.0000000000   -0.0000000000
  -0.0083549566    0.0083549566    0.0035273818
  -0.0000006567    0.0000006567   -0.0001445430
  -0.0000000000    0.0000000000    0.0000000000
   0.0002580742   -0.0002580742   -0.0003865551
  -0.0000107877    0.0000107877   -0.0000234805
   0.0000000000   -0.0000000000    0.0000000000
   0.0000031410   -0.0000031410   -0.0000134257
   0.0000738839   -0.0000738839    0.0003020327
   0.0000000000   -0.0000000000   -0.0000000000
  -0.0002225844    0.0002225844   -0.0002795040
   0.0002717295   -0.0002717295    0.0000786007
   0.0000000789   -0.0000000789   -0.0000009541
  -0.0000000000   -0.0000000000   -0.0000000000
  -0.0000234920    0.0004258380   -0.0005510406
   0.0003016678   -0.0006750634    0.0003729058
   0.0000026048   -0.0000002378   -0.0000063269
   0.0004369092    0.0000235095   -0.0006464775
  -0.0123073698   -0.0086682727   -0.0004045546
  -0.0000002727   -0.0000248248   -0.0000630210
  -0.0000000000    0.0000000000    0.0000000000
   0.0002524668    0.0000231575    0.0009458917
  -0.0000247868    0.0000002738   -0.0000578164
   0.0000000000    0.0000000000    0.0000000000
   0.0000123145   -0.0000682189   -0.0001087740
   0.0000002390    0.0000025512   -0.0000057663
   0.0000000000   -0.0000000000    0.0000000000
  -0.0000648201   -0.0000123027   -0.0000909237
   0.0001222875    0.0000757615    0.0001903004
   0.0000108567    0.0000112929   -0.0000253570
  -0.0000000000   -0.0000000000    0.0000000000
  -0.0000065881   -0.0000241303   -0.0001644907
  -0.0001657268   -0.0001267712    0.0008564440
  -0.0000000000   -0.0000000000    0.0000000000
   0.0002336665    0.0002469928   -0.0003330186
  -0.0004904076   -0.0005495740    0.0004622169
  -0.0000001224   -0.0000006566   -0.0000159568
   0.0000241303    0.0000065881   -0.0001644907
   0.0001267712    0.0001657268    0.0008564440
  -0.0000112929   -0.0000108567   -0.0000253570
   0.0000000000    0.0000000000    0.0000000000
   0.0005495740    0.0004904076    0.0004622169
   0.0000006566    0.0000001224   -0.0000159568
   0.0000000000    0.0000000000    0.0000000000
  -0.0002469928   -0.0002336665   -0.0003330186
   0.0086682727    0.0123073698   -0.0004045546
   0.0000248248    0.0000002727   -0.0000630210
  -0.0000000000    0.0000000000    0.0000000000
  -0.0000235095   -0.0004369092   -0.0006464775
  -0.0000002738    0.0000247868   -0.0000578164
  -0.0000000000   -0.0000000000    0.0000000000
   0.0000682189   -0.0000123145   -0.0001087740
  -0.0000231575   -0.0002524668    0.0009458917
   0.0000000000   -0.0000000000    0.0000000000
   0.0000123027    0.0000648201   -0.0000909237
  -0.0000757615   -0.0001222875    0.0001903004
  -0.0000025512   -0.0000002390   -0.0000057663
  -0.0004258380    0.0000234920   -0.0005510406
   0.0006750634   -0.0003016678    0.0003729058
   0.0000002378   -0.0000026048   -0.0000063269
   0.0000000000    0.0000000000   -0.0000000000
  -0.0000008631    0.0000008631    0.0013417435
  -0.0123123664    0.0123123664    0.0056345440
   0.0001870519   -0.0001870519    0.0010603252
   0.0000000000   -0.0000000000    0.0014846867
   0.0186543831   -0.0186543831   -0.0037456379
  -0.0000225906    0.0000225906   -0.0009450267
   0.0000000001   -0.0000000001    0.0014846888
   0.0000213790   -0.0000213790    0.0014439866
  -0.0001669765    0.0001669765    0.0011938530
  -0.0000000001    0.0000000001    0.0014846888
   0.0000001071   -0.0000001071    0.0014837117
   0.0003909663   -0.0003909663    0.0014687328
  -0.0000000000    0.0000000000    0.0014846867
  -0.0000206562    0.0000206562    0.0014478964
   0.0000162261   -0.0000162261    0.0016514033
   0.0000025256   -0.0000025256    0.0014646750
   0.0000000000    0.0000000000    0.0014846867
  -0.0000005025    0.0000397434    0.0014114562
  -0.0001475963    0.0000307994    0.0019227767
   0.0000491859   -0.0000118025    0.0013865934
   0.0000401076    0.0000005026    0.0014082573
   0.0133047529    0.0176463148    0.0009537355
  -0.0000120338   -0.0003272947    0.0005025471
  -0.0000000000   -0.0000000004    0.0014846858
   0.0011414184   -0.0004876708    0.0014857843
  -0.0003310412    0.0000120388    0.0006640127
  -0.0000000001   -0.0000000001    0.0014846888
   0.0000003055   -0.0000025252    0.0014796363
   0.0000118137    0.0000480883    0.0014038942
  -0.0000000004   -0.0000000000    0.0014846858
  -0.0000024841   -0.0000003051    0.0014801533
  -0.0001586037   -0.0002159103    0.0015600665
   0.0001666836    0.0001873466    0.0011270613
   0.0000000004   -0.0000000000    0.0014846858
  -0.0000001418   -0.0000004637    0.0014731809
  -0.0007148160   -0.0009783036    0.0015491240
  -0.0000000000    0.0000000004    0.0014846858
   0.0000208607    0.0000211747    0.0014459425
  -0.0000793422    0.0001938117    0.0018596167
  -0.0000035257   -0.0000248516    0.0012508792
   0.0000004637    0.0000001418    0.0014731809
   0.0009783036    0.0007148160    0.0015491240
  -0.0001873466   -0.0001666836    0.0011270613
   0.0000000000   -0.0000000004    0.0014846858
  -0.0001938117    0.0000793422    0.0018596167
   0.0000248516    0.0000035257    0.0012508792
  -0.0000000004    0.0000000000    0.0014846858
  -0.0000211747   -0.0000208607    0.0014459425
  -0.0176463148   -0.0133047529    0.0009537355
   0.0003272947    0.0000120338    0.0005025471
   0.0000000004    0.0000000000    0.0014846858
  -0.0000005026   -0.0000401076    0.0014082573
  -0.0000120388    0.0003310412    0.0006640127
   0.0000000001    0.0000000001    0.0014846888
   0.0000025252   -0.0000003055    0.0014796363
   0.0004876708   -0.0011414184    0.0014857843
   0.0000000000    0.0000000004    0.0014846858
   0.0000003051    0.0000024841    0.0014801533
   0.0002159103    0.0001586037    0.0015600665
  -0.0000480883   -0.0000118137    0.0014038942
  -0.0000397434    0.0000005025    0.0014114562
  -0.0000307994    0.0001475963    0.0019227767
   0.0000118025   -0.0000491859    0.0013865934
  -0.0000000000   -0.0000000000    0.0014846867
  -0.0326962086    0.0326962086    0.1577384788
   0.0001236333   -0.0001236333    0.0041711557
  -0.0000000000    0.0000000000    0.0050364265
   0.0001104451   -0.0001104451    0.0041585452
  -0.0001268032    0.0001268032    0.0042562661
   0.0000000000    0.0000000000    0.0050364265
   0.0000134798   -0.0000134798    0.0050087875
   0.0021889947   -0.0021889947    0.0067455418
   0.0000000000   -0.0000000000    0.0050364265
  -0.0000103498    0.0000103498    0.0050194727
   0.0001440758   -0.0001440758    0.0051090142
  -0.0000122286    0.0000122286    0.0050189092
  -0.0001136503    0.0001136503    0.0042549988
   0.0009596104   -0.0009596104    0.0062606921
   0.0000153077   -0.0000153077    0.0050099599
   0.0000000000   -0.0000000000    0.0050364265
   0.0001080466    0.0001160503    0.0042067935
  -0.0007514552   -0.0091157789    0.0104876461
   0.0000287580   -0.0000650756    0.0048613830
   0.0000000000   -0.0000000000    0.0050364265
   0.0128752527    0.0007540151    0.0112682833
  -0.0001291968   -0.0001212327    0.0042137040
  -0.0000000000   -0.0000000000    0.0050364265
   0.0001048385   -0.0000212062    0.0048655655
  -0.0000578138    0.0000277269    0.0049075707
  -0.0000000000   -0.0000000000    0.0050364265
  -0.0000116635   -0.0000121622    0.0050141374
   0.0007855536   -0.0000876627    0.0053235358
   0.0000000000    0.0000000000    0.0050364265
  -0.0000213778    0.0000963735    0.0049001347
  -0.0000946346   -0.0007850143    0.0052888844
   0.0000140066    0.0000135371    0.0050144286
  -0.0000000000   -0.0000000000    0.0050364265
   0.0000196566    0.0000990810    0.0048892773
  -0.0001349512   -0.0026239685    0.0056920229
   0.0000260365    0.0000593628    0.0048995005
   0.0001021290    0.0000229306    0.0048764322
  -0.0010322088    0.0022604774    0.0065029949
  -0.0000304423   -0.0000635334    0.0048694385
   0.0000000000    0.0000000000    0.0050364265
   0.0026239685    0.0001349512    0.0056920229
  -0.0000593628   -0.0000260365    0.0048995005
   0.0000000000    0.0000000000    0.0050364265
  -0.0000990810   -0.0000196566    0.0048892773
   0.0000635334    0.0000304423    0.0048694385
   0.0000000000    0.0000000000    0.0050364265
  -0.0000229306   -0.0001021290    0.0048764322
  -0.0022604774    0.0010322088    0.0065029949
   0.0001212327    0.0001291968    0.0042137040
   0.0000000000    0.0000000000    0.0050364265
   0.0000212062   -0.0001048385    0.0048655655
  -0.0007540151   -0.0128752527    0.0112682833
   0.0000000000    0.0000000000    0.0050364265
   0.0000121622    0.0000116635    0.0050141374
   0.0000876627   -0.0007855536    0.0053235358
  -0.0000277269    0.0000578138    0.0049075707
  -0.0000963735    0.0000213778    0.0049001347
   0.0007850143    0.0000946346    0.0052888844
  -0.0000135371   -0.0000140066    0.0050144286
  -0.0000000000   -0.0000000000    0.0050364265
   0.0091157789    0.0007514552    0.0104876461
   0.0000650756   -0.0000287580    0.0048613830
   0.0000000000   -0.0000000000    0.0050364265
  -0.0001160503   -0.0001080466    0.0042067935
  -0.0000000016    0.0000000016   -0.0050369986
  -0.0013436610    0.0013436610   -0.0090675381
   0.0019203242   -0.0019203242   -0.0054548510
   0.0000001728   -0.0000001728   -0.0050370568
   0.0012456562   -0.0012456562   -0.0100666362
  -0.0006276090    0.0006276090   -0.0592591945
   0.0000012533   -0.0000012533   -0.0050613122
   0.0000000138   -0.0000000138   -0.0050365607
  -0.0013288261    0.0013288261   -0.0042055619
  -0.0000012517    0.0000012517   -0.0050603613
   0.0000000002   -0.0000000002   -0.0050364303
   0.0002617365   -0.0002617365   -0.0052162258
  -0.0000001660    0.0000001660   -0.0050369322
  -0.0000000125    0.0000000125   -0.0050365509
  -0.0001659543    0.0001659543   -0.0050529450
   0.0000507661   -0.0000507661   -0.0050435545
   0.0000001775    0.0000001614   -0.0050369948
  -0.0000000009    0.0000000123   -0.0050366634
  -0.0002287289    0.0009217486   -0.0053095275
   0.0003487193   -0.0002346837   -0.0050658312
   0.0000000132    0.0000000009   -0.0050366678
   0.0011828113    0.0014066200   -0.0095668719
  -0.0001826399   -0.0080115438   -0.0057628955
   0.0000003701   -0.0000007271   -0.0050407762
   0.0011903982   -0.0002698886   -0.0058075932
  -0.0082226806    0.0001830506   -0.0026503843
  -0.0000012629   -0.0000012421   -0.0050608373
   0.0000000000   -0.0000000058   -0.0050364488
   0.0002348745    0.0003466861   -0.0049317616
  -0.0000007188    0.0000003771   -0.0050403583
  -0.0000000054   -0.0000000000   -0.0050364466
  -0.0002110143   -0.0002166194   -0.0051345396
   0.0013338946    0.0019153771   -0.0048304281
   0.0000007247    0.0000003794   -0.0050406355
  -0.0000000005   -0.0000000004   -0.0050364623
  -0.0003168126   -0.0011024640   -0.0057121600
   0.0000003678    0.0000007213   -0.0050404999
   0.0000000132    0.0000000131   -0.0050365558
   0.0001818340    0.0010095352   -0.0054048364
  -0.0000537629   -0.0007142544   -0.0048663495
   0.0000000004    0.0000000005   -0.0050364623
   0.0011024640    0.0003168126   -0.0057121600
  -0.0019153771   -0.0013338946   -0.0048304281
  -0.0000003794   -0.0000007247   -0.0050406355
  -0.0010095352   -0.0001818340   -0.0054048364
   0.0007142544    0.0000537629   -0.0048663495
  -0.0000007213   -0.0000003678   -0.0050404999
  -0.0000000131   -0.0000000132   -0.0050365558
  -0.0014066200   -0.0011828113   -0.0095668719
   0.0080115438    0.0001826399   -0.0057628955
   0.0000007271   -0.0000003701   -0.0050407762
  -0.0000000009   -0.0000000132   -0.0050366678
  -0.0001830506    0.0082226806   -0.0026503843
   0.0000012421    0.0000012629   -0.0050608373
   0.0000000058   -0.0000000000   -0.0050364488
   0.0002698886   -0.0011903982   -0.0058075932
  -0.0000003771    0.0000007188   -0.0050403583
   0.0000000000    0.0000000054   -0.0050364466
   0.0002166194    0.0002110143   -0.0051345396
  -0.0003466861   -0.0002348745   -0.0049317616
  -0.0000000123    0.0000000009   -0.0050366634
  -0.0009217486    0.0002287289   -0.0053095275
   0.0002346837   -0.0003487193   -0.0050658312
  -0.0000001614   -0.0000001775   -0.0050369948
  -0.0000000040   -0.0000000006   -0.0033039920
   0.0001615096   -0.0013518166   -0.0016973300
  -0.0021434524    0.0015078065   -0.0030306113
  -0.0000003596    0.0000002564   -0.0033031434
  -0.0018241871    0.0002485857   -0.0025346331
   0.0129991894   -0.0001952413    0.0016315939
   0.0000000572    0.0000007315   -0.0032932895
  -0.0000000054    0.0000000052   -0.0033041354
   0.0003320591   -0.0002297858   -0.0034762387
   0.0000019611   -0.0000003859   -0.0032989128
   0.0000000009    0.0000000001   -0.0033041555
  -0.0000238355    0.0000604556   -0.0032633885
  -0.0000000052   -0.0000000378   -0.0033040084
   0.0000000061   -0.0000000280   -0.0033040633
   0.0002565175   -0.0001703096   -0.0032519783
  -0.0002056179    0.0000449238   -0.0032982279
  -0.0000003411   -0.0000002375   -0.0033032050
  -0.0000000057   -0.0000000285   -0.0033040614
   0.0000396423   -0.0002925543   -0.0032383060
  -0.0003012014    0.0001627827   -0.0033333332
  -0.0000000108   -0.0000000002   -0.0033041175
  -0.0016945855   -0.0002824932   -0.0026182669
   0.0024075813    0.0012937316   -0.0032414589
   0.0000000147    0.0000004695   -0.0033018974
  -0.0001130366    0.0000536729   -0.0031334084
   0.0014841114   -0.0000389663   -0.0037050267
   0.0000020040    0.0000003673   -0.0032987921
   0.0000000051    0.0000000050   -0.0033041366
  -0.0006352567   -0.0003387877   -0.0033604974
  -0.0000000231   -0.0000001334   -0.0033030315
   0.0000000001    0.0000000002   -0.0033041363
   0.0003468781    0.0002103885   -0.0031840197
  -0.0014338531   -0.0014983680   -0.0035382709
  -0.0000019929   -0.0000004140   -0.0032987128
  -0.0000000000    0.0000000002   -0.0033041352
   0.0000396936    0.0003801164   -0.0031079194
   0.0000000149   -0.0000004211   -0.0033020473
  -0.0000000052   -0.0000000050   -0.0033041368
  -0.0002705642   -0.0001978525   -0.0032199821
   0.0003828755    0.0001628416   -0.0033601749
   0.0000000105   -0.0000000002   -0.0033041191
  -0.0001129859   -0.0000673072   -0.0031585556
   0.0005587260    0.0002255234   -0.0033721910
   0.0000003504    0.0000002466   -0.0033032021
   0.0017703238    0.0001893568   -0.0026732972
  -0.0025310957   -0.0000389316   -0.0032537848
  -0.0000000230    0.0000001276   -0.0033029867
   0.0000000060    0.0000000284   -0.0033040607
   0.0001616886    0.0012702608   -0.0015336841
  -0.0119635788   -0.0001947738    0.0021285337
  -0.0000020358    0.0000003956   -0.0032985927
  -0.0000000057    0.0000000288   -0.0033040588
   0.0016986129   -0.0012843300   -0.0037491559
   0.0000000574   -0.0000007749   -0.0032934952
  -0.0000000010    0.0000000001   -0.0033041552
  -0.0003609361    0.0002379778   -0.0031519899
   0.0000003318   -0.0000002274   -0.0033032641
   0.0000000048   -0.0000000049   -0.0033041380
  -0.0000238040   -0.0000470637   -0.0032867140
   0.0001266038    0.0000449721   -0.0033293348
   0.0000000042   -0.0000000006   -0.0033039939
   0.0016408157   -0.0002232512   -0.0027568813
  -0.0008615636    0.0003344832   -0.0032565004
  -0.0000000051    0.0000000441   -0.0033039819
   0.0000000286   -0.0000000286   -0.0028773869
   0.0028754494   -0.0028754494    0.0016316942
  -0.0004825415    0.0004825415   -0.0024166218
  -0.0000000004    0.0000000004   -0.0028897175
  -0.0027192059    0.0027192059    0.0035517197
   0.0001190622   -0.0001190622    0.0084571100
  -0.0000000052    0.0000000052   -0.0028894720
  -0.0000008334    0.0000008334   -0.0028860275
   0.0003776965   -0.0003776965   -0.0028172434
   0.0000000052   -0.0000000052   -0.0028894861
  -0.0000000034    0.0000000034   -0.0028896662
  -0.0001915405    0.0001915405   -0.0026990131
   0.0000000003   -0.0000000003   -0.0028897182
   0.0000008093   -0.0000008093   -0.0028862473
   0.0000795056   -0.0000795056   -0.0029665037
  -0.0000117019    0.0000117019   -0.0028661202
  -0.0000000002   -0.0000000005   -0.0028897179
   0.0000000165   -0.0000015730   -0.0028830038
   0.0001287900   -0.0002985991   -0.0029190752
  -0.0001189194    0.0000479362   -0.0027692139
  -0.0000015846   -0.0000000165   -0.0028828381
  -0.0026783706   -0.0029161480    0.0025907212
   0.0000387477    0.0015928507   -0.0011100676
  -0.0000000026    0.0000000161   -0.0028896742
  -0.0005797308    0.0002131428   -0.0021739804
   0.0016237695   -0.0000387725   -0.0017998577
   0.0000000060    0.0000000044   -0.0028894790
  -0.0000000105    0.0000001170   -0.0028892904
  -0.0000479798   -0.0001190037   -0.0028256938
   0.0000000150   -0.0000000026   -0.0028896779
   0.0000001147    0.0000000105   -0.0028893334
   0.0001273943    0.0001436040   -0.0028328139
  -0.0003705434   -0.0004896734   -0.0026168397
  -0.0000000155   -0.0000000026   -0.0028896762
   0.0000000059    0.0000000162   -0.0028888579
   0.0002723157    0.0005196211   -0.0023053316
  -0.0000000026   -0.0000000155   -0.0028896758
  -0.0000008151   -0.0000008277   -0.0028861374
  -0.0000696672   -0.0003586931   -0.0027877826
   0.0000118468    0.0001399552   -0.0026590229
  -0.0000000162   -0.0000000059   -0.0028888579
  -0.0005196211   -0.0002723157   -0.0023053316
   0.0004896734    0.0003705434   -0.0026168397
   0.0000000026    0.0000000155   -0.0028896762
   0.0003586931    0.0000696672   -0.0027877826
  -0.0001399552   -0.0000118468   -0.0026590229
   0.0000000155    0.0000000026   -0.0028896758
   0.0000008277    0.0000008151   -0.0028861374
   0.0029161480    0.0026783706    0.0025907212
  -0.0015928507   -0.0000387477   -0.0011100676
  -0.0000000161    0.0000000026   -0.0028896742
   0.0000000165    0.0000015846   -0.0028828381
   0.0000387725   -0.0016237695   -0.0017998577
  -0.0000000044   -0.0000000060   -0.0028894790
  -0.0000001170    0.0000000105   -0.0028892904
  -0.0002131428    0.0005797308   -0.0021739804
   0.0000000026   -0.0000000150   -0.0028896779
  -0.0000000105   -0.0000001147   -0.0028893334
  -0.0001436040   -0.0001273943   -0.0028328139
   0.0001190037    0.0000479798   -0.0028256938
   0.0000015730   -0.0000000165   -0.0028830038
   0.0002985991   -0.0001287900   -0.0029190752
  -0.0000479362    0.0001189194   -0.0027692139
   0.0000000005    0.0000000002   -0.0028897179
   0.0000000000   -0.0000000000    0.0000000000
   0.0002521970   -0.0002521970    0.0017945151
  -0.0008016861    0.0008016861   -0.0001855343
  -0.0000008426    0.0000008426    0.0000030040
  -0.0002380872    0.0002380872    0.0020950684
   0.0028809196   -0.0028809196   -0.0069052520
  -0.0000090856    0.0000090856    0.0001148208
  -0.0000000000    0.0000000000    0.0000000000
   0.0002792726   -0.0002792726   -0.0017428107
   0.0000091502   -0.0000091502    0.0001095362
   0.0000000000   -0.0000000000   -0.0000000000
  -0.0000454855    0.0000454855    0.0000882330
   0.0000008209   -0.0000008209    0.0000023980
   0.0000000000   -0.0000000000    0.0000000000
   0.0000337753   -0.0000337753    0.0000487302
  -0.0000422747    0.0000422747   -0.0000462364
  -0.0000008336   -0.0000008306    0.0000027018
   0.0000000000   -0.0000000000    0.0000000000
   0.0000362989   -0.0001639193    0.0002944404
  -0.0000524052    0.0001671776   -0.0001813652
  -0.0000000000   -0.0000000000    0.0000000000
  -0.0002258261   -0.0002644632    0.0019447184
   0.0002036062    0.0022740356   -0.0012228531
  -0.0000013668    0.0000063931    0.0000223449
  -0.0002006512    0.0000401644    0.0004219675
   0.0000416232   -0.0002039493   -0.0062352006
   0.0000091342    0.0000091010    0.0001121808
  -0.0000000000   -0.0000000000   -0.0000000000
  -0.0001672922   -0.0000544890   -0.0003285197
   0.0000062087   -0.0000013649    0.0000200320
  -0.0000000000    0.0000000000   -0.0000000000
   0.0000395812    0.0000396722    0.0000684674
  -0.0002973434   -0.0007832363   -0.0009641438
  -0.0000062740   -0.0000013638    0.0000216874
  -0.0000000000   -0.0000000000   -0.0000000000
   0.0000460865    0.0001880701    0.0003851231
  -0.0000013674   -0.0000063284    0.0000206908
  -0.0000000000   -0.0000000000    0.0000000000
  -0.0000303836   -0.0001764895    0.0003312387
   0.0000340356    0.0004731750   -0.0007126748
  -0.0000000000   -0.0000000000   -0.0000000000
  -0.0001880701   -0.0000460865    0.0003851231
   0.0007832363    0.0002973434   -0.0009641438
   0.0000013638    0.0000062740    0.0000216874
   0.0001764895    0.0000303836    0.0003312387
  -0.0004731750   -0.0000340356   -0.0007126748
   0.0000063284    0.0000013674    0.0000206908
   0.0000000000    0.0000000000    0.0000000000
   0.0002644632    0.0002258261    0.0019447184
  -0.0022740356   -0.0002036062   -0.0012228531
  -0.0000063931    0.0000013668    0.0000223449
   0.0000000000    0.0000000000    0.0000000000
   0.0002039493   -0.0000416232   -0.0062352006
  -0.0000091010   -0.0000091342    0.0001121808
   0.0000000000   -0.0000000000   -0.0000000000
  -0.0000401644    0.0002006512    0.0004219675
   0.0000013649   -0.0000062087    0.0000200320
  -0.0000000000    0.0000000000   -0.0000000000
  -0.0000396722   -0.0000395812    0.0000684674
   0.0000544890    0.0001672922   -0.0003285197
   0.0000000000   -0.0000000000    0.0000000000
   0.0001639193   -0.0000362989    0.0002944404
  -0.0001671776    0.0000524052   -0.0001813652
   0.0000008306    0.0000008336    0.0000027018
  -0.0000431955   -0.0000072662    0.0036054908
   0.0029189828   -0.0089539369   -0.0138475776
  -0.0000301096    0.0001451988    0.0034764918
  -0.0000000000    0.0000000000    0.0033041581
  -0.0021915257    0.0024928170    0.0016119159
   0.0000978006   -0.0000066072    0.0036202135
  -0.0000000000   -0.0000000000    0.0033041581
  -0.0000272271    0.0000299062    0.0033468102
   0.0000164496   -0.0000267377    0.0033344440
   0.0000000000    0.0000000000    0.0033041581
   0.0000029811    0.0000008569    0.0033096341
  -0.0001363260    0.0001450052    0.0032423430
  -0.0000000000   -0.0000000000    0.0033041581
   0.0000266143   -0.0001656092    0.0034628882
  -0.0001349224    0.0007726997    0.0030740201
  -0.0000037192    0.0000006773    0.0033106843
  -0.0000000000   -0.0000000000    0.0033041581
  -0.0000246594   -0.0001709043    0.0034729699
   0.0001264855    0.0024106186    0.0025662617
  -0.0000081720    0.0000051012    0.0033514871
  -0.0000495664   -0.0000016350    0.0033734039
  -0.0015743606   -0.0036089330    0.0016853338
   0.0000326236    0.0001402833    0.0034684150
  -0.0000000000    0.0000000000    0.0033041581
  -0.0005107753   -0.0000423829    0.0031368017
   0.0000330616   -0.0000014366    0.0033667846
   0.0000000000   -0.0000000000    0.0033041581
   0.0000254303    0.0000272114    0.0033410852
  -0.0000188388   -0.0000311227    0.0033417644
  -0.0000000000   -0.0000000000    0.0033041581
   0.0000055406    0.0000033059    0.0033393472
   0.0003279364    0.0003671726    0.0030483263
  -0.0000270860   -0.0001440739    0.0034588668
  -0.0000000000    0.0000000000    0.0033041581
  -0.0000049661    0.0000033075    0.0033420726
   0.0001264024    0.0036258172    0.0024439019
  -0.0000000000   -0.0000000000    0.0033041581
  -0.0000258805   -0.0000290260    0.0033426042
   0.0001455697   -0.0000429688    0.0030248131
   0.0000086140    0.0000051056    0.0033492161
   0.0000460864   -0.0000016338    0.0033630127
  -0.0005106633   -0.0001964418    0.0031378926
   0.0000184285    0.0000274338    0.0033386959
  -0.0000000000    0.0000000000    0.0033041581
  -0.0000861044   -0.0024793833    0.0016874650
  -0.0000381720   -0.0000014333    0.0033813515
  -0.0000000000   -0.0000000000    0.0033041581
   0.0000282558    0.0001697505    0.0034785827
   0.0029120518    0.0016708449   -0.0136831099
  -0.0000925098   -0.0000066025    0.0036367419
  -0.0000000000   -0.0000000000    0.0033041581
  -0.0000262984    0.0001750484    0.0034886704
   0.0000296036   -0.0001391563    0.0034507855
  -0.0000000000    0.0000000000    0.0033041581
  -0.0000035323    0.0000008599    0.0033113520
  -0.0003175384    0.0011839498    0.0029990528
  -0.0000000000   -0.0000000000    0.0033041581
   0.0000240848   -0.0000263303    0.0033368847
  -0.0001362118    0.0000809766    0.0032467197
   0.0000032689    0.0000006794    0.0033095411
   0.0000466873   -0.0000072608    0.0035881698
  -0.0007011283    0.0013637339    0.0017608535
  -0.0000208127    0.0000318173    0.0033460092
  -0.0000000000    0.0000000000    0.0033041581
   0.0000072608   -0.0000466873    0.0035881698
  -0.0013637339    0.0007011283    0.0017608535
  -0.0000318173    0.0000208127    0.0033460092
   0.0000000000    0.0000000000    0.0033041581
  -0.0016708449   -0.0029120518   -0.0136831099
   0.0000066025    0.0000925098    0.0036367419
   0.0000000000    0.0000000000    0.0033041581
  -0.0001750484    0.0000262984    0.0034886704
   0.0001391563   -0.0000296036    0.0034507855
  -0.0000000000   -0.0000000000    0.0033041581
  -0.0000008599    0.0000035323    0.0033113520
  -0.0011839498    0.0003175384    0.0029990528
  -0.0000000000   -0.0000000000    0.0033041581
   0.0000263303   -0.0000240848    0.0033368847
  -0.0000809766    0.0001362118    0.0032467197
  -0.0000006794   -0.0000032689    0.0033095411
   0.0000000000   -0.0000000000    0.0033041581
   0.0000016338   -0.0000460864    0.0033630127
   0.0001964418    0.0005106633    0.0031378926
  -0.0000274338   -0.0000184285    0.0033386959
  -0.0001697505   -0.0000282558    0.0034785827
   0.0024793833    0.0000861044    0.0016874650
   0.0000014333    0.0000381720    0.0033813515
   0.0000000000    0.0000000000    0.0033041581
  -0.0036258172   -0.0001264024    0.0024439019
   0.0001440739    0.0000270860    0.0034588668
  -0.0000000000    0.0000000000    0.0033041581
  -0.0000033075    0.0000049661    0.0033420726
  -0.0000051056   -0.0000086140    0.0033492161
  -0.0000000000    0.0000000000    0.0033041581
   0.0000290260    0.0000258805    0.0033426042
   0.0000429688   -0.0001455697    0.0030248131
  -0.0001402833   -0.0000326236    0.0034684150
   0.0000000000   -0.0000000000    0.0033041581
   0.0000016350    0.0000495664    0.0033734039
   0.0036089330    0.0015743606    0.0016853338
   0.0000000000   -0.0000000000    0.0033041581
  -0.0000272114   -0.0000254303    0.0033410852
   0.0000423829    0.0005107753    0.0031368017
   0.0000014366   -0.0000330616    0.0033667846
  -0.0000033059   -0.0000055406    0.0033393472
  -0.0003671726   -0.0003279364    0.0030483263
   0.0000311227    0.0000188388    0.0033417644
   0.0000000000    0.0000000000    0.0033041581
  -0.0024106186   -0.0001264855    0.0025662617
  -0.0000051012    0.0000081720    0.0033514871
  -0.0000000000    0.0000000000    0.0033041581
   0.0001709043    0.0000246594    0.0034729699
   0.0089539369   -0.0029189828   -0.0138475776
  -0.0001451988    0.0000301096    0.0034764918
   0.0000000000    0.0000000000    0.0033041581
   0.0000072662    0.0000431955    0.0036054908
   0.0000066072   -0.0000978006    0.0036202135
   0.0000000000    0.0000000000    0.0033041581
  -0.0000299062    0.0000272271    0.0033468102
  -0.0024928170    0.0021915257    0.0016119159
  -0.0000000000   -0.0000000000    0.0033041581
  -0.0000008569   -0.0000029811    0.0033096341
  -0.0001450052    0.0001363260    0.0032423430
   0.0000267377   -0.0000164496    0.0033344440
   0.0001656092   -0.0000266143    0.0034628882
  -0.0007726997    0.0001349224    0.0030740201
  -0.0000006773    0.0000037192    0.0033106843
   0.0000000000    0.0000000000    0.0033041581
   0.0000000006   -0.0000000042   -0.0033039939
   0.0002232512   -0.0016408157   -0.0027568813
  -0.0003344832    0.0008615636   -0.0032565004
  -0.0000000441    0.0000000051   -0.0033039819
  -0.0012702608   -0.0001616886   -0.0015336841
   0.0001947738    0.0119635788    0.0021285337
  -0.0000003956    0.0000020358   -0.0032985927
  -0.0000000288    0.0000000057   -0.0033040588
   0.0012843300   -0.0016986129   -0.0037491559
   0.0000007749   -0.0000000574   -0.0032934952
  -0.0000000001    0.0000000010   -0.0033041552
  -0.0002379778    0.0003609361   -0.0031519899
   0.0000002274   -0.0000003318   -0.0033032641
   0.0000000049   -0.0000000048   -0.0033041380
   0.0000470637    0.0000238040   -0.0032867140
  -0.0000449721   -0.0001266038   -0.0033293348
  -0.0000002466   -0.0000003504   -0.0033032021
   0.0000000002   -0.0000000105   -0.0033041191
   0.0000673072    0.0001129859   -0.0031585556
  -0.0002255234   -0.0005587260   -0.0033721910
  -0.0000000284   -0.0000000060   -0.0033040607
  -0.0001893568   -0.0017703238   -0.0026732972
   0.0000389316    0.0025310957   -0.0032537848
  -0.0000001276    0.0000000230   -0.0033029867
  -0.0003801164   -0.0000396936   -0.0031079194
   0.0014983680    0.0014338531   -0.0035382709
   0.0000004140    0.0000019929   -0.0032987128
  -0.0000000002    0.0000000000   -0.0033041352
  -0.0001628416   -0.0003828755   -0.0033601749
   0.0000004211   -0.0000000149   -0.0033020473
   0.0000000050    0.0000000052   -0.0033041368
   0.0001978525    0.0002705642   -0.0032199821
  -0.0012937316   -0.0024075813   -0.0032414589
  -0.0000004695   -0.0000000147   -0.0033018974
   0.0000000002    0.0000000108   -0.0033041175
   0.0002824932    0.0016945855   -0.0026182669
  -0.0000003673   -0.0000020040   -0.0032987921
  -0.0000000050   -0.0000000051   -0.0033041366
  -0.0000536729    0.0001130366   -0.0031334084
   0.0000389663   -0.0014841114   -0.0037050267
  -0.0000000002   -0.0000000001   -0.0033041363
  -0.0002103885   -0.0003468781   -0.0031840197
   0.0003387877    0.0006352567   -0.0033604974
   0.0000001334    0.0000000231   -0.0033030315
   0.0002925543   -0.0000396423   -0.0032383060
  -0.0001627827    0.0003012014   -0.0033333332
   0.0000002375    0.0000003411   -0.0033032050
   0.0000000285    0.0000000057   -0.0033040614
   0.0013518166   -0.0001615096   -0.0016973300
  -0.0015078065    0.0021434524   -0.0030306113
  -0.0000002564    0.0000003596   -0.0033031434
   0.0000000006    0.0000000040   -0.0033039920
   0.0001952413   -0.0129991894    0.0016315939
  -0.0000007315   -0.0000000572   -0.0032932895
  -0.0000000052    0.0000000054   -0.0033041354
  -0.0002485857    0.0018241871   -0.0025346331
   0.0000003859   -0.0000019611   -0.0032989128
  -0.0000000001   -0.0000000009   -0.0033041555
  -0.0000604556    0.0000238355   -0.0032633885
   0.0002297858   -0.0003320591   -0.0034762387
   0.0000000280   -0.0000000061   -0.0033040633
   0.0001703096   -0.0002565175   -0.0032519783
  -0.0000449238    0.0002056179   -0.0032982279
   0.0000000378    0.0000000052   -0.0033040084
   0.0035561969   -0.0035561969   -0.0297412447
  -0.0003083882    0.0003083882    0.0045965564
  -0.0000000014    0.0000000014    0.0028897213
  -0.0000152551    0.0000152551    0.0030226049
   0.0003255762   -0.0003255762    0.0044341280
   0.0000000000   -0.0000000000    0.0028897331
  -0.0000014118    0.0000014118    0.0028925556
  -0.0015695409    0.0015695409    0.0024750289
   0.0000000014   -0.0000000014    0.0028897213
   0.0000012023   -0.0000012023    0.0028917531
  -0.0000565275    0.0000565275    0.0028554627
   0.0000286744   -0.0000286744    0.0029473478
   0.0000154087   -0.0000154087    0.0030175369
   0.0008009606   -0.0008009606    0.0016941321
  -0.0000448332    0.0000448332    0.0029928953
  -0.0000000000   -0.0000000000    0.0028897173
  -0.0000150218   -0.0000156421    0.0030200696
   0.0003481171   -0.0014941272   -0.0015506630
  -0.0000818651    0.0001436708    0.0033178201
  -0.0000000000   -0.0000000000    0.0028897173
  -0.0040500657   -0.0003486172    0.0019249521
   0.0003383390    0.0002956144    0.0045153639
   0.0000000000    0.0000000026    0.0028897257
  -0.0000127889    0.0000026438    0.0029116140
   0.0001079805   -0.0000769745    0.0031919381
   0.0000000026   -0.0000000000    0.0028897257
   0.0000012993    0.0000013145    0.0028921537
  -0.0002240778    0.0001431341    0.0028048550
   0.0000000000   -0.0000000000    0.0028897173
   0.0000026765   -0.0000122454    0.0029096519
   0.0001431329    0.0002239381    0.0027316457
  -0.0000373275   -0.0000361902    0.0029701413
  -0.0000000014   -0.0000000014    0.0028897213
  -0.0000025596   -0.0000124010    0.0029102666
   0.0000494461    0.0005683713    0.0024886025
  -0.0000681992   -0.0001150260    0.0032152831
  -0.0000126332   -0.0000027610    0.0029109988
  -0.0009104234   -0.0014605913    0.0020848037
   0.0000906296    0.0001366377    0.0032945169
   0.0000000000   -0.0000000000    0.0028897177
  -0.0005683713   -0.0000494461    0.0024886025
   0.0001150260    0.0000681992    0.0032152831
   0.0000000014    0.0000000014    0.0028897213
   0.0000124010    0.0000025596    0.0029102666
  -0.0001366377   -0.0000906296    0.0032945169
   0.0000000000    0.0000000000    0.0028897177
   0.0000027610    0.0000126332    0.0029109988
   0.0014605913    0.0009104234    0.0020848037
  -0.0002956144   -0.0003383390    0.0045153639
  -0.0000000026   -0.0000000000    0.0028897257
  -0.0000026438    0.0000127889    0.0029116140
   0.0003486172    0.0040500657    0.0019249521
   0.0000000000   -0.0000000026    0.0028897257
  -0.0000013145   -0.0000012993    0.0028921537
  -0.0001431341    0.0002240778    0.0028048550
   0.0000769745   -0.0001079805    0.0031919381
   0.0000122454   -0.0000026765    0.0029096519
  -0.0002239381   -0.0001431329    0.0027316457
   0.0000361902    0.0000373275    0.0029701413
   0.0000000000   -0.0000000000    0.0028897173
   0.0014941272   -0.0003481171   -0.0015506630
  -0.0001436708    0.0000818651    0.0033178201
   0.0000000000    0.0000000000    0.0028897173
   0.0000156421    0.0000150218    0.0030200696

321  
 -0.0018497235696319   0.0018497235696319   0.0096517897527814
   0.0000099487    0.0000009149   -0.0015303370
   0.0000000000   -0.0000000000   -0.0014846867
   0.0000243015   -0.0000916531   -0.0017530512
  -0.0020412878    0.0018245780    0.0019137844
  -0.0000000000   -0.0000000000   -0.0014846867
   0.0000141978   -0.0000026775   -0.0015082676
   0.0000409803   -0.0000914105   -0.0013323591
  -0.0000063867    0.0000108766   -0.0015064962
  -0.0000212912    0.0000262289   -0.0015290203
   0.0001004459   -0.0000897041   -0.0014813062
  -0.0000006796   -0.0000000902   -0.0014856602
  -0.0000000000    0.0000000000   -0.0014846867
   0.0016699130   -0.0014481083   -0.0016080088
   0.0000047462   -0.0000041454   -0.0014931301
  -0.0000000000   -0.0000000000   -0.0014846868
  -0.0000764928    0.0000064915   -0.0019127106
  -0.0020432141   -0.0002534618    0.0013657070
   0.0000060954   -0.0000122844   -0.0015111441
   0.0000000000   -0.0000000000   -0.0014846867
   0.0000365959    0.0000064881   -0.0020912971
  -0.0000118373    0.0000009147   -0.0015262011
  -0.0000000000    0.0000000000   -0.0014846867
   0.0000438464   -0.0000389500   -0.0015776279
  -0.0002518793    0.0005399793   -0.0004915033
  -0.0000000000    0.0000000000   -0.0014846867
  -0.0000091489   -0.0000026807   -0.0014995732
   0.0001003214    0.0000211308   -0.0014549782
  -0.0000033887    0.0000031783   -0.0014906050
  -0.0000381020    0.0000722325   -0.0016394637
   0.0002032834   -0.0003145680   -0.0015350927
   0.0000008291   -0.0000000904   -0.0014858647
  -0.0000000000    0.0000000000   -0.0014846868
   0.0000197022    0.0000912918   -0.0017093319
  -0.0002386065   -0.0003819359   -0.0015102892
   0.0000018323   -0.0000004822   -0.0014908053
   0.0000000000    0.0000000000   -0.0014846867
  -0.0006031879   -0.0003291375   -0.0008119954
  -0.0000070409   -0.0000112816   -0.0015089500
   0.0000000000   -0.0000000000   -0.0014846867
   0.0000727216    0.0000024954   -0.0016898131
  -0.0000068146    0.0000002493   -0.0014972940
  -0.0000000000   -0.0000000000   -0.0014846867
  -0.0000254602   -0.0000260610   -0.0015428522
   0.0003042190    0.0001299258   -0.0014076143
   0.0000000000    0.0000000000   -0.0014846867
  -0.0000121179   -0.0000067622   -0.0015373871
   0.0000909706    0.0001325797   -0.0014698000
   0.0000043492    0.0000039833   -0.0014924531
   0.0000000000    0.0000000000   -0.0014846867
   0.0000069236   -0.0000067571   -0.0015568921
  -0.0002382384    0.0000708496   -0.0013923557
   0.0000054416    0.0000118795   -0.0015086899
   0.0000396837    0.0000391167   -0.0015638123
  -0.0000710952   -0.0000901214   -0.0013973994
  -0.0000019878   -0.0000004820   -0.0014903940
   0.0000000000    0.0000000000   -0.0014846867
   0.0003043228   -0.0000626378   -0.0014250540
  -0.0000037853   -0.0000033405   -0.0014912814
  -0.0000000000   -0.0000000000   -0.0014846867
  -0.0000373212    0.0000024979   -0.0016062183
   0.0000087758    0.0000002494   -0.0015009434
  -0.0000000000   -0.0000000000   -0.0014846867
  -0.0000426967   -0.0000726045   -0.0016832167
   0.0013171752    0.0016598155   -0.0012862489
   0.0000532806    0.0000149475   -0.0002639551
   0.0000000000   -0.0000000000   -0.0000000000
   0.0000033195   -0.0000080826   -0.0000205447
  -0.0016665629   -0.0034554589   -0.0002479486
   0.0000000000    0.0000000000   -0.0000000000
   0.0000005210   -0.0000000488   -0.0000010764
   0.0001350010   -0.0002070920    0.0000080729
  -0.0000622527    0.0000978463   -0.0001089334
  -0.0000022318    0.0000020874   -0.0000046113
   0.0000884639    0.0000013020    0.0000733113
  -0.0000125705   -0.0000028796   -0.0000145263
  -0.0000000000    0.0000000000   -0.0000000000
  -0.0001588056    0.0003222636    0.0011230801
   0.0000541116   -0.0000572670   -0.0000854302
   0.0000000000   -0.0000000000    0.0000000000
  -0.0000067170    0.0000003502   -0.0000356532
  -0.0016686407    0.0035582066    0.0011234658
   0.0000492399   -0.0001256526   -0.0001790885
   0.0000000000   -0.0000000000   -0.0000000000
   0.0000053762    0.0000003502   -0.0000417874
  -0.0000968429    0.0000149428   -0.0001852898
  -0.0000000000   -0.0000000000   -0.0000000000
   0.0000028804   -0.0000024775   -0.0000061119
   0.0012757425   -0.0010621214   -0.0000905808
  -0.0000000000    0.0000000000   -0.0000000000
  -0.0000004319   -0.0000000489   -0.0000008849
   0.0000883557   -0.0000607154    0.0000402679
  -0.0000247925    0.0000378520   -0.0000443430
  -0.0000034906    0.0000070731   -0.0000161479
   0.0000610021   -0.0001345669    0.0002586384
   0.0000189747   -0.0000028829   -0.0000247435
  -0.0000000000   -0.0000000000    0.0000000000
   0.0000030425    0.0000079672   -0.0000186502
  -0.0002092223    0.0000138471    0.0002885064
   0.0000154309   -0.0000077164   -0.0000531635
   0.0000000000    0.0000000000   -0.0000000000
   0.0009944512    0.0012269412    0.0002030117
  -0.0000734015   -0.0001060774   -0.0001392916
  -0.0000000000   -0.0000000000   -0.0000000000
   0.0000063018    0.0000000786   -0.0000140687
  -0.0000508778    0.0000047378   -0.0000877243
  -0.0000000000   -0.0000000000   -0.0000000000
  -0.0000024279   -0.0000021258   -0.0000051202
   0.0002602276   -0.0000065090    0.0001906373
  -0.0000000000    0.0000000000    0.0000000000
  -0.0000007822   -0.0000002252   -0.0000043700
  -0.0000198105   -0.0000117937    0.0001769577
   0.0000491955    0.0000554384   -0.0000751504
   0.0000000000    0.0000000000   -0.0000000000
   0.0000006874   -0.0000002250   -0.0000049181
  -0.0002089114   -0.0002630903    0.0001732577
   0.0000381001    0.0001174259   -0.0001487044
   0.0000026846    0.0000024391   -0.0000056038
   0.0000543654    0.0000611374    0.0000894132
  -0.0000216547   -0.0000077087   -0.0000404336
   0.0000000000    0.0000000000   -0.0000000000
   0.0002603070    0.0000665030    0.0002169462
  -0.0000297004   -0.0000396809   -0.0000546110
  -0.0000000000   -0.0000000000   -0.0000000000
  -0.0000049469    0.0000000788   -0.0000111606
   0.0000962688    0.0000047409   -0.0001489191
  -0.0000000000    0.0000000000    0.0000000000
  -0.0000037673   -0.0000071885   -0.0000180433
  -0.0004411722   -0.0001568401    0.0008282070
   0.0002460913    0.0000909368   -0.0015066722
   0.0000003538   -0.0000001251    0.0014828011
   0.0000000017   -0.0000000060    0.0014845362
  -0.0002089055   -0.0003526976    0.0010869968
  -0.0000000249    0.0000002989    0.0014810948
   0.0000000019    0.0000000000    0.0014846866
   0.0001332512   -0.0001593139    0.0013788969
  -0.0002022937    0.0003011707    0.0015402164
  -0.0000000013    0.0000000044    0.0014846605
   0.0000263444    0.0000350384    0.0014702383
  -0.0000112546   -0.0000188427    0.0015002743
  -0.0000000749    0.0000001276    0.0014843494
  -0.0002189667    0.0002094984    0.0014067548
   0.0002030036   -0.0001931045    0.0013348004
   0.0000000025   -0.0000000242    0.0014846371
  -0.0000000103    0.0000000001    0.0014844195
  -0.0002089031    0.0004122780    0.0011687571
   0.0001360669   -0.0004923680    0.0009607402
   0.0000000889   -0.0000001692    0.0014842399
   0.0000000092    0.0000000001    0.0014844114
  -0.0005496412    0.0000908146    0.0001475340
  -0.0000000249   -0.0000002606    0.0014808270
   0.0000000017   -0.0000000045    0.0014846539
   0.0003546921   -0.0003274477    0.0011820378
  -0.0000003349    0.0000001195    0.0014831521
  -0.0000000017    0.0000000000    0.0014846868
   0.0000263255   -0.0000521579    0.0014565323
  -0.0000258763    0.0000850933    0.0015486734
  -0.0000000022    0.0000000050    0.0014845473
  -0.0000679371    0.0000569336    0.0014727138
   0.0000543519   -0.0000188794    0.0014571824
   0.0000000025    0.0000000223    0.0014846450
   0.0000000018    0.0000000059    0.0014845420
  -0.0000638618    0.0001396872    0.0014186330
   0.0000097797   -0.0000498509    0.0014175691
   0.0000000761    0.0000001542    0.0014842887
   0.0003375644    0.0003669081    0.0012031860
  -0.0002780279   -0.0003452480    0.0012876356
  -0.0000000037   -0.0000003305    0.0014836320
   0.0000000048    0.0000000001    0.0014846151
  -0.0001161930    0.0000219338    0.0014963994
  -0.0000003593   -0.0000001051    0.0014830532
  -0.0000000014   -0.0000000045    0.0014846590
   0.0000847515   -0.0000916238    0.0014059574
   0.0000000288    0.0000000283    0.0014842186
  -0.0000000039   -0.0000000001    0.0014846771
  -0.0000961923   -0.0001005751    0.0014409947
   0.0001747298    0.0001887574    0.0014019840
   0.0000003294    0.0000001395    0.0014829001
   0.0000000036   -0.0000000001    0.0014846766
  -0.0000638202   -0.0002091342    0.0013682107
   0.0000603740    0.0004482818    0.0012138440
   0.0000000017    0.0000000044    0.0014846554
   0.0001050420    0.0001157468    0.0014105496
  -0.0000519601   -0.0000497688    0.0015143438
  -0.0000000037    0.0000002916    0.0014837480
   0.0000847789    0.0001090183    0.0014219008
  -0.0000540557   -0.0000894260    0.0014816806
  -0.0000000877   -0.0000001426    0.0014843006
  -0.0000000039    0.0000000001    0.0014846258
   0.0004175958    0.0000219608    0.0011302583
   0.0000000288   -0.0000000263    0.0014841906
  -0.0000000021   -0.0000000050    0.0014845415
  -0.0002360740   -0.0001699835    0.0013856031
   0.0000000055    0.0000000007    0.0050362598
   0.0000001689   -0.0000001847    0.0050353544
   0.0005215523   -0.0016800882    0.0044873778
  -0.0001621004    0.0004695458    0.0035829065
   0.0000000054    0.0000000689    0.0050362686
   0.0001204609   -0.0000448796    0.0050138321
  -0.0000630742    0.0001118905    0.0050323196
  -0.0000000051    0.0000000071    0.0050363357
  -0.0000944925    0.0001606672    0.0052670138
   0.0000238263   -0.0000674390    0.0049971791
  -0.0000000009   -0.0000000001    0.0050364240
  -0.0000005012    0.0000003086    0.0050314615
   0.0004202538   -0.0002657709    0.0039958662
   0.0000000036   -0.0000000038    0.0050364031
  -0.0000000581   -0.0000005245    0.0050254976
  -0.0018175575    0.0001947998    0.0022255033
  -0.0001621370   -0.0003863998    0.0030715893
   0.0000000052   -0.0000000075    0.0050363224
   0.0000005616   -0.0000003329    0.0050305461
   0.0007843647    0.0001946495   -0.0025441351
  -0.0000000059    0.0000000007    0.0050362614
   0.0000000054   -0.0000000755    0.0050362525
   0.0005065915   -0.0003828855    0.0049282368
  -0.0003062187    0.0001699090    0.0047535457
  -0.0000001495    0.0000001465    0.0050355796
  -0.0000411332   -0.0000449479    0.0050777821
   0.0000238073    0.0000539974    0.0050177074
  -0.0000000030    0.0000000034    0.0050364071
  -0.0005745273    0.0009634576    0.0057619400
   0.0001049216   -0.0002427921    0.0048364424
   0.0000000010   -0.0000000001    0.0050364236
  -0.0000000581    0.0000005684    0.0050257819
   0.0003089945    0.0016704397    0.0050230251
  -0.0000396614   -0.0003863950    0.0048394735
   0.0000000028   -0.0000000003    0.0050364041
   0.0000005333    0.0000003518    0.0050306939
  -0.0003664182   -0.0001357687    0.0046627792
  -0.0000000056   -0.0000000075    0.0050363247
   0.0000000234   -0.0000001179    0.0050352458
   0.0017001184    0.0000389971    0.0048225709
  -0.0000000044    0.0000000002    0.0050363886
  -0.0000001595   -0.0000001660    0.0050354880
  -0.0002032887   -0.0001564381    0.0051580197
   0.0001133188    0.0000721281    0.0048916380
  -0.0000000153    0.0000003729    0.0050343209
  -0.0001107688   -0.0001626777    0.0051445136
   0.0000770841    0.0002024213    0.0049147180
   0.0000000034    0.0000000036    0.0050364051
   0.0000001589    0.0000001652    0.0050354460
   0.0000287541   -0.0001624061    0.0050125831
  -0.0000396132    0.0002973618    0.0049689552
   0.0000000048    0.0000000071    0.0050363335
   0.0003981304    0.0003871421    0.0050368366
  -0.0000908887   -0.0001522228    0.0049542177
  -0.0000000029   -0.0000000003    0.0050364041
   0.0000000234    0.0000001239    0.0050352954
   0.0001133290   -0.0000584233    0.0048685328
  -0.0000000032   -0.0000000036    0.0050364051
  -0.0000005295   -0.0000002898    0.0050313135
  -0.0006542262    0.0000390789    0.0055944747
   0.0000000048    0.0000000002    0.0050363845
  -0.0000000153   -0.0000004221    0.0050341538
  -0.0007867071   -0.0009728907    0.0052247511
   0.0003600087    0.0002999663    0.0040869056
  -0.0039655169    0.0029029814    0.0129642489
   0.0000485810   -0.0000224088   -0.0052303391
   0.0000000000   -0.0000000000   -0.0050364265
  -0.0000072338   -0.0000433166   -0.0053356169
  -0.0000066833    0.0000462105   -0.0053448820
  -0.0000000000   -0.0000000000   -0.0050364265
   0.0000119999   -0.0000170802   -0.0050838992
  -0.0004377563   -0.0034401483   -0.0036742581
  -0.0000000000   -0.0000000000   -0.0050364265
   0.0000008500    0.0000041689   -0.0050420908
   0.0001019023   -0.0001361929   -0.0049828997
  -0.0000098794    0.0000158158   -0.0050634974
  -0.0000379381    0.0000246036   -0.0051694140
   0.0008695888   -0.0005264394   -0.0047109272
   0.0000006967   -0.0000032433   -0.0050431155
  -0.0000000000   -0.0000000000   -0.0050364265
  -0.0000072346    0.0000467472   -0.0053186018
  -0.0000624453   -0.0038110995   -0.0031507068
   0.0000126275   -0.0000227085   -0.0050821092
   0.0000000000    0.0000000000   -0.0050364265
  -0.0033527959    0.0029227689    0.0110852600
  -0.0000066844   -0.0000407258   -0.0053821707
  -0.0000000000   -0.0000000000   -0.0050364265
   0.0000436667   -0.0000279502   -0.0052439935
  -0.0000443031    0.0000200363   -0.0051636121
  -0.0000000000   -0.0000000000   -0.0050364265
   0.0000008499   -0.0000047129   -0.0050433208
   0.0007353053   -0.0002799379   -0.0048266084
   0.0000000000   -0.0000000000   -0.0050364265
  -0.0000097915    0.0000126273   -0.0050635540
   0.0001242245   -0.0001366501   -0.0049707337
   0.0000006957    0.0000027777   -0.0050417584
   0.0000000000    0.0000000000   -0.0050364265
  -0.0000016368    0.0000252947   -0.0050908106
  -0.0001169493   -0.0005123516   -0.0048542283
   0.0000105848    0.0000202502   -0.0050748229
   0.0000420551    0.0000298720   -0.0052340009
  -0.0010558695    0.0011705136   -0.0033767600
  -0.0000014649   -0.0000410127   -0.0051140885
   0.0000000000    0.0000000000   -0.0050364265
   0.0027083889    0.0001262074   -0.0043578147
  -0.0000474439   -0.0000174448   -0.0051752961
  -0.0000000000    0.0000000000   -0.0050364265
   0.0000032858   -0.0000068081   -0.0050737296
   0.0000051832    0.0000062171   -0.0050812264
   0.0000000000   -0.0000000000   -0.0050364265
  -0.0000111130   -0.0000143976   -0.0050732112
   0.0004046389    0.0005369744   -0.0047466316
   0.0000454398    0.0000250025   -0.0052186478
  -0.0000000000   -0.0000000000   -0.0050364265
  -0.0000016360   -0.0000287192   -0.0051088106
  -0.0006781463    0.0015290244   -0.0034485490
   0.0000000000   -0.0000000000   -0.0050364265
   0.0000106793    0.0000153107   -0.0050742497
  -0.0001220048   -0.0005110954   -0.0048837197
  -0.0000014636    0.0000357218   -0.0051001021
   0.0000032865    0.0000073754   -0.0050717271
   0.0002727131    0.0002905604   -0.0047909822
  -0.0000119216   -0.0000182717   -0.0050707747
   0.0000000000   -0.0000000000   -0.0050364265
   0.0033338964    0.0001267434   -0.0041121487
   0.0000051845   -0.0000057610   -0.0050844944
  -0.0000000000   -0.0000000000   -0.0050364265
  -0.0000395494   -0.0000226804   -0.0051794169
   0.0361929545   -0.0109962835   -0.0609239579
  -0.0000413438    0.0000122445   -0.0032125703
  -0.0000000000    0.0000000000   -0.0033041581
  -0.0000247012    0.0000193219   -0.0032115329
   0.0000476356   -0.0000128159   -0.0032309938
   0.0000000000    0.0000000000   -0.0033041581
  -0.0000082660    0.0000041385   -0.0032945401
  -0.0007997263    0.0004634295   -0.0036030041
   0.0000000000   -0.0000000000   -0.0033041581
   0.0000052002   -0.0000026505   -0.0032987573
  -0.0001143654    0.0000411534   -0.0033194203
   0.0000051523   -0.0000036447   -0.0032985574
   0.0000337125   -0.0000171639   -0.0032331339
  -0.0009485238    0.0005858085   -0.0036559485
  -0.0000080427    0.0000053923   -0.0032946307
  -0.0000000000    0.0000000000   -0.0033041581
  -0.0000234804   -0.0000210847   -0.0032162788
   0.0013766046    0.0005359148   -0.0042661399
  -0.0000114453    0.0000153608   -0.0032791214
  -0.0000000000    0.0000000000   -0.0033041581
  -0.0055037757    0.0001499616   -0.0025600784
   0.0000517008    0.0000110021   -0.0032238569
  -0.0000000000    0.0000000000   -0.0033041581
  -0.0000355392    0.0000073412   -0.0032636283
   0.0000244634   -0.0000044673   -0.0032772602
  -0.0000000000   -0.0000000000   -0.0033041581
   0.0000064302    0.0000031263   -0.0032970491
  -0.0004281710   -0.0000308186   -0.0033897083
  -0.0000000000   -0.0000000000   -0.0033041581
   0.0000074199   -0.0000086947   -0.0032875320
  -0.0000832448    0.0001008394   -0.0033513130
  -0.0000070050   -0.0000049004   -0.0032959543
   0.0000000000   -0.0000000000   -0.0033041581
  -0.0000055945   -0.0000107681   -0.0032832498
   0.0002652709    0.0001562200   -0.0033455177
  -0.0000093096   -0.0000134681   -0.0032832828
  -0.0000343107   -0.0000078626   -0.0032654542
   0.0000082794   -0.0002247214   -0.0036275006
   0.0000132892    0.0000140463   -0.0032818874
  -0.0000000000   -0.0000000000   -0.0033041581
  -0.0015964725   -0.0000315435   -0.0034969346
   0.0000265791    0.0000039292   -0.0032747024
  -0.0000000000    0.0000000000   -0.0033041581
   0.0000253571    0.0000052846   -0.0032752870
  -0.0000347694   -0.0000057232   -0.0032657382
  -0.0000000000   -0.0000000000   -0.0033041581
   0.0000087086    0.0000105268   -0.0032823243
  -0.0001370382   -0.0003452347   -0.0036314796
  -0.0000372800   -0.0000140590   -0.0032197092
   0.0000000000    0.0000000000   -0.0033041581
  -0.0000068837    0.0000126006   -0.0032780442
   0.0013730576    0.0000749201   -0.0041738262
  -0.0000000000   -0.0000000000   -0.0033041581
  -0.0000070364   -0.0000036633   -0.0032962469
  -0.0000666916    0.0001005415   -0.0033482583
   0.0000111517   -0.0000121543   -0.0032860465
   0.0000241271   -0.0000058067   -0.0032771153
  -0.0004286442    0.0000260356   -0.0034010700
   0.0000061881    0.0000041360   -0.0032972356
  -0.0000000000    0.0000000000   -0.0033041581
  -0.0072916851    0.0001527222   -0.0029007771
  -0.0000368868    0.0000051845   -0.0032631785
  -0.0000000000    0.0000000000   -0.0033041581
   0.0000349315    0.0000154012   -0.0032283852
  -0.0162253333   -0.0007735716    0.0075472097
  -0.0000073310    0.0000032428   -0.0028595384
  -0.0000000000    0.0000000000   -0.0028897173
   0.0000319837    0.0000813375   -0.0024064274
   0.0000007657   -0.0000069460   -0.0028364889
   0.0000000000   -0.0000000000   -0.0028897173
  -0.0000270987    0.0000353987   -0.0027780798
   0.0006535351   -0.0002061123   -0.0040853561
   0.0000000000   -0.0000000000   -0.0028897173
  -0.0000040982   -0.0000098952   -0.0028701742
  -0.0000049333    0.0000408665   -0.0029336541
   0.0000013138   -0.0000020284   -0.0028852478
   0.0000603505   -0.0000466885   -0.0026621823
  -0.0003553768    0.0002820969   -0.0029190980
  -0.0000000523    0.0000004101   -0.0028889513
   0.0000000000   -0.0000000000   -0.0028897172
   0.0000319888   -0.0000907237   -0.0024340648
  -0.0006389723    0.0012850588   -0.0031431990
  -0.0000016010    0.0000027687   -0.0028835913
  -0.0000000000   -0.0000000000   -0.0028897172
   0.0126165140   -0.0007698345   -0.0000214139
   0.0000007658    0.0000061679   -0.0028335667
  -0.0000000000    0.0000000000   -0.0028897173
  -0.0000805813    0.0000613716   -0.0025000449
   0.0000065903   -0.0000028868   -0.0028662208
  -0.0000000000   -0.0000000000   -0.0028897173
  -0.0000040951    0.0000129488   -0.0028634944
  -0.0000743361   -0.0000341378   -0.0031099442
   0.0000000000   -0.0000000000   -0.0028897173
   0.0000174945   -0.0000183518   -0.0028371105
  -0.0000727162    0.0000409683   -0.0028933815
  -0.0000000522   -0.0000003701   -0.0028890769
  -0.0000000000   -0.0000000000   -0.0028897173
   0.0000095498   -0.0000347452   -0.0027738787
   0.0000368789    0.0001211221   -0.0029478272
  -0.0000013879   -0.0000025168   -0.0028843316
  -0.0000774498   -0.0000690944   -0.0025195028
   0.0009793175    0.0006113990   -0.0037865346
   0.0000001261    0.0000060975   -0.0028756075
  -0.0000000000   -0.0000000000   -0.0028897173
  -0.0002479429   -0.0000540164   -0.0035533400
   0.0000071286    0.0000026330   -0.0028647344
   0.0000000000    0.0000000000   -0.0028897173
  -0.0000147371    0.0000208193   -0.0027835614
  -0.0000005328   -0.0000007713   -0.0028837807
   0.0000000000    0.0000000000   -0.0028897173
   0.0000213322    0.0000249765   -0.0028137402
  -0.0002639968   -0.0002757836   -0.0029744275
  -0.0000067927   -0.0000034968   -0.0028610257
  -0.0000000000    0.0000000000   -0.0028897173
   0.0000095466    0.0000443274   -0.0027354596
  -0.0003134414   -0.0008785977   -0.0034439510
  -0.0000000000   -0.0000000000   -0.0028897173
  -0.0000232602   -0.0000287775   -0.0028014268
   0.0000415755    0.0001208258   -0.0030496560
   0.0000001259   -0.0000052854   -0.0028774927
  -0.0000147404   -0.0000238776   -0.0027904328
   0.0000165797    0.0000404125   -0.0030548784
   0.0000015268    0.0000022800   -0.0028845084
   0.0000000000   -0.0000000000   -0.0028897173
  -0.0008470904   -0.0000541326   -0.0028607935
  -0.0000005329    0.0000007318   -0.0028834963
   0.0000000000    0.0000000000   -0.0028897173
   0.0000634807    0.0000389574   -0.0026427119
   0.0113652084   -0.0006808796    0.0037379439
  -0.0000857680    0.0000543672    0.0004351319
  -0.0000000000   -0.0000000000   -0.0000000000
   0.0000001615    0.0000037835    0.0000487068
   0.0000216456   -0.0000898319    0.0006709998
   0.0000000000    0.0000000000    0.0000000000
  -0.0000007789    0.0000016008    0.0000058830
  -0.0002223678    0.0008058655    0.0000934736
  -0.0000000000    0.0000000000    0.0000000000
  -0.0000000220   -0.0000002717    0.0000007590
  -0.0000476410    0.0000307314   -0.0000153289
   0.0000155470   -0.0000243732    0.0000454409
   0.0000039458   -0.0000020678    0.0000232024
  -0.0000786449    0.0000114923   -0.0004005529
  -0.0000033278    0.0000121928    0.0000225904
   0.0000000000   -0.0000000000   -0.0000000000
   0.0000001615   -0.0000039145    0.0000472489
   0.0002800259    0.0000489253   -0.0015656164
  -0.0000207706    0.0000447101    0.0001012034
   0.0000000000   -0.0000000000   -0.0000000000
  -0.0148728367   -0.0006772704    0.0133058460
   0.0000216495    0.0000745653    0.0008108252
   0.0000000000   -0.0000000000    0.0000000000
  -0.0000040077    0.0000021437    0.0000283475
   0.0000715394   -0.0000415161    0.0002359546
  -0.0000000000    0.0000000000    0.0000000000
  -0.0000000220    0.0000002752    0.0000008498
  -0.0002318552    0.0001500616    0.0000174936
   0.0000000000    0.0000000000   -0.0000000000
   0.0000007611   -0.0000013702    0.0000045081
  -0.0000092412    0.0000308071   -0.0000915385
  -0.0000033253   -0.0000107098    0.0000174280
  -0.0000000000   -0.0000000000   -0.0000000000
  -0.0000000081   -0.0000029867    0.0000097628
   0.0000332797    0.0001001108   -0.0002671903
  -0.0000160714   -0.0000385296    0.0000807441
  -0.0000039065   -0.0000021923    0.0000276062
  -0.0000535579   -0.0005456565   -0.0005624187
   0.0000039489    0.0000662288    0.0001548360
  -0.0000000000    0.0000000000   -0.0000000000
  -0.0005987350   -0.0000317818    0.0000287043
   0.0000792281    0.0000353541    0.0002655179
  -0.0000000000   -0.0000000000    0.0000000000
  -0.0000001801    0.0000002541    0.0000058518
  -0.0000171267   -0.0000125285    0.0001040524
   0.0000000000   -0.0000000000   -0.0000000000
   0.0000008127    0.0000014232    0.0000050591
  -0.0000092731   -0.0000189698   -0.0002759248
  -0.0000780797   -0.0000605384    0.0004055624
  -0.0000000000    0.0000000000   -0.0000000000
  -0.0000000079    0.0000031549    0.0000108358
   0.0004486090    0.0002122857   -0.0009071256
   0.0000000000    0.0000000000    0.0000000000
  -0.0000007272   -0.0000015479    0.0000053314
   0.0000279531    0.0000998432   -0.0000954502
   0.0000039439   -0.0000531847    0.0001151496
  -0.0000001802   -0.0000002557    0.0000056500
  -0.0001628550   -0.0001575396   -0.0001066483
   0.0000202444    0.0000305484    0.0000658704
   0.0000000000    0.0000000000   -0.0000000000
  -0.0003173233   -0.0000318431   -0.0011649073
  -0.0000171284    0.0000109401    0.0001128054
   0.0000000000    0.0000000000   -0.0000000000
   0.0000040470    0.0000020194    0.0000239441
   0.0001415428   -0.0001428156    0.0038420023
  -0.0000000146    0.0000000052    0.0033042370
  -0.0000001995    0.0000004798    0.0033055970
  -0.0003058953    0.0018912290    0.0041884174
   0.0000000138   -0.0000000058    0.0033042294
  -0.0000000007    0.0000000007    0.0033041874
  -0.0000974398    0.0001959546    0.0033291427
   0.0000505364   -0.0001893702    0.0033221702
   0.0000001811   -0.0000004136    0.0033053550
   0.0000169818   -0.0000346586    0.0032628320
  -0.0000063937    0.0000064024    0.0033132380
   0.0000000007   -0.0000000003    0.0033041595
   0.0004344508   -0.0011784555    0.0034591404
  -0.0000784387    0.0003599014    0.0034521905
  -0.0000000009    0.0000000004    0.0033041600
   0.0000000333   -0.0000000329    0.0033089477
  -0.0002056228   -0.0021201474    0.0040475196
   0.0000336484    0.0006239073    0.0035419368
  -0.0000000033    0.0000000043    0.0033041757
  -0.0000003435   -0.0000000159    0.0033069120
   0.0001300114   -0.0000338225    0.0033964392
   0.0000000151    0.0000000052    0.0033042348
  -0.0000000070    0.0000000972    0.0033044265
  -0.0003367147    0.0003876388    0.0033633418
   0.0000000049   -0.0000000013    0.0033041730
   0.0000000385    0.0000000070    0.0033044009
   0.0000349114    0.0000971911    0.0032849411
  -0.0000236502   -0.0000905788    0.0033307031
   0.0000000162   -0.0000009001    0.0033066741
   0.0000907926   -0.0001925755    0.0031686811
  -0.0000283144    0.0000237783    0.0033537180
  -0.0000000008   -0.0000000003    0.0033041596
  -0.0000001897   -0.0000004714    0.0033055256
  -0.0000349898   -0.0004550134    0.0032776788
   0.0000109193    0.0000464653    0.0033493220
  -0.0000000029   -0.0000000037    0.0033041736
  -0.0003056939   -0.0004432612    0.0033330633
   0.0000654933    0.0002023945    0.0033467181
   0.0000000033    0.0000000041    0.0033041752
  -0.0000000153   -0.0000000044    0.0033047232
  -0.0000461441   -0.0000109764    0.0033486650
   0.0000000052    0.0000000012    0.0033041742
   0.0000001909    0.0000004220    0.0033054265
   0.0000954090    0.0001255828    0.0031922282
  -0.0000000055   -0.0000000015    0.0033041745
   0.0000000045    0.0000000152    0.0033047235
   0.0001215215    0.0004336880    0.0032461113
  -0.0000634540   -0.0003468723    0.0034275485
  -0.0000000132   -0.0000000058    0.0033042315
  -0.0000000422    0.0000000070    0.0033044375
  -0.0000657837    0.0006957261    0.0033548823
   0.0000336253   -0.0005456445    0.0034769507
  -0.0000000071   -0.0000000935    0.0033044113
  -0.0000795829   -0.0001335457    0.0033071017
   0.0000243941    0.0000237385    0.0033181671
   0.0000000030   -0.0000000035    0.0033041731
   0.0000643191   -0.0001813059    0.0031618915
  -0.0000236635    0.0000945433    0.0033407449
   0.0000000008    0.0000000004    0.0033041598
   0.0000003263   -0.0000000160    0.0033065654
  -0.0002070651   -0.0000338761    0.0036204734
  -0.0000000059    0.0000000014    0.0033041757
   0.0000000162    0.0000009171    0.0033068000
   0.0005347641    0.0009495428    0.0036005805
  -0.0003409272    0.0002293735    0.0037516985
  -0.0000000046    0.0000000062    0.0033041806
  -0.0000005812    0.0000002356    0.0033078586
   0.0013150502   -0.0001359386    0.0044747612
   0.0000000002   -0.0000000019    0.0033042719
  -0.0000000837    0.0000000545    0.0033043755
  -0.0006790587    0.0003539780    0.0034480293
   0.0004302052   -0.0001534677    0.0035305374
   0.0000000645   -0.0000000430    0.0033043289
  -0.0000359832    0.0000151285    0.0032995424
   0.0000266937   -0.0000244881    0.0033082367
   0.0000000039   -0.0000000053    0.0033041767
   0.0002930378   -0.0001563387    0.0031628832
  -0.0000848446    0.0000505661    0.0033439762
  -0.0000000000    0.0000000000    0.0033041581
   0.0000006352   -0.0000002342    0.0033075380
   0.0003356544   -0.0007513264    0.0036092957
  -0.0000532854    0.0000936438    0.0033553915
  -0.0000000008    0.0000000001    0.0033041622
  -0.0000005654   -0.0000002502    0.0033077702
   0.0005301545    0.0001306496    0.0036043683
   0.0000000002    0.0000000171    0.0033042202
  -0.0000004615    0.0000000816    0.0033053726
  -0.0024624780   -0.0000432136    0.0042483157
   0.0000000084   -0.0000000005    0.0033042004
   0.0000000709    0.0000000481    0.0033043472
  -0.0001359306    0.0000857352    0.0033055644
   0.0001281535   -0.0000401615    0.0033603749
   0.0000001304   -0.0000001839    0.0033048840
   0.0000808377    0.0000339276    0.0032768037
  -0.0000676786   -0.0000415357    0.0033295350
  -0.0000000000   -0.0000000011    0.0033041601
  -0.0000001172   -0.0000001922    0.0033049330
   0.0000924297    0.0000503977    0.0032661270
  -0.0000314586   -0.0000714340    0.0033278558
  -0.0000000041   -0.0000000058    0.0033041783
  -0.0004941356   -0.0003415132    0.0033501504
   0.0000985260    0.0000720502    0.0033307432
   0.0000000000    0.0000000005    0.0033041736
  -0.0000004512   -0.0000000864    0.0033053431
   0.0001530723    0.0000326605    0.0033791463
   0.0000000045    0.0000000057    0.0033041789
   0.0000003912    0.0000000711    0.0033052123
  -0.0003904898   -0.0000153499    0.0032406764
  -0.0000000002   -0.0000000001    0.0033041657
   0.0000001386    0.0000001968    0.0033049570
   0.0004782318    0.0001688110    0.0032610561
  -0.0003267027   -0.0000649993    0.0034523971
  -0.0000000084   -0.0000000005    0.0033042036
  -0.0000001254    0.0000002051    0.0033050060
   0.0003354217    0.0009417107    0.0039318533
  -0.0002409743   -0.0002522026    0.0036777845
  -0.0000000773   -0.0000000494    0.0033043572
  -0.0001334884    0.0000338526    0.0033180609
   0.0000766439   -0.0000498650    0.0033032372
   0.0000000002   -0.0000000157    0.0033042139
  -0.0001360521   -0.0000852021    0.0032728302
   0.0000438201    0.0000335051    0.0033226519
   0.0000000008    0.0000000001    0.0033041619
   0.0000003808   -0.0000000759    0.0033051827
  -0.0003516747    0.0000574903    0.0034712252
  -0.0000000000    0.0000000012    0.0033041605
   0.0000006510    0.0000002196    0.0033076264
   0.0015421922   -0.0000432672    0.0034816043
  -0.0040937660    0.0067242401   -0.0069488563
  -0.0000130466    0.0000377640   -0.0032601053
   0.0000000000    0.0000000000   -0.0033041581
   0.0000067356   -0.0000027407   -0.0031980914
   0.0000027896   -0.0000069476   -0.0031972678
   0.0000000000    0.0000000000   -0.0033041581
  -0.0000121044    0.0000350729   -0.0032597787
  -0.0045181482    0.0064103433   -0.0069176858
   0.0000000000    0.0000000000   -0.0033041581
  -0.0000002366    0.0000002071   -0.0033022630
  -0.0001162801    0.0002269967   -0.0033463623
   0.0000115219   -0.0000277186   -0.0032761606
   0.0000092879   -0.0000264995   -0.0032768879
  -0.0001350848    0.0002953166   -0.0033635012
  -0.0000002116    0.0000002408   -0.0033022443
   0.0000000000    0.0000000000   -0.0033041581
   0.0000027824   -0.0000534679   -0.0032485550
   0.0000274251    0.0012165128   -0.0035600863
  -0.0000033764    0.0000012779   -0.0032933458
   0.0000000000   -0.0000000000   -0.0033041581
   0.0006251395   -0.0029739964   -0.0068614466
   0.0000016699    0.0000672215   -0.0032355637
   0.0000000000    0.0000000000   -0.0033041581
  -0.0000231067   -0.0000016375   -0.0032278001
   0.0000200132   -0.0000028507   -0.0032547595
   0.0000000000   -0.0000000000   -0.0033041581
  -0.0000012472    0.0000074864   -0.0032942299
  -0.0004592520    0.0003979250   -0.0034945444
   0.0000000000    0.0000000000   -0.0033041581
   0.0000027777    0.0000014297   -0.0032945891
  -0.0000718205   -0.0001066688   -0.0033599888
  -0.0000014599   -0.0000082086   -0.0032934974
   0.0000000000    0.0000000000   -0.0033041581
   0.0000005580    0.0000027095   -0.0032848317
   0.0001061894   -0.0002265112   -0.0035308012
  -0.0000116768   -0.0000362416   -0.0032642757
  -0.0000107742   -0.0000349177   -0.0032644231
   0.0001394631    0.0000389360   -0.0035167572
   0.0000003746    0.0000031976   -0.0032839570
   0.0000000000    0.0000000000   -0.0033041581
  -0.0003806756   -0.0005645692   -0.0035006512
   0.0000128916    0.0000292412   -0.0032719944
   0.0000000000    0.0000000000   -0.0033041581
  -0.0000031036   -0.0000003678   -0.0032841532
  -0.0000027673   -0.0000005677   -0.0032847156
   0.0000000000    0.0000000000   -0.0033041581
   0.0000106168    0.0000266559   -0.0032722395
  -0.0005282813   -0.0007783933   -0.0035465329
  -0.0000202289   -0.0000028522   -0.0032340631
   0.0000000000    0.0000000000   -0.0033041581
   0.0000027824    0.0000536856   -0.0032409388
   0.0010797312   -0.0032550956   -0.0070055667
   0.0000000000    0.0000000000   -0.0033041581
  -0.0000030930    0.0000014293   -0.0032913953
   0.0000604895    0.0009474518   -0.0034875403
   0.0000016692   -0.0000637290   -0.0032439474
  -0.0000012479   -0.0000073065   -0.0032954687
  -0.0000533866   -0.0000389686   -0.0033498703
   0.0000031940    0.0000012760   -0.0032962049
   0.0000000000    0.0000000000   -0.0033041581
  -0.0006072425    0.0006112960   -0.0035526858
  -0.0000014605    0.0000085297   -0.0032923548
   0.0000000000   -0.0000000000   -0.0033041581
   0.0000197253   -0.0000016391   -0.0032526553
  -0.0000004710   -0.0000000404    0.0028939277
   0.0000000010   -0.0000000009    0.0028897174
  -0.0000946415    0.0003295866    0.0033567390
   0.0002596428   -0.0004430361    0.0050814867
   0.0000000001    0.0000000009    0.0028897154
  -0.0000381571    0.0000101848    0.0029208043
   0.0000203007   -0.0000303693    0.0028166333
   0.0000002856   -0.0000004557    0.0028918399
   0.0000358108   -0.0000572314    0.0028818192
  -0.0000300502    0.0000514106    0.0029277585
   0.0000000257    0.0000000033    0.0028897855
   0.0000000029   -0.0000000009    0.0028897468
  -0.0004475774    0.0004145468    0.0040265700
  -0.0000001823    0.0000001568    0.0028903835
   0.0000000007    0.0000000059    0.0028898206
   0.0003095565   -0.0000375613    0.0039058656
   0.0002596809    0.0002663580    0.0061839479
  -0.0000002839    0.0000005113    0.0028922014
  -0.0000000041    0.0000000013    0.0028897535
  -0.0001428825   -0.0000375001    0.0049189078
   0.0000005356   -0.0000000404    0.0028936894
   0.0000000001   -0.0000000010    0.0028897153
  -0.0001256681    0.0001048325    0.0030016897
   0.0002563937   -0.0002369535    0.0029284544
  -0.0000000013    0.0000000012    0.0028897165
   0.0000204284    0.0000102029    0.0028966265
  -0.0000300225   -0.0000317784    0.0028904103
   0.0000001355   -0.0000001217    0.0028902175
   0.0001203072   -0.0002110779    0.0029715218
  -0.0000825921    0.0001444634    0.0031213802
  -0.0000000292    0.0000000033    0.0028897950
   0.0000000007   -0.0000000065    0.0028898155
  -0.0000611137   -0.0003343315    0.0032074083
   0.0000618038    0.0001483332    0.0030683901
  -0.0000000797    0.0000000172    0.0028902218
  -0.0000000037   -0.0000000015    0.0028897514
   0.0002841463    0.0001882473    0.0030727644
   0.0000003169    0.0000004793    0.0028920616
   0.0000000001   -0.0000000008    0.0028897197
  -0.0003280039   -0.0000092810    0.0032133361
   0.0000002667   -0.0000000093    0.0028907740
  -0.0000000011   -0.0000000010    0.0028897169
   0.0000591059    0.0000581675    0.0029204196
  -0.0000999218   -0.0000560537    0.0029842989
   0.0000000000   -0.0000000012    0.0028897285
   0.0000393964    0.0000330363    0.0029092979
  -0.0000515489   -0.0000973660    0.0030023783
  -0.0000001682   -0.0000001508    0.0028903348
   0.0000000012    0.0000000011    0.0028897170
  -0.0000207174    0.0000329943    0.0029743886
   0.0000617204   -0.0000716778    0.0028813698
  -0.0000002526   -0.0000004877    0.0028919796
  -0.0001024369   -0.0001039009    0.0029631762
   0.0000512868    0.0000773611    0.0029353115
   0.0000000832    0.0000000172    0.0028902025
   0.0000000001    0.0000000009    0.0028897193
  -0.0000999651    0.0000378314    0.0030260131
   0.0000001496    0.0000001277    0.0028902662
   0.0000000033    0.0000000006    0.0028897489
   0.0001334903   -0.0000092990    0.0029520395
  -0.0000003308   -0.0000000093    0.0028910096
   0.0000000000    0.0000000017    0.0028897301
   0.0001537743    0.0002063055    0.0031211505
  -0.0004198613   -0.0004633886    0.0038818763

321  
  0.0018497235696319  -0.0018497235696319  -0.0096517897527814
  -0.0000098312   -0.0000008618   -0.0014394320
  -0.0000000000    0.0000000000   -0.0014846867
  -0.0000244813    0.0000922303   -0.0012144648
   0.0020326196   -0.0019487308   -0.0047722129
   0.0000000000   -0.0000000000   -0.0014846867
  -0.0000143286    0.0000027361   -0.0014608976
  -0.0000423281    0.0000921047   -0.0016355855
   0.0000063189   -0.0000108101   -0.0014630233
   0.0000214144   -0.0000262771   -0.0014402918
  -0.0001000942    0.0000905072   -0.0014870622
   0.0000006737    0.0000000877   -0.0014837202
   0.0000000000   -0.0000000000   -0.0014846867
  -0.0016584091    0.0014421031   -0.0013483424
  -0.0000046980    0.0000041171   -0.0014763077
   0.0000000000    0.0000000000   -0.0014846866
   0.0000770715   -0.0000065653   -0.0010552783
   0.0020305587    0.0005450572   -0.0040798053
  -0.0000059999    0.0000121752   -0.0014585299
  -0.0000000000    0.0000000000   -0.0014846867
  -0.0000368177   -0.0000065688   -0.0008749654
   0.0000116910   -0.0000008620   -0.0014435078
   0.0000000000    0.0000000000   -0.0014846867
  -0.0000442099    0.0000391208   -0.0013912587
   0.0002475822   -0.0005415794   -0.0024708188
   0.0000000000   -0.0000000000   -0.0014846867
   0.0000092530    0.0000027328   -0.0014696510
  -0.0001002194   -0.0000220087   -0.0015134143
   0.0000033748   -0.0000031703   -0.0014787825
   0.0000383598   -0.0000725713   -0.0013291365
  -0.0002010555    0.0003127533   -0.0014325700
  -0.0000008202    0.0000000876   -0.0014835197
   0.0000000000   -0.0000000000   -0.0014846866
  -0.0000198389   -0.0000918622   -0.0012588377
   0.0002381406    0.0003776935   -0.0014568079
  -0.0000017994    0.0000004580   -0.0014786609
  -0.0000000000   -0.0000000000   -0.0014846867
   0.0006002039    0.0003310412   -0.0021482868
   0.0000069302    0.0000111873   -0.0014606948
  -0.0000000000    0.0000000000   -0.0014846867
  -0.0000732018   -0.0000025477   -0.0012788023
   0.0000067729   -0.0000002383   -0.0014721243
   0.0000000000    0.0000000000   -0.0014846867
   0.0000256742    0.0000261021   -0.0014262764
  -0.0003036339   -0.0001325206   -0.0015593888
  -0.0000000000   -0.0000000000   -0.0014846867
   0.0000122217    0.0000069105   -0.0014314483
  -0.0000899282   -0.0001321750   -0.0014978570
  -0.0000043206   -0.0000039632   -0.0014769585
  -0.0000000000   -0.0000000000   -0.0014846867
  -0.0000069953    0.0000069155   -0.0014118809
   0.0002385106   -0.0000693801   -0.0015746851
  -0.0000053882   -0.0000117978   -0.0014608580
  -0.0000399436   -0.0000392970   -0.0014052904
   0.0000690381    0.0000889326   -0.0015700464
   0.0000019517    0.0000004582   -0.0014790654
  -0.0000000000    0.0000000000   -0.0014846867
  -0.0003035296    0.0000653013   -0.0015418322
   0.0000037526    0.0000033241   -0.0014781311
   0.0000000000    0.0000000000   -0.0014846867
   0.0000374801   -0.0000025451   -0.0013631835
  -0.0000087045   -0.0000002381   -0.0014685217
  -0.0000000000    0.0000000000   -0.0014846867
   0.0000430073    0.0000729289   -0.0012847984
  -0.0013072198   -0.0016517720   -0.0016696080
  -0.0000522415   -0.0000144645    0.0002621981
  -0.0000000000    0.0000000000    0.0000000000
  -0.0000033465    0.0000081307    0.0000207372
   0.0016778755    0.0032993415    0.0000806225
   0.0000000000   -0.0000000000    0.0000000000
  -0.0000005300    0.0000000511    0.0000010911
  -0.0001356305    0.0002073008   -0.0000096567
   0.0000615538   -0.0000973634    0.0001083509
   0.0000022499   -0.0000021055    0.0000046496
  -0.0000884510   -0.0000005695   -0.0000743846
   0.0000124560    0.0000028248    0.0000144744
   0.0000000000   -0.0000000000    0.0000000000
   0.0001651583   -0.0003231736   -0.0011262747
  -0.0000536816    0.0000570311    0.0000851683
   0.0000000000   -0.0000000000    0.0000000000
   0.0000067503   -0.0000003636    0.0000358534
   0.0016758672   -0.0034806569   -0.0012090461
  -0.0000483029    0.0001246239    0.0001776419
  -0.0000000000    0.0000000000    0.0000000000
  -0.0000053912   -0.0000003636    0.0000420683
   0.0000953577   -0.0000144694    0.0001840170
  -0.0000000000    0.0000000000    0.0000000000
  -0.0000029157    0.0000025055    0.0000061828
  -0.0012866407    0.0010674614    0.0000836884
   0.0000000000   -0.0000000000    0.0000000000
   0.0000004394    0.0000000509    0.0000008963
  -0.0000885590    0.0000600323   -0.0000415473
   0.0000247042   -0.0000378512    0.0000444352
   0.0000035165   -0.0000071103    0.0000162549
  -0.0000600539    0.0001339442   -0.0002595335
  -0.0000188145    0.0000028215    0.0000246374
  -0.0000000000   -0.0000000000    0.0000000000
  -0.0000030607   -0.0000080145    0.0000187796
   0.0002087153   -0.0000164518   -0.0002893093
  -0.0000150610    0.0000075240    0.0000526236
  -0.0000000000   -0.0000000000    0.0000000000
  -0.0010044869   -0.0012330752   -0.0002109878
   0.0000722653    0.0001052616    0.0001381650
  -0.0000000000    0.0000000000    0.0000000000
  -0.0000063473   -0.0000000828    0.0000141729
   0.0000506189   -0.0000046303    0.0000878506
   0.0000000000    0.0000000000    0.0000000000
   0.0000024549    0.0000021459    0.0000051757
  -0.0002602807    0.0000042357   -0.0001939137
  -0.0000000000    0.0000000000    0.0000000000
   0.0000007957    0.0000002363    0.0000044305
   0.0000204176    0.0000117758   -0.0001785287
  -0.0000488945   -0.0000552550    0.0000750332
  -0.0000000000   -0.0000000000    0.0000000000
  -0.0000006992    0.0000002364    0.0000049845
   0.0002090244    0.0002667493   -0.0001751700
  -0.0000375823   -0.0001167217    0.0001478541
  -0.0000027104   -0.0000024650    0.0000056560
  -0.0000549824   -0.0000611761   -0.0000910004
   0.0000212432    0.0000075317    0.0000399347
   0.0000000000   -0.0000000000    0.0000000000
  -0.0002602012   -0.0000643016   -0.0002200778
   0.0000294996    0.0000396272    0.0000545822
   0.0000000000    0.0000000000    0.0000000000
   0.0000049737   -0.0000000826    0.0000112269
  -0.0000955840   -0.0000046271    0.0001485492
  -0.0000000000    0.0000000000    0.0000000000
   0.0000038025    0.0000072266    0.0000182116
   0.0004462399    0.0001581584   -0.0008328838
  -0.0002443972   -0.0000890148    0.0044554115
  -0.0000003495    0.0000001243    0.0014865533
  -0.0000000018    0.0000000061    0.0014848392
   0.0002105934    0.0003541028    0.0018874692
   0.0000000245   -0.0000002953    0.0014882457
  -0.0000000019   -0.0000000000    0.0014846867
  -0.0001345348    0.0001605496    0.0015910161
   0.0002003314   -0.0003000585    0.0014278857
   0.0000000014   -0.0000000045    0.0014847132
  -0.0000264402   -0.0000348682    0.0014989270
   0.0000108898    0.0000187268    0.0014693616
   0.0000000740   -0.0000001268    0.0014850213
   0.0002204089   -0.0002093536    0.0015623367
  -0.0002011861    0.0001925256    0.0016346983
  -0.0000000024    0.0000000241    0.0014847358
   0.0000000105   -0.0000000001    0.0014849578
   0.0002105966   -0.0004144142    0.0018039681
  -0.0001328177    0.0004881492    0.0020044176
  -0.0000000874    0.0000001673    0.0014851273
  -0.0000000094   -0.0000000001    0.0014849662
   0.0005449201   -0.0000891362    0.0028206823
   0.0000000245    0.0000002590    0.0014885017
  -0.0000000018    0.0000000046    0.0014847200
  -0.0003569106    0.0003285654    0.0017874363
   0.0000003316   -0.0000001183    0.0014862110
   0.0000000017   -0.0000000000    0.0014846865
  -0.0000264593    0.0000521678    0.0015126957
   0.0000253537   -0.0000854841    0.0014214451
   0.0000000023   -0.0000000051    0.0014848278
   0.0000685697   -0.0000572065    0.0014968399
  -0.0000538855    0.0000186900    0.0015124454
  -0.0000000024   -0.0000000222    0.0014847281
  -0.0000000019   -0.0000000061    0.0014848332
   0.0000639957   -0.0001402919    0.0015508973
  -0.0000090510    0.0000492543    0.0015519668
  -0.0000000752   -0.0000001529    0.0014850806
  -0.0003399955   -0.0003684549    0.0017666592
   0.0002740085    0.0003426364    0.0016787949
   0.0000000036    0.0000003265    0.0014857245
  -0.0000000049   -0.0000000001    0.0014847595
   0.0001155726   -0.0000217807    0.0014757479
   0.0000003548    0.0000001045    0.0014863051
   0.0000000014    0.0000000046    0.0014847148
  -0.0000853612    0.0000912249    0.0015626546
  -0.0000000282   -0.0000000280    0.0014851511
   0.0000000039    0.0000000001    0.0014846963
   0.0000972460    0.0001013739    0.0015287019
  -0.0001732924   -0.0001882492    0.0015678564
  -0.0000003263   -0.0000001381    0.0014864592
  -0.0000000037    0.0000000001    0.0014846968
   0.0000640390    0.0002102736    0.0016012660
  -0.0000590975   -0.0004455804    0.0017540342
  -0.0000000018   -0.0000000045    0.0014847184
  -0.0001058140   -0.0001163085    0.0015590889
   0.0000511034    0.0000493364    0.0014552903
   0.0000000036   -0.0000002895    0.0014856143
  -0.0000853340   -0.0001088048    0.0015466932
   0.0000533427    0.0000897755    0.0014884782
   0.0000000862    0.0000001412    0.0014850680
   0.0000000039   -0.0000000001    0.0014847484
  -0.0004146075   -0.0000217527    0.0018400494
  -0.0000000282    0.0000000260    0.0014851780
   0.0000000022    0.0000000051    0.0014848338
   0.0002373448    0.0001695208    0.0015831123
  -0.0000000055   -0.0000000006    0.0050365909
  -0.0000001711    0.0000001879    0.0050375141
  -0.0005273352    0.0016900307    0.0055830199
   0.0001604650   -0.0004651657    0.0064784589
  -0.0000000055   -0.0000000700    0.0050365860
  -0.0001211890    0.0000453230    0.0050583022
   0.0000620936   -0.0001122165    0.0050402297
   0.0000000050   -0.0000000070    0.0050365164
   0.0000962993   -0.0001591085    0.0048039254
  -0.0000236559    0.0000674544    0.0050759293
   0.0000000009    0.0000000001    0.0050364291
   0.0000005050   -0.0000003110    0.0050414370
  -0.0004152374    0.0002641441    0.0060729605
  -0.0000000035    0.0000000038    0.0050364497
   0.0000000592    0.0000005272    0.0050474696
   0.0018395555   -0.0001968152    0.0078584918
   0.0001604277    0.0003845596    0.0069771393
  -0.0000000052    0.0000000074    0.0050365293
  -0.0000005662    0.0000003355    0.0050423762
  -0.0007963488   -0.0001969612    0.0126799595
   0.0000000058   -0.0000000006    0.0050365895
  -0.0000000055    0.0000000769    0.0050366023
  -0.0005113079    0.0003829427    0.0051423312
   0.0003037447   -0.0001695708    0.0053211145
   0.0000001511   -0.0000001483    0.0050372824
   0.0000417890    0.0000452547    0.0049944333
  -0.0000236751   -0.0000541609    0.0050554402
   0.0000000030   -0.0000000034    0.0050364458
   0.0005779664   -0.0009676373    0.0043115517
  -0.0001033600    0.0002418555    0.0052351243
  -0.0000000010    0.0000000001    0.0050364294
   0.0000000592   -0.0000005721    0.0050471715
  -0.0003110138   -0.0016812300    0.0050474321
   0.0000394329    0.0003830712    0.0052307055
  -0.0000000028    0.0000000003    0.0050364487
  -0.0000005374   -0.0000003551    0.0050422212
   0.0003620068    0.0001358979    0.0054116802
   0.0000000055    0.0000000074    0.0050365271
  -0.0000000240    0.0000001189    0.0050376227
  -0.0017101111   -0.0000391584    0.0052406051
   0.0000000043   -0.0000000002    0.0050364641
   0.0000001615    0.0000001686    0.0050373788
   0.0002061503    0.0001547916    0.0049122447
  -0.0001124017   -0.0000724252    0.0051829344
   0.0000000155   -0.0000003766    0.0050385553
   0.0001110574    0.0001640355    0.0049275630
  -0.0000761681   -0.0002021712    0.0051577532
  -0.0000000033   -0.0000000036    0.0050364478
  -0.0000001606   -0.0000001676    0.0050374177
  -0.0000290075    0.0001643091    0.0050596288
   0.0000394814   -0.0002964046    0.0051024700
  -0.0000000047   -0.0000000070    0.0050365186
  -0.0004011221   -0.0003872319    0.0050336177
   0.0000893086    0.0001519407    0.0051177753
   0.0000000029    0.0000000003    0.0050364487
  -0.0000000240   -0.0000001251    0.0050375709
  -0.0001123907    0.0000588962    0.0052058491
   0.0000000031    0.0000000035    0.0050364477
   0.0000005338    0.0000002914    0.0050415917
   0.0006550644   -0.0000390780    0.0044696319
  -0.0000000047   -0.0000000002    0.0050364681
   0.0000000155    0.0000004271    0.0050387314
   0.0007946798    0.0009767111    0.0048456568
  -0.0003570208   -0.0002977608    0.0059826727
   0.0039997846   -0.0029244812   -0.0231540721
  -0.0000479722    0.0000223198   -0.0048438174
   0.0000000000   -0.0000000000   -0.0050364265
   0.0000073383    0.0000434663   -0.0047352841
   0.0000066059   -0.0000457074   -0.0047304377
  -0.0000000000   -0.0000000000   -0.0050364265
  -0.0000121691    0.0000172948   -0.0049884357
   0.0004307507    0.0034257333   -0.0064022571
  -0.0000000000   -0.0000000000   -0.0050364265
  -0.0000008584   -0.0000042032   -0.0050307041
  -0.0001020458    0.0001365116   -0.0050902339
   0.0000097679   -0.0000157653   -0.0050094787
   0.0000381673   -0.0000247052   -0.0049029449
  -0.0008669393    0.0005347988   -0.0053613518
  -0.0000006869    0.0000032279   -0.0050297720
  -0.0000000000   -0.0000000000   -0.0050364265
   0.0000073374   -0.0000470159   -0.0047525549
   0.0000706440    0.0038245299   -0.0069114004
  -0.0000124015    0.0000225018   -0.0049911666
   0.0000000000    0.0000000000   -0.0050364265
   0.0032726753   -0.0029047562   -0.0210705204
   0.0000066047    0.0000405274   -0.0046944757
  -0.0000000000   -0.0000000000   -0.0050364265
  -0.0000440020    0.0000280488   -0.0048275226
   0.0000438965   -0.0000198960   -0.0049095865
  -0.0000000000   -0.0000000000   -0.0050364265
  -0.0000008586    0.0000047638   -0.0050294447
  -0.0007362095    0.0002703201   -0.0052473363
   0.0000000000   -0.0000000000   -0.0050364265
   0.0000098873   -0.0000127282   -0.0050090806
  -0.0001239498    0.0001360540   -0.0051022261
  -0.0000006878   -0.0000027728   -0.0050311064
   0.0000000000    0.0000000000   -0.0050364265
   0.0000016526   -0.0000254829   -0.0049816314
   0.0001168283    0.0005098043   -0.0052180410
  -0.0000104630   -0.0000201422   -0.0049982429
  -0.0000423401   -0.0000300500   -0.0048377071
   0.0010445298   -0.0011428117   -0.0066886324
   0.0000014443    0.0000404805   -0.0049600109
   0.0000000000    0.0000000000   -0.0050364265
  -0.0026903952   -0.0001265009   -0.0057198462
   0.0000468414    0.0000174132   -0.0048982761
  -0.0000000000    0.0000000000   -0.0050364265
  -0.0000033359    0.0000068548   -0.0049989399
  -0.0000051072   -0.0000061994   -0.0049916593
   0.0000000000   -0.0000000000   -0.0050364265
   0.0000112708    0.0000145725   -0.0049991836
  -0.0004052219   -0.0005454468   -0.0053260777
  -0.0000450277   -0.0000248005   -0.0048551201
  -0.0000000000   -0.0000000000   -0.0050364265
   0.0000016533    0.0000290329   -0.0049632064
   0.0006868377   -0.0015540525   -0.0066253857
   0.0000000000   -0.0000000000   -0.0050364265
  -0.0000107847   -0.0000154495   -0.0049983408
   0.0001219621    0.0005110610   -0.0051885020
   0.0000014456   -0.0000354849   -0.0049734552
  -0.0000033353   -0.0000074385   -0.0050009613
  -0.0002721341   -0.0002808798   -0.0052826942
   0.0000117070    0.0000181274   -0.0050023934
   0.0000000000   -0.0000000000   -0.0050364265
  -0.0033450275   -0.0001259649   -0.0059588564
  -0.0000051059    0.0000057551   -0.0049884613
  -0.0000000000   -0.0000000000   -0.0050364265
   0.0000398293    0.0000227054   -0.0048927712
  -0.0361439848    0.0109275834    0.0542659253
   0.0000407134   -0.0000121631   -0.0033948803
  -0.0000000000    0.0000000000   -0.0033041581
   0.0000248418   -0.0000194288   -0.0033973290
  -0.0000470954    0.0000126787   -0.0033768219
   0.0000000000    0.0000000000   -0.0033041581
   0.0000083580   -0.0000041812   -0.0033138725
   0.0008019132   -0.0004593861   -0.0030053686
   0.0000000000   -0.0000000000   -0.0033041581
  -0.0000052409    0.0000026671   -0.0033095992
   0.0001142968   -0.0000411240   -0.0032888763
  -0.0000051220    0.0000036387   -0.0033097437
  -0.0000339495    0.0000172314   -0.0033754825
   0.0009447521   -0.0005888810   -0.0029541513
   0.0000079514   -0.0000053551   -0.0033136170
  -0.0000000000    0.0000000000   -0.0033041581
   0.0000235926    0.0000212227   -0.0033925074
  -0.0013726015   -0.0005330822   -0.0023490843
   0.0000112032   -0.0000152181   -0.0033288821
  -0.0000000000    0.0000000000   -0.0033041581
   0.0054315265   -0.0001524885   -0.0040627999
  -0.0000509446   -0.0000109369   -0.0033837066
  -0.0000000000    0.0000000000   -0.0033041581
   0.0000358097   -0.0000073748   -0.0033449450
  -0.0000243643    0.0000044389   -0.0033310161
  -0.0000000000   -0.0000000000   -0.0033041581
  -0.0000065100   -0.0000031574   -0.0033113474
   0.0004282814    0.0000327208   -0.0032185458
  -0.0000000000   -0.0000000000   -0.0033041581
  -0.0000074876    0.0000087346   -0.0033208954
   0.0000828926   -0.0001002926   -0.0032572027
   0.0000069528    0.0000048809   -0.0033123268
   0.0000000000   -0.0000000000   -0.0033041581
   0.0000056497    0.0000108219   -0.0033251982
  -0.0002651615   -0.0001559986   -0.0032628542
   0.0000091771    0.0000134104   -0.0033248550
   0.0000345433    0.0000079128   -0.0033430812
  -0.0000083637    0.0002187339   -0.0029815845
  -0.0000130223   -0.0000139156   -0.0033261351
  -0.0000000000   -0.0000000000   -0.0033041581
   0.0015937769    0.0000315152   -0.0031110430
  -0.0000263895   -0.0000039179   -0.0033335089
  -0.0000000000    0.0000000000   -0.0033041581
  -0.0000255028   -0.0000052914   -0.0033331683
   0.0000345462    0.0000056764   -0.0033424349
  -0.0000000000   -0.0000000000   -0.0033041581
  -0.0000088173   -0.0000106036   -0.0033262011
   0.0001379556    0.0003500934   -0.0029779550
   0.0000368628    0.0000139042   -0.0033879976
   0.0000000000    0.0000000000   -0.0033041581
   0.0000069788   -0.0000126909   -0.0033305061
  -0.0013761503   -0.0000754801   -0.0024328442
  -0.0000000000   -0.0000000000   -0.0033041581
   0.0000070884    0.0000036902   -0.0033121229
   0.0000669639   -0.0001005907   -0.0032603713
  -0.0000109980    0.0000121073   -0.0033221058
  -0.0000242381    0.0000058285   -0.0033313070
   0.0004278076   -0.0000279079   -0.0032073907
  -0.0000061225   -0.0000041135   -0.0033110357
  -0.0000000000    0.0000000000   -0.0033041581
   0.0073513243   -0.0001497294   -0.0036929198
   0.0000365698   -0.0000051560   -0.0033449259
  -0.0000000000    0.0000000000   -0.0033041581
  -0.0000352007   -0.0000154376   -0.0033803012
   0.0159532531    0.0007522121   -0.0131662372
   0.0000072387   -0.0000032229   -0.0029196190
   0.0000000000   -0.0000000000   -0.0028897173
  -0.0000323158   -0.0000815619   -0.0033761175
  -0.0000007533    0.0000068732   -0.0029424822
  -0.0000000000    0.0000000000   -0.0028897173
   0.0000273014   -0.0000356386   -0.0030022123
  -0.0006465438    0.0002046115   -0.0016986834
  -0.0000000000    0.0000000000   -0.0028897173
   0.0000041242    0.0000099108   -0.0029093462
   0.0000053584   -0.0000407713   -0.0028462035
  -0.0000012990    0.0000020203   -0.0028941575
  -0.0000607522    0.0000468697   -0.0031181619
   0.0003531818   -0.0002829934   -0.0028628640
   0.0000000510   -0.0000004064   -0.0028904741
  -0.0000000000    0.0000000000   -0.0028897173
  -0.0000323105    0.0000910382   -0.0033480075
   0.0006232290   -0.0012725685   -0.0026443974
   0.0000015728   -0.0000027401   -0.0028957662
   0.0000000000    0.0000000000   -0.0028897173
  -0.0125069503    0.0007558320   -0.0057433846
  -0.0000007532   -0.0000061401   -0.0029452132
   0.0000000000   -0.0000000000   -0.0028897173
   0.0000811967   -0.0000617036   -0.0032820545
  -0.0000065318    0.0000028651   -0.0029130976
   0.0000000000   -0.0000000000   -0.0028897173
   0.0000041273   -0.0000130055   -0.0029161105
   0.0000751036    0.0000358760   -0.0026712812
  -0.0000000000    0.0000000000   -0.0028897173
  -0.0000176378    0.0000184234   -0.0029426912
   0.0000722458   -0.0000406693   -0.0028865206
   0.0000000511    0.0000003679   -0.0028903525
   0.0000000000    0.0000000000   -0.0028897173
  -0.0000095929    0.0000348746   -0.0030062911
  -0.0000369885   -0.0001203876   -0.0028334981
   0.0000013720    0.0000025007   -0.0028950580
   0.0000780417    0.0000695732   -0.0032622664
  -0.0009625136   -0.0006029979   -0.0020032678
  -0.0000001236   -0.0000060142   -0.0029035879
   0.0000000000    0.0000000000   -0.0028897173
   0.0002468196    0.0000541878   -0.0022331989
  -0.0000070392   -0.0000026231   -0.0029145074
  -0.0000000000   -0.0000000000   -0.0028897173
   0.0000148749   -0.0000208233   -0.0029960283
   0.0000005237    0.0000007683   -0.0028956301
  -0.0000000000   -0.0000000000   -0.0028897173
  -0.0000215225   -0.0000251428   -0.0029663789
   0.0002625412    0.0002765477   -0.0028074986
   0.0000067313    0.0000034647   -0.0029182102
   0.0000000000   -0.0000000000   -0.0028897173
  -0.0000095961   -0.0000445644   -0.0030452546
   0.0003070205    0.0008753805   -0.0023417502
   0.0000000000    0.0000000000   -0.0028897173
   0.0000234170    0.0000289151   -0.0029784998
  -0.0000414809   -0.0001206837   -0.0027315715
  -0.0000001237    0.0000052480   -0.0029018085
   0.0000148716    0.0000239244   -0.0029890718
  -0.0000160028   -0.0000423619   -0.0027269087
  -0.0000014998   -0.0000022599   -0.0028948666
  -0.0000000000    0.0000000000   -0.0028897173
   0.0008449762    0.0000540694   -0.0029272300
   0.0000005236   -0.0000007303   -0.0028959045
  -0.0000000000   -0.0000000000   -0.0028897173
  -0.0000639085   -0.0000390084   -0.0031379372
  -0.0114755219    0.0006942052   -0.0037575749
   0.0000845581   -0.0000540301   -0.0004326499
   0.0000000000   -0.0000000000   -0.0000000000
  -0.0000001651   -0.0000038028   -0.0000490810
  -0.0000213332    0.0000886802   -0.0006656678
  -0.0000000000   -0.0000000000   -0.0000000000
   0.0000007919   -0.0000016264   -0.0000059600
   0.0002308848   -0.0008144342   -0.0000881447
   0.0000000000   -0.0000000000   -0.0000000000
   0.0000000227    0.0000002769   -0.0000007691
   0.0000478987   -0.0000308515    0.0000163735
  -0.0000153468    0.0000244104   -0.0000452718
  -0.0000039803    0.0000020845   -0.0000233711
   0.0000776605   -0.0000128690    0.0004028673
   0.0000032967   -0.0000121767   -0.0000225546
   0.0000000000   -0.0000000000   -0.0000000000
  -0.0000001652    0.0000039448   -0.0000475725
  -0.0002839786   -0.0000474272    0.0015681702
   0.0000204307   -0.0000445112   -0.0001004966
   0.0000000000   -0.0000000000   -0.0000000000
   0.0151348476    0.0006979264   -0.0134928239
  -0.0000213292   -0.0000739109   -0.0008009159
  -0.0000000000    0.0000000000   -0.0000000000
   0.0000040459   -0.0000021580   -0.0000286139
  -0.0000709146    0.0000413506   -0.0002358122
   0.0000000000   -0.0000000000   -0.0000000000
   0.0000000227   -0.0000002815   -0.0000008634
   0.0002329099   -0.0001486233   -0.0000136738
  -0.0000000000    0.0000000000   -0.0000000000
  -0.0000007702    0.0000013852   -0.0000045523
   0.0000089412   -0.0000307757    0.0000924252
   0.0000032992    0.0000107162   -0.0000174440
   0.0000000000   -0.0000000000   -0.0000000000
   0.0000000081    0.0000030155   -0.0000098623
  -0.0000331780   -0.0000997984    0.0002685035
   0.0000158741    0.0000384708   -0.0000804116
   0.0000039390    0.0000022124   -0.0000278421
   0.0000580655    0.0005484408    0.0005679803
  -0.0000039158   -0.0000654900   -0.0001526309
   0.0000000000   -0.0000000000   -0.0000000000
   0.0005987255    0.0000317586   -0.0000147006
  -0.0000782729   -0.0000353294   -0.0002647528
   0.0000000000    0.0000000000   -0.0000000000
   0.0000001861   -0.0000002603   -0.0000059223
   0.0000169753    0.0000125062   -0.0001042309
  -0.0000000000   -0.0000000000   -0.0000000000
  -0.0000008266   -0.0000014442   -0.0000051302
   0.0000087288    0.0000204560    0.0002794148
   0.0000771992    0.0000600422   -0.0004037165
   0.0000000000    0.0000000000   -0.0000000000
   0.0000000082   -0.0000031961   -0.0000109859
  -0.0004570304   -0.0002175835    0.0009146384
  -0.0000000000   -0.0000000000   -0.0000000000
   0.0000007355    0.0000015675   -0.0000053825
  -0.0000279640   -0.0001000662    0.0000970587
  -0.0000039208    0.0000529383   -0.0001138622
   0.0000001860    0.0000002631   -0.0000057130
   0.0001636070    0.0001562105    0.0001102651
  -0.0000199050   -0.0000304564   -0.0000653868
  -0.0000000000   -0.0000000000   -0.0000000000
   0.0003183819    0.0000316988    0.0011751413
   0.0000169735   -0.0000109427   -0.0001128506
  -0.0000000000   -0.0000000000   -0.0000000000
  -0.0000040873   -0.0000020300   -0.0000241424
  -0.0001398373    0.0001386149    0.0027694993
   0.0000000144   -0.0000000051    0.0033040804
   0.0000002024   -0.0000004857    0.0033026999
   0.0003154655   -0.0019065229    0.0024082226
  -0.0000000136    0.0000000057    0.0033040878
   0.0000000007   -0.0000000007    0.0033041286
   0.0000983885   -0.0001965492    0.0032795327
  -0.0000498594    0.0001893944    0.0032860610
  -0.0000001833    0.0000004176    0.0033029492
  -0.0000174600    0.0000343824    0.0033457964
   0.0000063544   -0.0000063465    0.0032950147
  -0.0000000007    0.0000000003    0.0033041567
  -0.0004404129    0.0011834676    0.0031460409
   0.0000771851   -0.0003578149    0.0031568898
   0.0000000009   -0.0000000004    0.0033041563
  -0.0000000339    0.0000000343    0.0032993277
   0.0002109571    0.0021359586    0.0025540398
  -0.0000333393   -0.0006167138    0.0030695272
   0.0000000032   -0.0000000042    0.0033041408
   0.0000003468    0.0000000168    0.0033013762
  -0.0001293250    0.0000331786    0.0032115019
  -0.0000000149   -0.0000000051    0.0033040824
   0.0000000073   -0.0000000987    0.0033038855
   0.0003392254   -0.0003872111    0.0032468699
  -0.0000000048    0.0000000012    0.0033041433
  -0.0000000389   -0.0000000074    0.0033039123
  -0.0000355280   -0.0000972555    0.0033237771
   0.0000234880    0.0000908058    0.0032773779
  -0.0000000165    0.0000009089    0.0033016173
  -0.0000917534    0.0001949483    0.0034394813
   0.0000278840   -0.0000233690    0.0032548586
   0.0000000008    0.0000000003    0.0033041566
   0.0000001920    0.0000004769    0.0033027754
   0.0000357992    0.0004583757    0.0033308612
  -0.0000108605   -0.0000454884    0.0032598564
   0.0000000028    0.0000000036    0.0033041428
   0.0003080329    0.0004433628    0.0032770592
  -0.0000644389   -0.0002020656    0.0032615417
  -0.0000000033   -0.0000000041    0.0033041413
   0.0000000158    0.0000000047    0.0033035852
   0.0000457881    0.0000108059    0.0032592100
  -0.0000000052   -0.0000000012    0.0033041422
  -0.0000001937   -0.0000004264    0.0033028737
  -0.0000961922   -0.0001233998    0.0034178738
   0.0000000054    0.0000000014    0.0033041419
  -0.0000000046   -0.0000000160    0.0033035855
  -0.0001232479   -0.0004382658    0.0033625739
   0.0000626330    0.0003451495    0.0031813147
   0.0000000130    0.0000000057    0.0033040857
   0.0000000428   -0.0000000074    0.0033038753
   0.0000672283   -0.0007020937    0.0032537281
  -0.0000333629    0.0005414258    0.0031333810
   0.0000000073    0.0000000948    0.0033039015
   0.0000802478    0.0001335522    0.0033016199
  -0.0000239678   -0.0000234089    0.0032903309
  -0.0000000029    0.0000000034    0.0033041433
  -0.0000650683    0.0001794506    0.0034480060
   0.0000234746   -0.0000946792    0.0032673813
  -0.0000000008   -0.0000000004    0.0033041564
  -0.0000003296    0.0000000168    0.0033017296
   0.0002057769    0.0000331245    0.0029894809
   0.0000000058   -0.0000000014    0.0033041407
  -0.0000000166   -0.0000009264    0.0033014851
  -0.0005448838   -0.0009540318    0.0030007511
   0.0003340739   -0.0002282717    0.0028600964
   0.0000000046   -0.0000000061    0.0033041360
   0.0000005865   -0.0000002366    0.0033004202
  -0.0013301504    0.0001389600    0.0021329717
  -0.0000000002    0.0000000019    0.0033040460
   0.0000000850   -0.0000000557    0.0033039373
   0.0006845505   -0.0003554465    0.0031604633
  -0.0004252987    0.0001529209    0.0030786621
  -0.0000000652    0.0000000437    0.0033039855
   0.0000360830   -0.0000152473    0.0033090292
  -0.0000264479    0.0000245484    0.0033000966
  -0.0000000039    0.0000000052    0.0033041397
  -0.0002960030    0.0001566439    0.0034454296
   0.0000841026   -0.0000503763    0.0032645311
  -0.0000000000    0.0000000000    0.0033041581
  -0.0000006416    0.0000002360    0.0033007487
  -0.0003362357    0.0007578970    0.0029933695
   0.0000516676   -0.0000927476    0.0032535092
   0.0000000008   -0.0000000001    0.0033041540
   0.0000005702    0.0000002521    0.0033005125
  -0.0005218612   -0.0001305285    0.0030060503
  -0.0000000002   -0.0000000169    0.0033040968
   0.0000004672   -0.0000000823    0.0033029281
   0.0024900649    0.0000433612    0.0023506089
  -0.0000000083    0.0000000005    0.0033041164
  -0.0000000720   -0.0000000491    0.0033039661
   0.0001365779   -0.0000853229    0.0033036374
  -0.0001277467    0.0000401643    0.0032476272
  -0.0000001318    0.0000001866    0.0033034241
  -0.0000818086   -0.0000341840    0.0033316784
   0.0000672765    0.0000414848    0.0032788356
   0.0000000000    0.0000000011    0.0033041562
   0.0000001185    0.0000001951    0.0033033745
  -0.0000925548   -0.0000508224    0.0033427493
   0.0000304551    0.0000710932    0.0032807693
   0.0000000041    0.0000000057    0.0033041381
   0.0004978781    0.0003429936    0.0032585227
  -0.0000965765   -0.0000713148    0.0032781103
  -0.0000000000   -0.0000000004    0.0033041427
   0.0000004563    0.0000000874    0.0033029593
  -0.0001522239   -0.0000327434    0.0032290014
  -0.0000000044   -0.0000000056    0.0033041376
  -0.0000003952   -0.0000000716    0.0033030924
   0.0003921635    0.0000154242    0.0033699981
   0.0000000002    0.0000000001    0.0033041506
  -0.0000001405   -0.0000002002    0.0033033468
  -0.0004824018   -0.0001690905    0.0033476623
   0.0003244359    0.0000647128    0.0031563631
   0.0000000082    0.0000000005    0.0033041133
   0.0000001271   -0.0000002087    0.0033032971
  -0.0003364641   -0.0009571207    0.0026624865
   0.0002375136    0.0002506527    0.0029326252
   0.0000000782    0.0000000503    0.0033039567
   0.0001344066   -0.0000342591    0.0032904386
  -0.0000754194    0.0000496356    0.0033054000
  -0.0000000002    0.0000000155    0.0033041030
   0.0001364558    0.0000848403    0.0033362740
  -0.0000433138   -0.0000334534    0.0032857661
  -0.0000000008   -0.0000000001    0.0033041543
  -0.0000003843    0.0000000766    0.0033031234
   0.0003488589   -0.0000573001    0.0031377941
   0.0000000000   -0.0000000012    0.0033041557
  -0.0000006580   -0.0000002205    0.0033006565
  -0.0015541350    0.0000433099    0.0031261290
   0.0041348947   -0.0067724666    0.0003034701
   0.0000128797   -0.0000375135   -0.0033479095
   0.0000000000    0.0000000000   -0.0033041581
  -0.0000068235    0.0000028096   -0.0034107891
  -0.0000027577    0.0000066150   -0.0034099634
   0.0000000000    0.0000000000   -0.0033041581
   0.0000121827   -0.0000353024   -0.0033488418
   0.0044837215   -0.0063642218    0.0003444071
   0.0000000000    0.0000000000   -0.0033041581
   0.0000002395   -0.0000002130   -0.0033060820
   0.0001169675   -0.0002244557   -0.0032618058
  -0.0000114221    0.0000276368   -0.0033320721
  -0.0000093447    0.0000266246   -0.0033315470
   0.0001340259   -0.0002973242   -0.0032450141
   0.0000002083   -0.0000002353   -0.0033060631
   0.0000000000    0.0000000000   -0.0033041581
  -0.0000028015    0.0000537643   -0.0033600406
  -0.0000279708   -0.0012145464   -0.0030499339
   0.0000033154   -0.0000012318   -0.0033148604
   0.0000000000   -0.0000000000   -0.0033041581
  -0.0006921085    0.0028894351    0.0002523578
  -0.0000016499   -0.0000665771   -0.0033719722
   0.0000000000    0.0000000000   -0.0033041581
   0.0000232630    0.0000016839   -0.0033809644
  -0.0000198095    0.0000027342   -0.0033533249
   0.0000000000   -0.0000000000   -0.0033041581
   0.0000012621   -0.0000075460   -0.0033141463
   0.0004573518   -0.0003865714   -0.0031136653
   0.0000000000    0.0000000000   -0.0033041581
  -0.0000028168   -0.0000014742   -0.0033138380
   0.0000713596    0.0001095059   -0.0032483749
   0.0000014426    0.0000081883   -0.0033148146
   0.0000000000    0.0000000000   -0.0033041581
  -0.0000005616   -0.0000027966   -0.0033236976
  -0.0001067159    0.0002299852   -0.0030778991
   0.0000115741    0.0000360571   -0.0033438538
   0.0000108367    0.0000351505   -0.0033441176
  -0.0001386635   -0.0000416161   -0.0030924424
  -0.0000003701   -0.0000030509   -0.0033240434
   0.0000000000    0.0000000000   -0.0033041581
   0.0003784178    0.0005534803   -0.0031072730
  -0.0000127276   -0.0000290930   -0.0033361321
   0.0000000000    0.0000000000   -0.0033041581
   0.0000031434    0.0000003771   -0.0033242387
   0.0000027360    0.0000005520   -0.0033235769
   0.0000000000    0.0000000000   -0.0033041581
  -0.0000106918   -0.0000267753   -0.0033362670
   0.0005295045    0.0007875657   -0.0030627358
   0.0000200164    0.0000027327   -0.0033738084
   0.0000000000    0.0000000000   -0.0033041581
  -0.0000028017   -0.0000539697   -0.0033677748
  -0.0010106962    0.0033305082    0.0003948185
   0.0000000000    0.0000000000   -0.0033041581
   0.0000031331   -0.0000014747   -0.0033170500
  -0.0000601282   -0.0009465616   -0.0031204763
  -0.0000016506    0.0000632541   -0.0033638850
   0.0000012614    0.0000073634   -0.0033128894
   0.0000539304    0.0000360175   -0.0032584405
  -0.0000031353   -0.0000012336   -0.0033120275
   0.0000000000    0.0000000000   -0.0033041581
   0.0006080540   -0.0006211101   -0.0030563925
   0.0000014420   -0.0000084990   -0.0033159373
   0.0000000000   -0.0000000000   -0.0033041581
  -0.0000198306    0.0000016822   -0.0033558417
   0.0000004649    0.0000000383    0.0028855537
  -0.0000000010    0.0000000009    0.0028897171
   0.0000960890   -0.0003313719    0.0024198577
  -0.0002568024    0.0004435136    0.0007090769
  -0.0000000001   -0.0000000009    0.0028897192
   0.0000385111   -0.0000103433    0.0028586096
  -0.0000197873    0.0000304019    0.0029627846
  -0.0000002819    0.0000004515    0.0028876139
  -0.0000362715    0.0000570920    0.0028980193
   0.0000298997   -0.0000514718    0.0028510811
  -0.0000000254   -0.0000000032    0.0028896497
  -0.0000000029    0.0000000008    0.0028896873
   0.0004446797   -0.0004126111    0.0017547660
   0.0000001800   -0.0000001551    0.0028890579
  -0.0000000007   -0.0000000059    0.0028896125
  -0.0003131152    0.0000379559    0.0018661636
  -0.0002567614   -0.0002714536   -0.0003675019
   0.0000002790   -0.0000005051    0.0028872663
   0.0000000042   -0.0000000013    0.0028896804
   0.0001455262    0.0000380179    0.0008407741
  -0.0000005282    0.0000000383    0.0028857872
  -0.0000000001    0.0000000010    0.0028897193
   0.0001268939   -0.0001051041    0.0027778266
  -0.0002554932    0.0002372660    0.0028482042
   0.0000000013   -0.0000000012    0.0028897180
  -0.0000207032   -0.0000103252    0.0028828200
   0.0000299276    0.0000319321    0.0028884120
  -0.0000001345    0.0000001209    0.0028892197
  -0.0001213774    0.0002119246    0.0028070500
   0.0000816773   -0.0001435159    0.0026591187
   0.0000000288   -0.0000000032    0.0028896405
  -0.0000000007    0.0000000065    0.0028896178
   0.0000618337    0.0003363782    0.0025707581
  -0.0000616242   -0.0001465665    0.0027124945
   0.0000000783   -0.0000000163    0.0028892210
   0.0000000037    0.0000000015    0.0028896826
  -0.0002829951   -0.0001891388    0.0027030564
  -0.0000003113   -0.0000004738    0.0028874032
  -0.0000000001    0.0000000008    0.0028897148
   0.0003308072    0.0000093895    0.0025676842
  -0.0000002643    0.0000000089    0.0028886680
   0.0000000011    0.0000000010    0.0028897176
  -0.0000598319   -0.0000580413    0.0028593449
   0.0000994636    0.0000567637    0.0027919422
  -0.0000000000    0.0000000012    0.0028897059
  -0.0000396570   -0.0000333460    0.0028699089
   0.0000510956    0.0000970777    0.0027769486
   0.0000001666    0.0000001494    0.0028891046
  -0.0000000012   -0.0000000011    0.0028897175
   0.0000209403   -0.0000333883    0.0028048151
  -0.0000617081    0.0000712620    0.0028981989
   0.0000002496    0.0000004828    0.0028874769
   0.0001032692    0.0001041506    0.0028165882
  -0.0000504256   -0.0000769455    0.0028446309
  -0.0000000816   -0.0000000164    0.0028892398
  -0.0000000001   -0.0000000009    0.0028897152
   0.0000994203   -0.0000385934    0.0027503162
  -0.0000001480   -0.0000001266    0.0028891729
  -0.0000000034   -0.0000000006    0.0028896851
  -0.0001341551    0.0000093713    0.0028300768
   0.0000003271    0.0000000089    0.0028884369
  -0.0000000000   -0.0000000018    0.0028897043
  -0.0001556940   -0.0002069464    0.0026564488
   0.0004171444    0.0004606036    0.0018995218

385  
 -0.0018497235696319   0.0018497235696319   0.0096517897527814
  -0.0000075935    0.0000075935   -0.0017828712
  -0.0000000000   -0.0000000000   -0.0014846867
   0.0000348845   -0.0000348845   -0.0015851899
  -0.0016327702    0.0016327702    0.0067444651
  -0.0000000000   -0.0000000000   -0.0014846867
   0.0000003335   -0.0000003335   -0.0014883922
   0.0000559029   -0.0000559029   -0.0013148410
  -0.0000572142    0.0000572142   -0.0015785321
  -0.0000316963    0.0000316963   -0.0015645426
   0.0001280103   -0.0001280103   -0.0013241333
   0.0000006204   -0.0000006204   -0.0014900995
   0.0000000000    0.0000000000   -0.0014846867
   0.0036399099   -0.0036399099    0.0072516777
   0.0000640407   -0.0000640407   -0.0015973436
  -0.0000000000   -0.0000000000   -0.0014846867
  -0.0000035742    0.0000035742   -0.0019955882
  -0.0036862025   -0.0016008070    0.0069988989
  -0.0000049244   -0.0000979678   -0.0016634939
  -0.0000000000   -0.0000000000   -0.0014846867
   0.0000632486    0.0000016766   -0.0017183706
  -0.0000945518    0.0000049130   -0.0016486753
   0.0000000000    0.0000000000   -0.0014846867
   0.0000016908   -0.0000095725   -0.0015075166
   0.0000878508   -0.0000478458   -0.0008641737
   0.0000000000   -0.0000000000   -0.0014846867
  -0.0000094650   -0.0000016925   -0.0015047264
   0.0000511874    0.0000207488   -0.0013194833
   0.0000024257    0.0000169223   -0.0015131757
  -0.0000016782    0.0000631054   -0.0016910779
  -0.0000246979   -0.0003392626   -0.0009180389
   0.0000184388   -0.0000024311   -0.0015172086
  -0.0000000000   -0.0000000000   -0.0014846867
   0.0000316839    0.0000348968   -0.0015748721
  -0.0000794400   -0.0002365114   -0.0009201897
  -0.0000021089   -0.0000040593   -0.0015383627
   0.0000000000    0.0000000000   -0.0014846867
  -0.0000144872    0.0001517756   -0.0008620084
  -0.0000616263   -0.0000596225   -0.0015879271
   0.0000000000   -0.0000000000   -0.0014846867
   0.0000036725    0.0000004432   -0.0015433997
   0.0000040593    0.0000021089   -0.0015383627
   0.0000000000    0.0000000000   -0.0014846867
  -0.0000348968   -0.0000316839   -0.0015748721
   0.0002365114    0.0000794400   -0.0009201897
   0.0000000000   -0.0000000000   -0.0014846867
  -0.0000004432   -0.0000036725   -0.0015433997
  -0.0001517756    0.0000144872   -0.0008620084
   0.0000596225    0.0000616263   -0.0015879271
  -0.0000000000   -0.0000000000   -0.0014846867
   0.0000095725   -0.0000016908   -0.0015075166
   0.0000478458   -0.0000878508   -0.0008641737
  -0.0000049130    0.0000945518   -0.0016486753
   0.0000016925    0.0000094650   -0.0015047264
  -0.0000207488   -0.0000511874   -0.0013194833
  -0.0000169223   -0.0000024257   -0.0015131757
   0.0000000000    0.0000000000   -0.0014846867
   0.0003392626    0.0000246979   -0.0009180389
   0.0000024311   -0.0000184388   -0.0015172086
   0.0000000000   -0.0000000000   -0.0014846867
  -0.0000631054    0.0000016782   -0.0016910779
   0.0000979678    0.0000049244   -0.0016634939
  -0.0000000000    0.0000000000   -0.0014846867
  -0.0000016766   -0.0000632486   -0.0017183706
   0.0016008070    0.0036862025    0.0069988989
  -0.0000503079    0.0000503079   -0.0016740072
   0.0000000093   -0.0000000093   -0.0000003508
   0.0000002218   -0.0000002218   -0.0000013483
   0.0020153147   -0.0020153147   -0.0015677615
  -0.0000000098    0.0000000098   -0.0000003138
   0.0000000024   -0.0000000024   -0.0000000325
   0.0001403435   -0.0001403435   -0.0000816550
  -0.0003667557    0.0003667557   -0.0004072061
  -0.0000002035    0.0000002035   -0.0000010392
  -0.0000444711    0.0000444711    0.0000053380
   0.0000077213   -0.0000077213   -0.0000425733
  -0.0000000021    0.0000000021   -0.0000000065
  -0.0019013651    0.0019013651   -0.0008454572
   0.0004204286   -0.0004204286   -0.0005055984
   0.0000000029   -0.0000000029   -0.0000000084
  -0.0000000259    0.0000000259   -0.0000119256
   0.0016993525    0.0022172356   -0.0012068625
  -0.0000430096   -0.0006442198   -0.0007846822
   0.0000000019   -0.0000000100   -0.0000000615
   0.0000012243    0.0000000022   -0.0000047001
  -0.0006245673    0.0000429258   -0.0007160026
  -0.0000000098   -0.0000000093   -0.0000003323
   0.0000000070   -0.0000000235   -0.0000001508
   0.0003937455   -0.0003098734   -0.0001293319
  -0.0000000096    0.0000000018   -0.0000000530
  -0.0000000249   -0.0000000070   -0.0000001302
  -0.0000832785   -0.0001016795   -0.0000382218
   0.0000183542    0.0001358902   -0.0001484716
  -0.0000000022    0.0000012256   -0.0000041914
  -0.0002713517    0.0001862228    0.0000156286
   0.0001444287   -0.0000183880   -0.0001698083
   0.0000000024    0.0000000026   -0.0000000074
   0.0000001983    0.0000002271   -0.0000011938
   0.0002171838    0.0002162147   -0.0000223651
  -0.0000163644   -0.0000311474   -0.0002607653
   0.0000000015    0.0000000094   -0.0000000554
   0.0003637751    0.0003639497   -0.0000913795
  -0.0003982624   -0.0003888815   -0.0004563647
  -0.0000000021   -0.0000000102   -0.0000000590
   0.0000000258    0.0000000014   -0.0000007849
   0.0000311474    0.0000163644   -0.0002607653
  -0.0000000094   -0.0000000015   -0.0000000554
  -0.0000002271   -0.0000001983   -0.0000011938
  -0.0002162147   -0.0002171838   -0.0000223651
   0.0000000102    0.0000000021   -0.0000000590
  -0.0000000014   -0.0000000258   -0.0000007849
  -0.0003639497   -0.0003637751   -0.0000913795
   0.0003888815    0.0003982624   -0.0004563647
   0.0000000093    0.0000000098   -0.0000003323
   0.0000000235   -0.0000000070   -0.0000001508
   0.0003098734   -0.0003937455   -0.0001293319
  -0.0000429258    0.0006245673   -0.0007160026
   0.0000000070    0.0000000249   -0.0000001302
   0.0001016795    0.0000832785   -0.0000382218
  -0.0001358902   -0.0000183542   -0.0001484716
  -0.0000000018    0.0000000096   -0.0000000530
  -0.0001862228    0.0002713517    0.0000156286
   0.0000183880   -0.0001444287   -0.0001698083
  -0.0000000026   -0.0000000024   -0.0000000074
  -0.0000012256    0.0000000022   -0.0000041914
   0.0006442198    0.0000430096   -0.0007846822
   0.0000000100   -0.0000000019   -0.0000000615
  -0.0000000022   -0.0000012243   -0.0000047001
  -0.0022172356   -0.0016993525   -0.0012068625
  -0.0012145046    0.0012145046    0.0123460589
   0.0000043146   -0.0000043146    0.0014353233
  -0.0000000001    0.0000000001    0.0014846869
   0.0003190330   -0.0003190330    0.0010405182
  -0.0000045817    0.0000045817    0.0014400361
  -0.0000000000   -0.0000000000    0.0014846867
   0.0000582477   -0.0000582477    0.0014324343
  -0.0007616923    0.0007616923    0.0018986730
   0.0000000001   -0.0000000001    0.0014846869
  -0.0000391545    0.0000391545    0.0014542988
   0.0000227936   -0.0000227936    0.0015195197
  -0.0000011244    0.0000011244    0.0014824438
  -0.0003391446    0.0003391446    0.0010997960
   0.0010256052   -0.0010256052    0.0015879457
   0.0000014040   -0.0000014040    0.0014817377
   0.0000000000    0.0000000000    0.0014846900
   0.0003029534    0.0003552125    0.0010701649
  -0.0001680772   -0.0028663092    0.0010998007
   0.0000012158   -0.0000048902    0.0014710523
  -0.0000000000    0.0000000000    0.0014846873
  -0.0023412753    0.0001676763    0.0016826085
  -0.0000047685   -0.0000041283    0.0014376814
   0.0000000000   -0.0000000000    0.0014846868
   0.0001666575   -0.0001170782    0.0013301096
  -0.0000042325    0.0000012470    0.0014730943
  -0.0000000000   -0.0000000000    0.0014846868
  -0.0000478584   -0.0000495614    0.0014433572
   0.0000545300    0.0001947340    0.0016349286
   0.0000000000   -0.0000000000    0.0014846873
  -0.0001082996    0.0001217985    0.0013743283
   0.0002061538   -0.0000546286    0.0016004429
   0.0000012715    0.0000012566    0.0014820911
  -0.0000000001   -0.0000000001    0.0014846869
   0.0000977687    0.0001306694    0.0013628371
  -0.0000335327   -0.0000902582    0.0016805126
   0.0000011029    0.0000044274    0.0014722589
   0.0001577959    0.0001275903    0.0013415868
  -0.0009136086   -0.0008733597    0.0017434936
  -0.0000013602   -0.0000046947    0.0014718891
   0.0000000000    0.0000000000    0.0014846868
   0.0000902582    0.0000335327    0.0016805126
  -0.0000044274   -0.0000011029    0.0014722589
   0.0000000001    0.0000000001    0.0014846869
  -0.0001306694   -0.0000977687    0.0013628371
   0.0000046947    0.0000013602    0.0014718891
  -0.0000000000   -0.0000000000    0.0014846868
  -0.0001275903   -0.0001577959    0.0013415868
   0.0008733597    0.0009136086    0.0017434936
   0.0000041283    0.0000047685    0.0014376814
   0.0000000000   -0.0000000000    0.0014846868
   0.0001170782   -0.0001666575    0.0013301096
  -0.0001676763    0.0023412753    0.0016826085
   0.0000000000    0.0000000000    0.0014846868
   0.0000495614    0.0000478584    0.0014433572
  -0.0001947340   -0.0000545300    0.0016349286
  -0.0000012470    0.0000042325    0.0014730943
  -0.0001217985    0.0001082996    0.0013743283
   0.0000546286   -0.0002061538    0.0016004429
  -0.0000012566   -0.0000012715    0.0014820911
   0.0000000000    0.0000000000    0.0014846873
   0.0028663092    0.0001680772    0.0010998007
   0.0000048902   -0.0000012158    0.0014710523
   0.0000000000    0.0000000000    0.0014846873
  -0.0003552125   -0.0003029534    0.0010701649
  -0.0000000298    0.0000000298    0.0050240400
   0.0000000010   -0.0000000010    0.0050364268
   0.0005746673   -0.0005746673    0.0045974670
  -0.0025834000    0.0025834000    0.0006108793
  -0.0000000009    0.0000000009    0.0050364272
   0.0000117390   -0.0000117390    0.0050129033
  -0.0002931990    0.0002931990    0.0050314663
  -0.0000002818    0.0000002818    0.0050331471
  -0.0004703872    0.0004703872    0.0049276254
   0.0004059191   -0.0004059191    0.0049277629
   0.0000000035   -0.0000000035    0.0050363749
  -0.0000000189    0.0000000189    0.0050361773
   0.0024242674   -0.0024242674   -0.0015603972
   0.0000003070   -0.0000003070    0.0050325095
   0.0000000189   -0.0000000189    0.0050361727
  -0.0001179034    0.0001179034   -0.0061837676
  -0.0026243811   -0.0023835093   -0.0004732667
  -0.0000000172   -0.0000004512    0.0050292922
   0.0000000050   -0.0000000061    0.0050363790
   0.0017797031    0.0000386675    0.0032912511
  -0.0000004389    0.0000000172    0.0050299051
  -0.0000000012   -0.0000000008    0.0050364270
   0.0000480205   -0.0001476253    0.0049206191
  -0.0014206324    0.0003425381    0.0048132672
  -0.0000000054    0.0000000045    0.0050363865
  -0.0001476716   -0.0000481105    0.0049665333
   0.0003576483    0.0003413133    0.0049797139
   0.0000000108    0.0000001124    0.0050360413
  -0.0000386721    0.0018106398    0.0039065036
   0.0003432638   -0.0017884749    0.0045786314
   0.0000001148   -0.0000000108    0.0050359964
   0.0000000181    0.0000000197    0.0050361750
   0.0004630785    0.0005819307    0.0047623280
  -0.0004030067   -0.0016433418    0.0046445380
  -0.0000000061   -0.0000000167    0.0050355587
   0.0000000050    0.0000000060    0.0050363801
  -0.0015653644   -0.0002829278    0.0047475580
  -0.0000003008   -0.0000002879    0.0050328285
  -0.0000000045   -0.0000000055    0.0050363854
   0.0001397818    0.0000119190    0.0048032138
   0.0000000167    0.0000000061    0.0050355587
  -0.0000000060   -0.0000000050    0.0050363801
  -0.0005819307   -0.0004630785    0.0047623280
   0.0016433418    0.0004030067    0.0046445380
   0.0000000055    0.0000000045    0.0050363854
  -0.0000119190   -0.0001397818    0.0048032138
   0.0002829278    0.0015653644    0.0047475580
   0.0000002879    0.0000003008    0.0050328285
   0.0000000008    0.0000000012    0.0050364270
   0.0001476253   -0.0000480205    0.0049206191
  -0.0003425381    0.0014206324    0.0048132672
  -0.0000000172    0.0000004389    0.0050299051
   0.0000481105    0.0001476716    0.0049665333
  -0.0003413133   -0.0003576483    0.0049797139
  -0.0000001124   -0.0000000108    0.0050360413
  -0.0000000045    0.0000000054    0.0050363865
   0.0017884749   -0.0003432638    0.0045786314
   0.0000000108   -0.0000001148    0.0050359964
  -0.0000000197   -0.0000000181    0.0050361750
  -0.0018106398    0.0000386721    0.0039065036
   0.0000004512    0.0000000172    0.0050292922
   0.0000000061   -0.0000000050    0.0050363790
  -0.0000386675   -0.0017797031    0.0032912511
   0.0023835093    0.0026243811   -0.0004732667
  -0.0036293362    0.0036293362    0.0235001777
   0.0002048734   -0.0002048734   -0.0067969397
   0.0000000000   -0.0000000000   -0.0050364317
   0.0000065314   -0.0000065314   -0.0051708494
  -0.0002223644    0.0002223644   -0.0065501819
  -0.0000000000    0.0000000000   -0.0050364444
   0.0000011427   -0.0000011427   -0.0050393375
   0.0014067701   -0.0014067701   -0.0047035037
  -0.0000000000    0.0000000000   -0.0050364306
  -0.0000009328    0.0000009328   -0.0050383515
   0.0000566060   -0.0000566060   -0.0050025037
  -0.0000519555    0.0000519555   -0.0051032532
  -0.0000066866    0.0000066866   -0.0051592561
  -0.0006375153    0.0006375153   -0.0037838400
   0.0000683070   -0.0000683070   -0.0051317084
  -0.0000000000   -0.0000000000   -0.0050364265
   0.0000062965    0.0000069215   -0.0051650538
  -0.0003474455    0.0077588290   -0.0018020695
   0.0000606954   -0.0002916946   -0.0054442020
   0.0000000000    0.0000000000   -0.0050364266
   0.0102842341    0.0003461052   -0.0028820904
  -0.0002353525   -0.0001919489   -0.0066734222
  -0.0000000000   -0.0000000000   -0.0050364367
   0.0000037491   -0.0000016375   -0.0050600328
  -0.0002487336    0.0000624439   -0.0053645133
  -0.0000000000    0.0000000000   -0.0050364355
  -0.0000010302   -0.0000010453   -0.0050388456
   0.0002235183   -0.0001922262   -0.0049432773
  -0.0000000000    0.0000000000   -0.0050364266
  -0.0000015964    0.0000032712   -0.0050542949
  -0.0001922742   -0.0002240898   -0.0048884969
   0.0000607070    0.0000595340   -0.0051174612
   0.0000000000    0.0000000000   -0.0050364311
   0.0000014796    0.0000033576   -0.0050553021
  -0.0000495670   -0.0005667498   -0.0046403041
   0.0000535671    0.0002625863   -0.0053953498
   0.0000036627    0.0000017542   -0.0050590275
   0.0007482366    0.0012954721   -0.0042442430
  -0.0000695950   -0.0002777864   -0.0054132798
   0.0000000000    0.0000000000   -0.0050364270
   0.0005667498    0.0000495670   -0.0046403041
  -0.0002625863   -0.0000535671   -0.0053953498
  -0.0000000000   -0.0000000000   -0.0050364311
  -0.0000033576   -0.0000014796   -0.0050553021
   0.0002777864    0.0000695950   -0.0054132798
   0.0000000000   -0.0000000000   -0.0050364270
  -0.0000017542   -0.0000036627   -0.0050590275
  -0.0012954721   -0.0007482366   -0.0042442430
   0.0001919489    0.0002353525   -0.0066734222
   0.0000000000    0.0000000000   -0.0050364367
   0.0000016375   -0.0000037491   -0.0050600328
  -0.0003461052   -0.0102842341   -0.0028820904
  -0.0000000000    0.0000000000   -0.0050364355
   0.0000010453    0.0000010302   -0.0050388456
   0.0001922262   -0.0002235183   -0.0049432773
  -0.0000624439    0.0002487336   -0.0053645133
  -0.0000032712    0.0000015964   -0.0050542949
   0.0002240898    0.0001922742   -0.0048884969
  -0.0000595340   -0.0000607070   -0.0051174612
  -0.0000000000    0.0000000000   -0.0050364266
  -0.0077588290    0.0003474455   -0.0018020695
   0.0002916946   -0.0000606954   -0.0054442020
  -0.0000000000   -0.0000000000   -0.0050364266
  -0.0000069215   -0.0000062965   -0.0051650538
  -0.0211062851   -0.0007540797    0.0060100783
   0.0000325849    0.0000680250   -0.0028154303
  -0.0000000000    0.0000000000   -0.0033041581
  -0.0000137510    0.0000038851   -0.0032757000
   0.0003560551   -0.0000537689   -0.0030179018
   0.0000000000   -0.0000000000   -0.0033041581
  -0.0000000506    0.0000003400   -0.0033033895
  -0.0006431726    0.0001927668   -0.0033697454
   0.0000000000   -0.0000000000   -0.0033041581
   0.0000020812   -0.0000016527   -0.0032996424
   0.0000664711    0.0000408987   -0.0033340829
  -0.0000041411   -0.0000160798   -0.0032833422
   0.0000007529   -0.0000077249   -0.0032513634
   0.0015014634   -0.0004204018   -0.0042891252
  -0.0001019192    0.0000669919   -0.0032119648
   0.0000000000   -0.0000000000   -0.0033041581
  -0.0000131511   -0.0000041305   -0.0032768601
  -0.0011605205   -0.0007421331   -0.0040415606
   0.0000096754    0.0001062523   -0.0031605997
   0.0000000000    0.0000000000   -0.0033041581
  -0.0023421082   -0.0000539657   -0.0035599050
   0.0003788874    0.0000459083   -0.0029969277
   0.0000000000    0.0000000000   -0.0033041581
  -0.0000005230    0.0000007063   -0.0032979776
  -0.0000149175   -0.0000197051   -0.0032053424
   0.0000000000   -0.0000000000   -0.0033041581
   0.0000025613    0.0000018960   -0.0032987341
   0.0003061377    0.0001022439   -0.0034235198
  -0.0000000000   -0.0000000000   -0.0033041581
   0.0000001236   -0.0000043540   -0.0032922320
   0.0003051727    0.0001203262   -0.0034123308
  -0.0000913650   -0.0000602471   -0.0032223838
  -0.0000000000   -0.0000000000   -0.0033041581
  -0.0000021544   -0.0000018580   -0.0032990927
  -0.0002265827    0.0001202743   -0.0034114334
   0.0000096491   -0.0000965093   -0.0031759061
  -0.0000005233   -0.0000007445   -0.0032982624
  -0.0004029496   -0.0001863716   -0.0034308136
   0.0000960798    0.0000630905   -0.0032206248
  -0.0000000000   -0.0000000000   -0.0033041581
   0.0012541226   -0.0000541020   -0.0036751567
  -0.0000149439    0.0000165984   -0.0031966861
   0.0000000000    0.0000000000   -0.0033041581
   0.0000135509    0.0000033665   -0.0032783322
  -0.0003734823   -0.0000569479   -0.0029905499
  -0.0000000000   -0.0000000000   -0.0033041581
   0.0000001234    0.0000051363   -0.0032900793
   0.0021675942    0.0008214554   -0.0040022118
   0.0000325194   -0.0000775081   -0.0028488606
  -0.0000000000   -0.0000000000   -0.0033041581
  -0.0000026345    0.0000021010   -0.0032981853
  -0.0018274271    0.0011417464   -0.0037561263
   0.0000000000   -0.0000000000   -0.0033041581
  -0.0000000509   -0.0000003014   -0.0033035363
  -0.0001443084    0.0000408145   -0.0033211118
   0.0000855415   -0.0000563602   -0.0032310233
   0.0000129510   -0.0000036123   -0.0032794933
   0.0000649196   -0.0000958131   -0.0034847850
  -0.0000041512    0.0000191812   -0.0032789241
  -0.0000000000   -0.0000000000   -0.0033041581
   0.0176560137   -0.0007575644    0.0005874468
  -0.0003963582    0.0000490723   -0.0029695235
  -0.0000000000    0.0000000000   -0.0033041581
   0.0000007526    0.0000069764   -0.0032488795
   0.0074439090   -0.0074439090   -0.1260416631
  -0.0000310095    0.0000310095   -0.0025158145
   0.0000000000   -0.0000000000   -0.0028897173
  -0.0000506923    0.0000506923   -0.0025276927
   0.0000340447   -0.0000340447   -0.0025564578
   0.0000000000    0.0000000000   -0.0028897173
  -0.0000092316    0.0000092316   -0.0028675287
  -0.0001223519    0.0001223519   -0.0039088394
  -0.0000000000    0.0000000000   -0.0028897173
   0.0000066779   -0.0000066779   -0.0028744695
  -0.0000320897    0.0000320897   -0.0029419798
   0.0000078831   -0.0000078831   -0.0028739085
   0.0000536806   -0.0000536806   -0.0025523521
  -0.0007177728    0.0007177728   -0.0041426788
  -0.0000104765    0.0000104765   -0.0028677328
  -0.0000000000   -0.0000000000   -0.0028897173
  -0.0000489310   -0.0000554398   -0.0025400210
   0.0002697665    0.0011041722   -0.0068315305
  -0.0000089880    0.0000491446   -0.0027916291
   0.0000000000   -0.0000000000   -0.0028897173
  -0.0001157954   -0.0002687510   -0.0066292782
   0.0000358411    0.0000292216   -0.0025361526
   0.0000000000    0.0000000000   -0.0028897173
  -0.0000296782    0.0000186728   -0.0027908594
   0.0000420248   -0.0000091953   -0.0028091108
  -0.0000000000   -0.0000000000   -0.0028897173
   0.0000078582    0.0000080530   -0.0028709956
  -0.0000725809   -0.0000480760   -0.0030994743
  -0.0000000000   -0.0000000000   -0.0028897173
   0.0000177194   -0.0000238327   -0.0028115560
  -0.0000387237    0.0000727117   -0.0031166774
  -0.0000092781   -0.0000090782   -0.0028708245
   0.0000000000    0.0000000000   -0.0028897173
  -0.0000163647   -0.0000249817   -0.0028081192
   0.0000287881    0.0001446819   -0.0035187630
  -0.0000078214   -0.0000443649   -0.0028020416
  -0.0000285311   -0.0000200256   -0.0027942909
   0.0003444390    0.0002481978   -0.0040256054
   0.0000103652    0.0000467954   -0.0027987179
   0.0000000000   -0.0000000000   -0.0028897173
  -0.0001446819   -0.0000287881   -0.0035187630
   0.0000443649    0.0000078214   -0.0028020416
  -0.0000000000   -0.0000000000   -0.0028897173
   0.0000249817    0.0000163647   -0.0028081192
  -0.0000467954   -0.0000103652   -0.0027987179
   0.0000000000    0.0000000000   -0.0028897173
   0.0000200256    0.0000285311   -0.0027942909
  -0.0002481978   -0.0003444390   -0.0040256054
  -0.0000292216   -0.0000358411   -0.0025361526
   0.0000000000   -0.0000000000   -0.0028897173
  -0.0000186728    0.0000296782   -0.0027908594
   0.0002687510    0.0001157954   -0.0066292782
   0.0000000000   -0.0000000000   -0.0028897173
  -0.0000080530   -0.0000078582   -0.0028709956
   0.0000480760    0.0000725809   -0.0030994743
   0.0000091953   -0.0000420248   -0.0028091108
   0.0000238327   -0.0000177194   -0.0028115560
  -0.0000727117    0.0000387237   -0.0031166774
   0.0000090782    0.0000092781   -0.0028708245
  -0.0000000000   -0.0000000000   -0.0028897173
  -0.0011041722   -0.0002697665   -0.0068315305
  -0.0000491446    0.0000089880   -0.0027916291
   0.0000000000   -0.0000000000   -0.0028897173
   0.0000554398    0.0000489310   -0.0025400210
  -0.0001762987    0.0001762987    0.0257153917
  -0.0003561402    0.0003561402    0.0031821787
   0.0000000216   -0.0000000216    0.0000000467
   0.0000003748   -0.0000003748    0.0000035121
   0.0003752143   -0.0003752143    0.0026074740
  -0.0000000024    0.0000000024    0.0000002352
   0.0000000551   -0.0000000551   -0.0000000280
  -0.0003689875    0.0003689875    0.0003878983
  -0.0000000193    0.0000000193    0.0000000351
  -0.0000000370    0.0000000370   -0.0000000239
  -0.0000144788    0.0000144788    0.0000173543
   0.0000643526   -0.0000643526    0.0000974739
  -0.0000003905    0.0000003905    0.0000032336
   0.0002332582   -0.0002332582   -0.0001759415
  -0.0000850166    0.0000850166    0.0001480505
   0.0000000000   -0.0000000000    0.0000000000
   0.0000003496    0.0000004156    0.0000033729
   0.0000631864   -0.0012068660    0.0004626430
  -0.0000736526    0.0003126034    0.0006230334
   0.0000000076   -0.0000000003   -0.0000000013
  -0.0014483957   -0.0000631056    0.0014146652
   0.0003897774    0.0003416320    0.0028944476
  -0.0000000015   -0.0000000336    0.0000001132
   0.0000001372   -0.0000001684    0.0000005096
   0.0002547045   -0.0000738179    0.0004818352
  -0.0000000319    0.0000000015    0.0000001004
  -0.0000000442   -0.0000000479   -0.0000000259
  -0.0000438497    0.0000702691    0.0000784162
   0.0000000003    0.0000000071   -0.0000000016
  -0.0000001556    0.0000000937    0.0000003940
   0.0000696654    0.0000439394    0.0000136922
  -0.0000761720   -0.0000731641    0.0001227234
   0.0000000204    0.0000000205    0.0000000409
   0.0000001445    0.0000000977    0.0000004224
   0.0000109102    0.0001061291    0.0001265194
  -0.0000615097   -0.0002753302    0.0005369291
   0.0000001332    0.0000001794    0.0000004813
  -0.0002566298   -0.0003456603    0.0001064005
   0.0000859914    0.0002919110    0.0005678100
  -0.0000000005   -0.0000000006    0.0000000042
  -0.0001061291   -0.0000109102    0.0001265194
   0.0002753302    0.0000615097    0.0005369291
  -0.0000000205   -0.0000000204    0.0000000409
  -0.0000000977   -0.0000001445    0.0000004224
  -0.0002919110   -0.0000859914    0.0005678100
   0.0000000006    0.0000000005    0.0000000042
  -0.0000001794   -0.0000001332    0.0000004813
   0.0003456603    0.0002566298    0.0001064005
  -0.0003416320   -0.0003897774    0.0028944476
   0.0000000336    0.0000000015    0.0000001132
   0.0000001684   -0.0000001372    0.0000005096
   0.0000631056    0.0014483957    0.0014146652
  -0.0000000015    0.0000000319    0.0000001004
   0.0000000479    0.0000000442   -0.0000000259
  -0.0000702691    0.0000438497    0.0000784162
   0.0000738179   -0.0002547045    0.0004818352
  -0.0000000937    0.0000001556    0.0000003940
  -0.0000439394   -0.0000696654    0.0000136922
   0.0000731641    0.0000761720    0.0001227234
  -0.0000000071   -0.0000000003   -0.0000000016
   0.0012068660   -0.0000631864    0.0004626430
  -0.0003126034    0.0000736526    0.0006230334
   0.0000000003   -0.0000000076   -0.0000000013
  -0.0000004156   -0.0000003496    0.0000033729
   0.0029480457   -0.0002605188    0.0059767268
   0.0000000400    0.0000005893    0.0033083637
  -0.0000000012    0.0000000015    0.0033041573
  -0.0004054145    0.0006463474    0.0036520178
   0.0000005423   -0.0000003650    0.0033063214
  -0.0000000003   -0.0000000001    0.0033041563
  -0.0000102204    0.0000718882    0.0033288519
   0.0002702982   -0.0004361018    0.0033560959
   0.0000000054   -0.0000000115    0.0033041904
   0.0000884513   -0.0001551447    0.0033251832
  -0.0001075601    0.0000302169    0.0033317867
  -0.0000000033   -0.0000000230    0.0033042260
   0.0000375421   -0.0027197134    0.0047778015
  -0.0003677411    0.0026845676    0.0040216037
  -0.0000001357    0.0000003374    0.0033048025
  -0.0000000131   -0.0000000007    0.0033042609
  -0.0003716435   -0.0007055068    0.0036107320
   0.0004166562    0.0024568016    0.0038960398
   0.0000000092    0.0000006471    0.0033053971
  -0.0000000043   -0.0000000000    0.0033041702
   0.0004485026   -0.0000621808    0.0033667530
   0.0000005731    0.0000003317    0.0033064313
   0.0000000010    0.0000000014    0.0033041577
  -0.0000330699    0.0001601965    0.0033624956
  -0.0000000171   -0.0000000520    0.0033046381
   0.0000000010   -0.0000000001    0.0033041604
   0.0001117620    0.0002217916    0.0033562590
  -0.0003174106   -0.0005033432    0.0033896429
  -0.0000000052   -0.0000000121    0.0033041908
   0.0000092918   -0.0005839375    0.0034525180
  -0.0000995634    0.0001004158    0.0034296364
  -0.0000001217   -0.0000003044    0.0033047408
  -0.0000000010   -0.0000000014    0.0033041578
  -0.0000893650   -0.0002019034    0.0033562479
   0.0001179212    0.0001002647    0.0034114239
   0.0000000092   -0.0000005824    0.0033052812
  -0.0000330857   -0.0001788476    0.0033508949
   0.0003013058    0.0004676279    0.0033757560
   0.0000001297    0.0000003080    0.0033047484
   0.0000000037   -0.0000000000    0.0033041697
  -0.0005250644   -0.0000623219    0.0034087906
  -0.0000000171    0.0000000485    0.0033046694
   0.0000000058    0.0000000123    0.0033041917
   0.0004103233    0.0005231856    0.0035487317
  -0.0000005655   -0.0000003973    0.0033065087
  -0.0000000011   -0.0000000001    0.0033041601
   0.0000092808    0.0007785633    0.0035408761
  -0.0003402040   -0.0025201083    0.0038863267
   0.0000000399   -0.0000006544    0.0033081691
   0.0000000004   -0.0000000001    0.0033041559
  -0.0001126748    0.0002684407    0.0033872540
   0.0003890289   -0.0022926751    0.0037609113
   0.0000000008   -0.0000000012    0.0033041582
  -0.0000102426   -0.0000541747    0.0033175589
   0.0000878088    0.0000301317    0.0033157365
   0.0000001157   -0.0000002750    0.0033046868
   0.0003765909   -0.0005824422    0.0035074126
  -0.0003485199    0.0005349284    0.0034093451
  -0.0000000033    0.0000000264    0.0033042366
   0.0000000137   -0.0000000007    0.0033042586
  -0.0027702526   -0.0002611809    0.0061134906
  -0.0000005964    0.0000003640    0.0033066187
  -0.0000000056    0.0000000129    0.0033041921
   0.0000375469    0.0025529919    0.0048642536
   0.0002611809    0.0027702526    0.0061134906
  -0.0000003640    0.0000005964    0.0033066187
  -0.0000000129    0.0000000056    0.0033041921
  -0.0025529919   -0.0000375469    0.0048642536
   0.0000006544   -0.0000000399    0.0033081691
   0.0000000001   -0.0000000004    0.0033041559
  -0.0002684407    0.0001126748    0.0033872540
   0.0022926751   -0.0003890289    0.0037609113
   0.0000000012   -0.0000000008    0.0033041582
   0.0000541747    0.0000102426    0.0033175589
  -0.0000301317   -0.0000878088    0.0033157365
   0.0000002750   -0.0000001157    0.0033046868
   0.0005824422   -0.0003765909    0.0035074126
  -0.0005349284    0.0003485199    0.0034093451
  -0.0000000264    0.0000000033    0.0033042366
   0.0000000007   -0.0000000137    0.0033042586
  -0.0005231856   -0.0004103233    0.0035487317
   0.0000623219    0.0005250644    0.0034087906
  -0.0000000485    0.0000000171    0.0033046694
  -0.0000000123   -0.0000000058    0.0033041917
   0.0025201083    0.0003402040    0.0038863267
   0.0000003973    0.0000005655    0.0033065087
   0.0000000001    0.0000000011    0.0033041601
  -0.0007785633   -0.0000092808    0.0035408761
   0.0000005824   -0.0000000092    0.0033052812
   0.0000000014    0.0000000010    0.0033041578
   0.0002019034    0.0000893650    0.0033562479
  -0.0001002647   -0.0001179212    0.0034114239
   0.0000000000   -0.0000000037    0.0033041697
   0.0001788476    0.0000330857    0.0033508949
  -0.0004676279   -0.0003013058    0.0033757560
  -0.0000003080   -0.0000001297    0.0033047484
  -0.0000000014   -0.0000000010    0.0033041577
  -0.0001601965    0.0000330699    0.0033624956
   0.0000621808   -0.0004485026    0.0033667530
  -0.0000003317   -0.0000005731    0.0033064313
  -0.0002217916   -0.0001117620    0.0033562590
   0.0005033432    0.0003174106    0.0033896429
   0.0000000520    0.0000000171    0.0033046381
   0.0000000001   -0.0000000010    0.0033041604
  -0.0001004158    0.0000995634    0.0034296364
   0.0000003044    0.0000001217    0.0033047408
   0.0000000121    0.0000000052    0.0033041908
   0.0005839375   -0.0000092918    0.0034525180
  -0.0000006471   -0.0000000092    0.0033053971
   0.0000000000    0.0000000043    0.0033041702
   0.0007055068    0.0003716435    0.0036107320
  -0.0024568016   -0.0004166562    0.0038960398
  -0.0000005893   -0.0000000400    0.0033083637
  -0.0000000015    0.0000000012    0.0033041573
  -0.0006463474    0.0004054145    0.0036520178
   0.0002605188   -0.0029480457    0.0059767268
   0.0000000001    0.0000000003    0.0033041563
  -0.0000718882    0.0000102204    0.0033288519
   0.0004361018   -0.0002702982    0.0033560959
   0.0000003650   -0.0000005423    0.0033063214
   0.0001551447   -0.0000884513    0.0033251832
  -0.0000302169    0.0001075601    0.0033317867
   0.0000000230    0.0000000033    0.0033042260
   0.0000000115   -0.0000000054    0.0033041904
  -0.0026845676    0.0003677411    0.0040216037
  -0.0000003374    0.0000001357    0.0033048025
   0.0000000007    0.0000000131    0.0033042609
   0.0027197134   -0.0000375421    0.0047778015
   0.0007575644   -0.0176560137    0.0005874468
  -0.0000490723    0.0003963582   -0.0029695235
  -0.0000000000    0.0000000000   -0.0033041581
  -0.0000069764   -0.0000007526   -0.0032488795
   0.0000775081   -0.0000325194   -0.0028488606
   0.0000000000    0.0000000000   -0.0033041580
  -0.0000021010    0.0000026345   -0.0032981853
  -0.0011417464    0.0018274271   -0.0037561263
   0.0000000000   -0.0000000000   -0.0033041581
   0.0000003014    0.0000000509   -0.0033035363
  -0.0000408145    0.0001443084   -0.0033211118
   0.0000563602   -0.0000855415   -0.0032310233
   0.0000036123   -0.0000129510   -0.0032794933
   0.0000958131   -0.0000649196   -0.0034847850
  -0.0000191812    0.0000041512   -0.0032789241
   0.0000000000    0.0000000000   -0.0033041581
  -0.0000033665   -0.0000135509   -0.0032783322
   0.0000541020   -0.0012541226   -0.0036751567
  -0.0000165984    0.0000149439   -0.0031966861
  -0.0000000000   -0.0000000000   -0.0033041581
  -0.0008214554   -0.0021675942   -0.0040022118
   0.0000569479    0.0003734823   -0.0029905499
   0.0000000000    0.0000000000   -0.0033041581
  -0.0000051363   -0.0000001234   -0.0032900793
   0.0000965093   -0.0000096491   -0.0031759061
   0.0000000000    0.0000000000   -0.0033041581
   0.0000018580    0.0000021544   -0.0032990927
  -0.0001202743    0.0002265827   -0.0034114334
  -0.0000000000    0.0000000000   -0.0033041581
   0.0000007445    0.0000005233   -0.0032982624
   0.0001863716    0.0004029496   -0.0034308136
  -0.0000630905   -0.0000960798   -0.0032206248
  -0.0000000000   -0.0000000000   -0.0033041581
  -0.0000007063    0.0000005230   -0.0032979776
   0.0000539657    0.0023421082   -0.0035599050
  -0.0000459083   -0.0003788874   -0.0029969277
  -0.0000018960   -0.0000025613   -0.0032987341
  -0.0001022439   -0.0003061377   -0.0034235198
   0.0000197051    0.0000149175   -0.0032053424
   0.0000000000   -0.0000000000   -0.0033041581
  -0.0001203262   -0.0003051727   -0.0034123308
   0.0000602471    0.0000913650   -0.0032223838
   0.0000000000    0.0000000000   -0.0033041581
   0.0000043540   -0.0000001236   -0.0032922320
  -0.0001062523   -0.0000096754   -0.0031605997
  -0.0000000000   -0.0000000000   -0.0033041581
   0.0000041305    0.0000131511   -0.0032768601
   0.0007421331    0.0011605205   -0.0040415606
  -0.0000680250   -0.0000325849   -0.0028154303
  -0.0000000000    0.0000000000   -0.0033041581
  -0.0000038851    0.0000137510   -0.0032757000
   0.0007540797    0.0211062851    0.0060100783
   0.0000000000   -0.0000000000   -0.0033041581
  -0.0000003400    0.0000000506   -0.0033033895
  -0.0001927668    0.0006431726   -0.0033697454
   0.0000537689   -0.0003560551   -0.0030179018
   0.0000016527   -0.0000020812   -0.0032996424
  -0.0000408987   -0.0000664711   -0.0033340829
   0.0000160798    0.0000041411   -0.0032833422
   0.0000000000   -0.0000000000   -0.0033041581
   0.0004204018   -0.0015014634   -0.0042891252
  -0.0000669919    0.0001019192   -0.0032119648
   0.0000000000   -0.0000000000   -0.0033041581
   0.0000077249   -0.0000007529   -0.0032513634
   0.0000005818   -0.0000005818    0.0029533223
   0.0000000000   -0.0000000000    0.0028897172
  -0.0001325325    0.0001325325    0.0031306788
   0.0036980382   -0.0036980382    0.0052436138
  -0.0000000000    0.0000000000    0.0028897172
  -0.0000017556    0.0000017556    0.0029031264
   0.0001220055   -0.0001220055    0.0027546944
   0.0000045795   -0.0000045795    0.0029105476
   0.0001098777   -0.0001098777    0.0030377378
  -0.0002069818    0.0002069818    0.0028811985
  -0.0000000430    0.0000000430    0.0028904870
   0.0000000003   -0.0000000003    0.0028897175
  -0.0045319633    0.0045319633    0.0084167572
  -0.0000051068    0.0000051068    0.0029142747
  -0.0000000003    0.0000000003    0.0028897178
   0.0000201019   -0.0000201019    0.0057885971
   0.0043555149    0.0038736950    0.0068280536
   0.0000003620    0.0000081952    0.0029287657
   0.0000000000   -0.0000000000    0.0028897171
  -0.0003244758   -0.0000092401    0.0035793684
   0.0000078958   -0.0000003614    0.0029256697
  -0.0000000000   -0.0000000000    0.0028897172
  -0.0000094596    0.0000341115    0.0029552106
   0.0003689192   -0.0001558993    0.0026092291
  -0.0000000000    0.0000000000    0.0028897172
   0.0000341654    0.0000094757    0.0029421271
  -0.0001729751   -0.0001558879    0.0028178383
  -0.0000001583   -0.0000013877    0.0028940598
   0.0000092510   -0.0003286429    0.0034542981
  -0.0001574438    0.0005538873    0.0028463873
  -0.0000014834    0.0000001585    0.0028946111
  -0.0000000003   -0.0000000003    0.0028897177
  -0.0001096899   -0.0001327125    0.0030842428
   0.0002041536    0.0005053789    0.0027859819
   0.0000001379    0.0000002747    0.0028980551
   0.0000000000    0.0000000000    0.0028897172
   0.0004172757    0.0001092768    0.0026695374
   0.0000049104    0.0000047756    0.0029124094
  -0.0000000000   -0.0000000000    0.0028897172
  -0.0000279444   -0.0000018207    0.0030760726
  -0.0000002747   -0.0000001379    0.0028980551
  -0.0000000000   -0.0000000000    0.0028897172
   0.0001327125    0.0001096899    0.0030842428
  -0.0005053789   -0.0002041536    0.0027859819
   0.0000000000    0.0000000000    0.0028897172
   0.0000018207    0.0000279444    0.0030760726
  -0.0001092768   -0.0004172757    0.0026695374
  -0.0000047756   -0.0000049104    0.0029124094
   0.0000000000    0.0000000000    0.0028897172
  -0.0000341115    0.0000094596    0.0029552106
   0.0001558993   -0.0003689192    0.0026092291
   0.0000003614   -0.0000078958    0.0029256697
  -0.0000094757   -0.0000341654    0.0029421271
   0.0001558879    0.0001729751    0.0028178383
   0.0000013877    0.0000001583    0.0028940598
  -0.0000000000    0.0000000000    0.0028897172
  -0.0005538873    0.0001574438    0.0028463873
  -0.0000001585    0.0000014834    0.0028946111
   0.0000000003    0.0000000003    0.0028897177
   0.0003286429   -0.0000092510    0.0034542981
  -0.0000081952   -0.0000003620    0.0029287657
   0.0000000000   -0.0000000000    0.0028897171
   0.0000092401    0.0003244758    0.0035793684
  -0.0038736950   -0.0043555149    0.0068280536

385  
  0.0018497235696319  -0.0018497235696319  -0.0096517897527814
   0.0000074108   -0.0000074108   -0.0011886543
  -0.0000000000   -0.0000000000   -0.0014846867
  -0.0000353240    0.0000353240   -0.0013832314
   0.0017280628   -0.0017280628   -0.0097700171
  -0.0000000000   -0.0000000000   -0.0014846867
  -0.0000003408    0.0000003408   -0.0014809454
  -0.0000539354    0.0000539354   -0.0016546368
   0.0000565863   -0.0000565863   -0.0013916801
   0.0000321058   -0.0000321058   -0.0014041069
  -0.0001290446    0.0001290446   -0.0016446465
  -0.0000006077    0.0000006077   -0.0014793250
  -0.0000000000    0.0000000000   -0.0014846867
  -0.0037011953    0.0037011953   -0.0102195425
  -0.0000632384    0.0000632384   -0.0013732277
   0.0000000000   -0.0000000000   -0.0014846867
   0.0000036205   -0.0000036205   -0.0009691420
   0.0037434621    0.0016713127   -0.0099939768
   0.0000048078    0.0000968734   -0.0013075078
   0.0000000000   -0.0000000000   -0.0014846867
  -0.0000641359   -0.0000016985   -0.0012484216
   0.0000935650   -0.0000048191   -0.0013220257
   0.0000000000    0.0000000000   -0.0014846867
  -0.0000017152    0.0000096379   -0.0014616859
  -0.0000888174    0.0000483379   -0.0021067020
   0.0000000000    0.0000000000   -0.0014846867
   0.0000095294    0.0000017135   -0.0014645183
  -0.0000527059   -0.0000225788   -0.0016496373
  -0.0000023890   -0.0000167462   -0.0014564490
   0.0000016968   -0.0000639903   -0.0012760223
   0.0000240271    0.0003369686   -0.0020504281
  -0.0000182366    0.0000023836   -0.0014524870
   0.0000000000    0.0000000000   -0.0014846867
  -0.0000320905   -0.0000353394   -0.0013936751
   0.0000792101    0.0002351668   -0.0020487072
   0.0000020701    0.0000039821   -0.0014315743
   0.0000000000    0.0000000000   -0.0014846867
   0.0000133931   -0.0001517856   -0.0021084102
   0.0000608954    0.0000589352   -0.0013824433
  -0.0000000000   -0.0000000000   -0.0014846867
  -0.0000037164   -0.0000004515   -0.0014255899
  -0.0000039821   -0.0000020701   -0.0014315743
   0.0000000000   -0.0000000000   -0.0014846867
   0.0000353394    0.0000320905   -0.0013936751
  -0.0002351668   -0.0000792101   -0.0020487072
   0.0000000000    0.0000000000   -0.0014846867
   0.0000004515    0.0000037164   -0.0014255899
   0.0001517856   -0.0000133931   -0.0021084102
  -0.0000589352   -0.0000608954   -0.0013824433
  -0.0000000000   -0.0000000000   -0.0014846867
  -0.0000096379    0.0000017152   -0.0014616859
  -0.0000483379    0.0000888174   -0.0021067020
   0.0000048191   -0.0000935650   -0.0013220257
  -0.0000017135   -0.0000095294   -0.0014645183
   0.0000225788    0.0000527059   -0.0016496373
   0.0000167462    0.0000023890   -0.0014564490
  -0.0000000000    0.0000000000   -0.0014846867
  -0.0003369686   -0.0000240271   -0.0020504281
  -0.0000023836    0.0000182366   -0.0014524870
   0.0000000000   -0.0000000000   -0.0014846867
   0.0000639903   -0.0000016968   -0.0012760223
  -0.0000968734   -0.0000048078   -0.0013075078
  -0.0000000000   -0.0000000000   -0.0014846867
   0.0000016985    0.0000641359   -0.0012484216
  -0.0016713127   -0.0037434621   -0.0099939768
   0.0000492364   -0.0000492364    0.0016665619
  -0.0000000091    0.0000000091    0.0000003425
  -0.0000002224    0.0000002224    0.0000013614
  -0.0020483344    0.0020483344    0.0015947437
   0.0000000096   -0.0000000096    0.0000003074
  -0.0000000025    0.0000000025    0.0000000332
  -0.0001402490    0.0001402490    0.0000804985
   0.0003656924   -0.0003656924    0.0004078776
   0.0000002039   -0.0000002039    0.0000010457
   0.0000439304   -0.0000439304   -0.0000064680
  -0.0000076166    0.0000076166    0.0000424035
   0.0000000021   -0.0000000021    0.0000000063
   0.0019303953   -0.0019303953    0.0008617479
  -0.0004182694    0.0004182694    0.0005044782
  -0.0000000028    0.0000000028    0.0000000082
   0.0000000261   -0.0000000261    0.0000121150
  -0.0017266917   -0.0022521277    0.0012279954
   0.0000420509    0.0006405728    0.0007833724
  -0.0000000018    0.0000000096    0.0000000599
  -0.0000012372   -0.0000000023    0.0000047602
   0.0006215597   -0.0000421332    0.0007153946
   0.0000000096    0.0000000091    0.0000003250
  -0.0000000073    0.0000000233    0.0000001529
  -0.0003961344    0.0003107583    0.0001289407
   0.0000000093   -0.0000000018    0.0000000519
   0.0000000248    0.0000000073    0.0000001316
   0.0000828467    0.0001011924    0.0000369547
  -0.0000181007   -0.0001353525    0.0001483372
   0.0000000023   -0.0000012385    0.0000042426
   0.0002714137   -0.0001874503   -0.0000161037
  -0.0001437123    0.0000180672    0.0001693568
  -0.0000000024   -0.0000000025    0.0000000072
  -0.0000001984   -0.0000002279    0.0000012034
  -0.0002172376   -0.0002174068    0.0000215279
   0.0000160945    0.0000307447    0.0002604646
  -0.0000000015   -0.0000000091    0.0000000542
  -0.0003661549   -0.0003650295    0.0000912659
   0.0003966425    0.0003873585    0.0004562143
   0.0000000021    0.0000000098    0.0000000576
  -0.0000000265   -0.0000000014    0.0000007940
  -0.0000307447   -0.0000160945    0.0002604646
   0.0000000091    0.0000000015    0.0000000542
   0.0000002279    0.0000001984    0.0000012034
   0.0002174068    0.0002172376    0.0000215279
  -0.0000000098   -0.0000000021    0.0000000576
   0.0000000014    0.0000000265    0.0000007940
   0.0003650295    0.0003661549    0.0000912659
  -0.0003873585   -0.0003966425    0.0004562143
  -0.0000000091   -0.0000000096    0.0000003250
  -0.0000000233    0.0000000073    0.0000001529
  -0.0003107583    0.0003961344    0.0001289407
   0.0000421332   -0.0006215597    0.0007153946
  -0.0000000073   -0.0000000248    0.0000001316
  -0.0001011924   -0.0000828467    0.0000369547
   0.0001353525    0.0000181007    0.0001483372
   0.0000000018   -0.0000000093    0.0000000519
   0.0001874503   -0.0002714137   -0.0000161037
  -0.0000180672    0.0001437123    0.0001693568
   0.0000000025    0.0000000024    0.0000000072
   0.0000012385   -0.0000000023    0.0000042426
  -0.0006405728   -0.0000420509    0.0007833724
  -0.0000000096    0.0000000018    0.0000000599
   0.0000000023    0.0000012372    0.0000047602
   0.0022521277    0.0017266917    0.0012279954
   0.0012207052   -0.0012207052   -0.0080456728
  -0.0000042532    0.0000042532    0.0015333224
   0.0000000001   -0.0000000001    0.0014846864
  -0.0003208725    0.0003208725    0.0019295867
   0.0000045143   -0.0000045143    0.0015287219
  -0.0000000000   -0.0000000000    0.0014846867
  -0.0000585855    0.0000585855    0.0015370796
   0.0007627973   -0.0007627973    0.0010755891
  -0.0000000001    0.0000000001    0.0014846864
   0.0000393931   -0.0000393931    0.0015151634
  -0.0000225403    0.0000225403    0.0014501801
   0.0000011067   -0.0000011067    0.0014868981
   0.0003412843   -0.0003412843    0.0018701384
  -0.0010215768    0.0010215768    0.0013856465
  -0.0000013790    0.0000013790    0.0014875878
  -0.0000000000    0.0000000000    0.0014846826
  -0.0003047117   -0.0003574572    0.0018998704
   0.0001648013    0.0028571663    0.0018719761
  -0.0000011960    0.0000048103    0.0014981103
   0.0000000000    0.0000000000    0.0014846860
   0.0023446147   -0.0001651942    0.0012957274
   0.0000046950    0.0000040720    0.0015310238
  -0.0000000000    0.0000000000    0.0014846866
  -0.0001678669    0.0001176826    0.0016393047
   0.0000041691   -0.0000012266    0.0014961143
   0.0000000000    0.0000000000    0.0014846866
   0.0000481093    0.0000498512    0.0015261120
  -0.0000541346   -0.0001949929    0.0013360682
   0.0000000000    0.0000000000    0.0014846860
   0.0001087478   -0.0001225349    0.0015947615
  -0.0002062580    0.0000540363    0.0013704718
  -0.0000012502   -0.0000012357    0.0014872433
   0.0000000001    0.0000000001    0.0014846864
  -0.0000981693   -0.0001315116    0.0016063323
   0.0000331047    0.0000896831    0.0012919942
  -0.0000010859   -0.0000043599    0.0014969334
  -0.0001588809   -0.0001282802    0.0016277197
   0.0009123685    0.0008723285    0.0012308053
   0.0000013364    0.0000046200    0.0014972926
  -0.0000000000    0.0000000000    0.0014846866
  -0.0000896831   -0.0000331047    0.0012919942
   0.0000043599    0.0000010859    0.0014969334
  -0.0000000001   -0.0000000001    0.0014846864
   0.0001315116    0.0000981693    0.0016063323
  -0.0000046200   -0.0000013364    0.0014972926
   0.0000000000    0.0000000000    0.0014846866
   0.0001282802    0.0001588809    0.0016277197
  -0.0008723285   -0.0009123685    0.0012308053
  -0.0000040720   -0.0000046950    0.0015310238
  -0.0000000000    0.0000000000    0.0014846866
  -0.0001176826    0.0001678669    0.0016393047
   0.0001651942   -0.0023446147    0.0012957274
  -0.0000000000   -0.0000000000    0.0014846866
  -0.0000498512   -0.0000481093    0.0015261120
   0.0001949929    0.0000541346    0.0013360682
   0.0000012266   -0.0000041691    0.0014961143
   0.0001225349   -0.0001087478    0.0015947615
  -0.0000540363    0.0002062580    0.0013704718
   0.0000012357    0.0000012502    0.0014872433
  -0.0000000000    0.0000000000    0.0014846860
  -0.0028571663   -0.0001648013    0.0018719761
  -0.0000048103    0.0000011960    0.0014981103
  -0.0000000000   -0.0000000000    0.0014846860
   0.0003574572    0.0003047117    0.0018998704
   0.0000000288   -0.0000000288    0.0050485707
  -0.0000000009    0.0000000009    0.0050364263
  -0.0005789220    0.0005789220    0.0054754641
   0.0025522654   -0.0025522654    0.0094666770
   0.0000000008   -0.0000000008    0.0050364258
  -0.0000118546    0.0000118546    0.0050598696
   0.0002925133   -0.0002925133    0.0050424661
   0.0000002772   -0.0000002772    0.0050396500
   0.0004731092   -0.0004731092    0.0051435584
  -0.0004037159    0.0004037159    0.0051451556
  -0.0000000033    0.0000000033    0.0050364772
   0.0000000190   -0.0000000190    0.0050366727
  -0.0023951383    0.0023951383    0.0115924330
  -0.0000003016    0.0000003016    0.0050402659
  -0.0000000189    0.0000000189    0.0050366781
   0.0001199592   -0.0001199592    0.0164889760
   0.0025911305    0.0023560636    0.0105310207
   0.0000000166    0.0000004439    0.0050434218
  -0.0000000049    0.0000000061    0.0050364748
  -0.0017996755   -0.0000391040    0.0067844565
   0.0000004321   -0.0000000166    0.0050428307
   0.0000000011    0.0000000007    0.0050364261
  -0.0000483258    0.0001479210    0.0051514280
   0.0014194839   -0.0003420718    0.0052647464
   0.0000000054   -0.0000000043    0.0050364669
   0.0001480169    0.0000482346    0.0051056650
  -0.0003561963   -0.0003401885    0.0050939103
  -0.0000000105   -0.0000001104    0.0050368061
   0.0000390990   -0.0018295257    0.0061628090
  -0.0003432977    0.0017800529    0.0054975725
  -0.0000001127    0.0000000104    0.0050368499
  -0.0000000181   -0.0000000198    0.0050366754
  -0.0004660733   -0.0005860019    0.0053092919
   0.0004017812    0.0016384691    0.0054325685
   0.0000000059    0.0000000161    0.0050372785
  -0.0000000049   -0.0000000060    0.0050364736
   0.0015614594    0.0002834579    0.0053299488
   0.0000002956    0.0000002832    0.0050399582
   0.0000000043    0.0000000055    0.0050364680
  -0.0001410878   -0.0000119896    0.0052679419
  -0.0000000161   -0.0000000059    0.0050372785
   0.0000000060    0.0000000049    0.0050364736
   0.0005860019    0.0004660733    0.0053092919
  -0.0016384691   -0.0004017812    0.0054325685
  -0.0000000055   -0.0000000043    0.0050364680
   0.0000119896    0.0001410878    0.0052679419
  -0.0002834579   -0.0015614594    0.0053299488
  -0.0000002832   -0.0000002956    0.0050399582
  -0.0000000007   -0.0000000011    0.0050364261
  -0.0001479210    0.0000483258    0.0051514280
   0.0003420718   -0.0014194839    0.0052647464
   0.0000000166   -0.0000004321    0.0050428307
  -0.0000482346   -0.0001480169    0.0051056650
   0.0003401885    0.0003561963    0.0050939103
   0.0000001104    0.0000000105    0.0050368061
   0.0000000043   -0.0000000054    0.0050364669
  -0.0017800529    0.0003432977    0.0054975725
  -0.0000000104    0.0000001127    0.0050368499
   0.0000000198    0.0000000181    0.0050366754
   0.0018295257   -0.0000390990    0.0061628090
  -0.0000004439   -0.0000000166    0.0050434218
  -0.0000000061    0.0000000049    0.0050364748
   0.0000391040    0.0017996755    0.0067844565
  -0.0023560636   -0.0025911305    0.0105310207
   0.0035136879   -0.0035136879   -0.0375356205
  -0.0002033415    0.0002033415   -0.0032900614
  -0.0000000000    0.0000000000   -0.0050364215
  -0.0000066295    0.0000066295   -0.0048999680
   0.0002204436   -0.0002204436   -0.0035313878
   0.0000000000   -0.0000000000   -0.0050364090
  -0.0000011566    0.0000011566   -0.0050334719
  -0.0014098578    0.0014098578   -0.0053894275
   0.0000000000   -0.0000000000   -0.0050364226
   0.0000009430   -0.0000009430   -0.0050344839
  -0.0000563719    0.0000563719   -0.0050705749
   0.0000514743   -0.0000514743   -0.0049699503
   0.0000067879   -0.0000067879   -0.0049117348
   0.0006418474   -0.0006418474   -0.0062955565
  -0.0000675753    0.0000675753   -0.0049418644
  -0.0000000000   -0.0000000000   -0.0050364265
  -0.0000063916   -0.0000070259   -0.0049058524
   0.0003462611   -0.0078519727   -0.0082716252
  -0.0000600297    0.0002882132   -0.0046316339
  -0.0000000000   -0.0000000000   -0.0050364265
  -0.0104278255   -0.0003476006   -0.0072072518
   0.0002330570    0.0001906657   -0.0034105886
   0.0000000000    0.0000000000   -0.0050364166
  -0.0000037915    0.0000016518   -0.0050125991
   0.0002461946   -0.0000617870   -0.0047099526
   0.0000000000   -0.0000000000   -0.0050364177
   0.0000010421    0.0000010575   -0.0050339790
  -0.0002244329    0.0001906438   -0.0051313439
   0.0000000000   -0.0000000000   -0.0050364265
   0.0000016103   -0.0000033056   -0.0050184347
   0.0001906039    0.0002238564   -0.0051853920
  -0.0000601057   -0.0000589651   -0.0049558879
  -0.0000000000   -0.0000000000   -0.0050364220
  -0.0000014913   -0.0000033931   -0.0050174106
   0.0000491540    0.0005703801   -0.0054373321
  -0.0000530279   -0.0002597758   -0.0046796300
  -0.0000037040   -0.0000017708   -0.0050136251
  -0.0007492191   -0.0013031717   -0.0058430515
   0.0000687661    0.0002746865   -0.0046618720
   0.0000000000   -0.0000000000   -0.0050364261
  -0.0005703801   -0.0000491540   -0.0054373321
   0.0002597758    0.0000530279   -0.0046796300
   0.0000000000    0.0000000000   -0.0050364220
   0.0000033931    0.0000014913   -0.0050174106
  -0.0002746865   -0.0000687661   -0.0046618720
   0.0000000000   -0.0000000000   -0.0050364261
   0.0000017708    0.0000037040   -0.0050136251
   0.0013031717    0.0007492191   -0.0058430515
  -0.0001906657   -0.0002330570   -0.0034105886
  -0.0000000000   -0.0000000000   -0.0050364166
  -0.0000016518    0.0000037915   -0.0050125990
   0.0003476006    0.0104278255   -0.0072072518
   0.0000000000   -0.0000000000   -0.0050364177
  -0.0000010575   -0.0000010421   -0.0050339790
  -0.0001906438    0.0002244329   -0.0051313439
   0.0000617870   -0.0002461946   -0.0047099526
   0.0000033056   -0.0000016103   -0.0050184347
  -0.0002238564   -0.0001906039   -0.0051853920
   0.0000589651    0.0000601057   -0.0049558879
   0.0000000000   -0.0000000000   -0.0050364265
   0.0078519727   -0.0003462611   -0.0082716252
  -0.0002882132    0.0000600297   -0.0046316339
   0.0000000000    0.0000000000   -0.0050364265
   0.0000070259    0.0000063916   -0.0049058524
   0.0215307807    0.0007716322   -0.0126978520
  -0.0000317170   -0.0000679356   -0.0037902492
   0.0000000000   -0.0000000000   -0.0033041581
   0.0000139486   -0.0000039444   -0.0033330052
  -0.0003524250    0.0000532515   -0.0035890145
  -0.0000000000    0.0000000000   -0.0033041581
   0.0000000527   -0.0000003440   -0.0033049377
   0.0006449518   -0.0001933983   -0.0032367374
  -0.0000000000    0.0000000000   -0.0033041581
  -0.0000021007    0.0000016736   -0.0033087146
  -0.0000661918   -0.0000407301   -0.0032740286
   0.0000040812    0.0000159178   -0.0033248497
  -0.0000007660    0.0000077737   -0.0033576839
  -0.0015177023    0.0004310618   -0.0023165378
   0.0001008341   -0.0000662768   -0.0033957132
  -0.0000000000    0.0000000000   -0.0033041581
   0.0000133389    0.0000041946   -0.0033318239
   0.0011790183    0.0007509923   -0.0025599760
  -0.0000094676   -0.0001052113   -0.0034468621
  -0.0000000000   -0.0000000000   -0.0033041581
   0.0023689923    0.0000542369   -0.0030477932
  -0.0003747030   -0.0000455230   -0.0036095572
  -0.0000000000   -0.0000000000   -0.0033041581
   0.0000005335   -0.0000007129   -0.0033103946
   0.0000146940    0.0000194470   -0.0034023192
  -0.0000000000    0.0000000000   -0.0033041581
  -0.0000025894   -0.0000019214   -0.0033096381
  -0.0003059737   -0.0001019059   -0.0031833624
   0.0000000000    0.0000000000   -0.0033041581
  -0.0000001260    0.0000044157   -0.0033162107
  -0.0003049375   -0.0001211701   -0.0031952669
   0.0000904712    0.0000596818   -0.0033854719
   0.0000000000    0.0000000000   -0.0033041581
   0.0000021746    0.0000018821   -0.0033092739
   0.0002266013   -0.0001212231   -0.0031961293
  -0.0000094935    0.0000956898   -0.0034317931
   0.0000005333    0.0000007523   -0.0033101042
   0.0004028371    0.0001870285   -0.0031760915
  -0.0000951285   -0.0000624591   -0.0033872164
   0.0000000000   -0.0000000000   -0.0033041581
  -0.0012700054    0.0000540998   -0.0029336002
   0.0000146679   -0.0000163953   -0.0034108042
  -0.0000000000   -0.0000000000   -0.0033041581
  -0.0000137470   -0.0000034177   -0.0033303306
   0.0003693887    0.0000563559   -0.0036158738
   0.0000000000    0.0000000000   -0.0033041581
  -0.0000001263   -0.0000052110   -0.0033183976
  -0.0021948857   -0.0008336169   -0.0025984388
  -0.0000317813    0.0000773080   -0.0037576234
   0.0000000000    0.0000000000   -0.0033041581
   0.0000026634   -0.0000021302   -0.0033101982
   0.0018554250   -0.0011549579   -0.0028433424
  -0.0000000000    0.0000000000   -0.0033041581
   0.0000000524    0.0000003042   -0.0033047865
   0.0001436105   -0.0000408157   -0.0032868634
  -0.0000847500    0.0000558500   -0.0033769550
  -0.0000131373    0.0000036675   -0.0033291504
  -0.0000648587    0.0000955717   -0.0031229143
   0.0000040712   -0.0000189638   -0.0033292009
   0.0000000000    0.0000000000   -0.0033041581
  -0.0179255395    0.0007680245   -0.0071381420
   0.0003916242   -0.0000486421   -0.0036363653
   0.0000000000   -0.0000000000   -0.0033041581
  -0.0000007663   -0.0000070115   -0.0033602068
  -0.0074827888    0.0074827888    0.1234268541
   0.0000306811   -0.0000306811   -0.0032588242
  -0.0000000000    0.0000000000   -0.0028897173
   0.0000511466   -0.0000511466   -0.0032553203
  -0.0000336633    0.0000336633   -0.0032190915
   0.0000000000    0.0000000000   -0.0028897173
   0.0000093129   -0.0000093129   -0.0029121071
   0.0001144353   -0.0001144353   -0.0018623029
   0.0000000000   -0.0000000000   -0.0028897173
  -0.0000067272    0.0000067272   -0.0029050667
   0.0000318641   -0.0000318641   -0.0028374911
  -0.0000077858    0.0000077858   -0.0029053729
  -0.0000541755    0.0000541755   -0.0032303848
   0.0007234394   -0.0007234394   -0.0016345901
   0.0000103317   -0.0000103317   -0.0029114426
  -0.0000000000   -0.0000000000   -0.0028897173
   0.0000493747    0.0000559495   -0.0032428510
  -0.0002667680   -0.0011033143    0.0010698504
   0.0000088673   -0.0000484598   -0.0029866515
   0.0000000000   -0.0000000000   -0.0028897173
   0.0001058202    0.0002677827    0.0008917346
  -0.0000354006   -0.0000289352   -0.0032389739
   0.0000000000    0.0000000000   -0.0028897173
   0.0000300150   -0.0000188655   -0.0029893791
  -0.0000414996    0.0000090752   -0.0029694851
  -0.0000000000   -0.0000000000   -0.0028897173
  -0.0000079185   -0.0000081199   -0.0029085833
   0.0000724647    0.0000495380   -0.0026793458
  -0.0000000000   -0.0000000000   -0.0028897173
  -0.0000179125    0.0000241036   -0.0029684418
   0.0000402123   -0.0000723332   -0.0026627069
   0.0000091585    0.0000089623   -0.0029084116
  -0.0000000000   -0.0000000000   -0.0028897173
   0.0000165404    0.0000252660   -0.0029719283
  -0.0000285464   -0.0001450703   -0.0022576502
   0.0000077224    0.0000437933   -0.0029764380
   0.0000288507    0.0000202394   -0.0029858870
  -0.0003543786   -0.0002574080   -0.0017482900
  -0.0000102168   -0.0000461751   -0.0029797180
   0.0000000000   -0.0000000000   -0.0028897173
   0.0001450703    0.0000285464   -0.0022576502
  -0.0000437933   -0.0000077224   -0.0029764380
   0.0000000000    0.0000000000   -0.0028897173
  -0.0000252660   -0.0000165404   -0.0029719283
   0.0000461751    0.0000102168   -0.0029797180
   0.0000000000    0.0000000000   -0.0028897173
  -0.0000202394   -0.0000288507   -0.0029858870
   0.0002574080    0.0003543786   -0.0017482900
   0.0000289352    0.0000354006   -0.0032389739
   0.0000000000   -0.0000000000   -0.0028897173
   0.0000188655   -0.0000300150   -0.0029893791
  -0.0002677827   -0.0001058202    0.0008917346
   0.0000000000   -0.0000000000   -0.0028897173
   0.0000081199    0.0000079185   -0.0029085833
  -0.0000495380   -0.0000724647   -0.0026793458
  -0.0000090752    0.0000414996   -0.0029694851
  -0.0000241036    0.0000179125   -0.0029684418
   0.0000723332   -0.0000402123   -0.0026627069
  -0.0000089623   -0.0000091585   -0.0029084116
   0.0000000000   -0.0000000000   -0.0028897173
   0.0011033143    0.0002667680    0.0010698504
   0.0000484598   -0.0000088673   -0.0029866515
   0.0000000000    0.0000000000   -0.0028897173
  -0.0000559495   -0.0000493747   -0.0032428510
   0.0001917076   -0.0001917076   -0.0263028797
   0.0003542759   -0.0003542759   -0.0031636283
  -0.0000000212    0.0000000212   -0.0000000457
  -0.0000003863    0.0000003863   -0.0000035411
  -0.0003731066    0.0003731066   -0.0026017853
   0.0000000023   -0.0000000023   -0.0000002306
  -0.0000000553    0.0000000553    0.0000000268
   0.0003723214   -0.0003723214   -0.0003876245
   0.0000000189   -0.0000000189   -0.0000000345
   0.0000000370   -0.0000000370    0.0000000236
   0.0000144903   -0.0000144903   -0.0000171386
  -0.0000640752    0.0000640752   -0.0000972882
   0.0000004024   -0.0000004024   -0.0000032563
  -0.0002352281    0.0002352281    0.0001769616
   0.0000844108   -0.0000844108   -0.0001471828
  -0.0000000000    0.0000000000   -0.0000000000
  -0.0000003610   -0.0000004276   -0.0000033987
  -0.0000633139    0.0012196240   -0.0004723370
   0.0000735082   -0.0003108066   -0.0006209994
  -0.0000000075    0.0000000003    0.0000000013
   0.0014685603    0.0000633918   -0.0014343402
  -0.0003873422   -0.0003399876   -0.0028830764
   0.0000000014    0.0000000329   -0.0000001109
  -0.0000001387    0.0000001704   -0.0000005168
  -0.0002539981    0.0000736068   -0.0004819185
   0.0000000312   -0.0000000014   -0.0000000986
   0.0000000443    0.0000000481    0.0000000252
   0.0000440485   -0.0000699488   -0.0000769142
  -0.0000000003   -0.0000000070    0.0000000015
   0.0000001575   -0.0000000948   -0.0000003978
  -0.0000693382   -0.0000439576   -0.0000126972
   0.0000757256    0.0000727933   -0.0001222742
  -0.0000000200   -0.0000000201   -0.0000000401
  -0.0000001463   -0.0000000989   -0.0000004270
  -0.0000108310   -0.0001070085   -0.0001242827
   0.0000614755    0.0002742853   -0.0005361948
  -0.0000001346   -0.0000001816   -0.0000004876
   0.0002587448    0.0003487609   -0.0001049079
  -0.0000856092   -0.0002905845   -0.0005668513
   0.0000000005    0.0000000006   -0.0000000040
   0.0001070085    0.0000108310   -0.0001242827
  -0.0002742853   -0.0000614755   -0.0005361948
   0.0000000201    0.0000000200   -0.0000000401
   0.0000000989    0.0000001463   -0.0000004270
   0.0002905845    0.0000856092   -0.0005668513
  -0.0000000006   -0.0000000005   -0.0000000040
   0.0000001816    0.0000001346   -0.0000004876
  -0.0003487609   -0.0002587448   -0.0001049079
   0.0003399876    0.0003873422   -0.0028830764
  -0.0000000329   -0.0000000014   -0.0000001109
  -0.0000001704    0.0000001387   -0.0000005168
  -0.0000633918   -0.0014685603   -0.0014343402
   0.0000000014   -0.0000000312   -0.0000000986
  -0.0000000481   -0.0000000443    0.0000000252
   0.0000699488   -0.0000440485   -0.0000769142
  -0.0000736068    0.0002539981   -0.0004819185
   0.0000000948   -0.0000001575   -0.0000003978
   0.0000439576    0.0000693382   -0.0000126972
  -0.0000727933   -0.0000757256   -0.0001222742
   0.0000000070    0.0000000003    0.0000000015
  -0.0012196240    0.0000633139   -0.0004723370
   0.0003108066   -0.0000735082   -0.0006209994
  -0.0000000003    0.0000000075    0.0000000013
   0.0000004276    0.0000003610   -0.0000033987
  -0.0029113568    0.0002559270    0.0006512044
  -0.0000000387   -0.0000005778    0.0033000339
   0.0000000013   -0.0000000015    0.0033041587
   0.0004067153   -0.0006500567    0.0029561325
  -0.0000005323    0.0000003580    0.0033020334
   0.0000000003    0.0000000001    0.0033041599
   0.0000103045   -0.0000721337    0.0032795631
  -0.0002699710    0.0004352607    0.0032510525
  -0.0000000055    0.0000000112    0.0033041260
  -0.0000887824    0.0001559164    0.0032835256
   0.0001068520   -0.0000297344    0.0032764894
   0.0000000032    0.0000000226    0.0033040913
  -0.0000379612    0.0027655406    0.0018065261
   0.0003666446   -0.0026658202    0.0025863405
   0.0000001329   -0.0000003300    0.0033035270
   0.0000000134    0.0000000007    0.0033040557
   0.0003727246    0.0007096357    0.0029977094
  -0.0004145580   -0.0024437883    0.0027101720
  -0.0000000089   -0.0000006340    0.0033029438
   0.0000000045    0.0000000000    0.0033041455
  -0.0004478792    0.0000612534    0.0032392022
  -0.0000005621   -0.0000003259    0.0033019266
  -0.0000000011   -0.0000000014    0.0033041584
   0.0000332947   -0.0001607705    0.0032464522
   0.0000000164    0.0000000508    0.0033036872
  -0.0000000010    0.0000000001    0.0033041557
  -0.0001123175   -0.0002228940    0.0032523892
   0.0003163825    0.0005016949    0.0032177668
   0.0000000053    0.0000000119    0.0033041255
  -0.0000093762    0.0005867842    0.0031575182
   0.0000996616   -0.0000989721    0.0031774888
   0.0000001194    0.0000002983    0.0033035865
   0.0000000011    0.0000000014    0.0033041583
   0.0000897560    0.0002028866    0.0032524489
  -0.0001176938   -0.0000991220    0.0031955430
  -0.0000000089    0.0000005718    0.0033030557
   0.0000332786    0.0001795136    0.0032579824
  -0.0003005792   -0.0004662963    0.0032315526
  -0.0000001271   -0.0000003018    0.0033035792
  -0.0000000038    0.0000000000    0.0033041461
   0.0005232442    0.0000611143    0.0031973416
   0.0000000164   -0.0000000474    0.0033036567
  -0.0000000060   -0.0000000120    0.0033041245
  -0.0004115572   -0.0005254958    0.0030605904
   0.0000005549    0.0000003890    0.0033018521
   0.0000000011    0.0000000001    0.0033041560
  -0.0000093878   -0.0007833268    0.0030683220
   0.0003389504    0.0025051428    0.0027201519
  -0.0000000387    0.0000006405    0.0033002226
  -0.0000000004    0.0000000001    0.0033041602
   0.0001132918   -0.0002699763    0.0032212423
  -0.0003869508    0.0022827865    0.0028441323
  -0.0000000008    0.0000000012    0.0033041579
   0.0000102821    0.0000543102    0.0032908432
  -0.0000874337   -0.0000298193    0.0032923649
  -0.0000001136    0.0000002700    0.0033036388
  -0.0003775275    0.0005849764    0.0031021332
   0.0003468911   -0.0005326720    0.0031983090
   0.0000000032   -0.0000000260    0.0033040810
  -0.0000000140    0.0000000007    0.0033040581
   0.0027404001    0.0002552815    0.0005150924
   0.0000005847   -0.0000003569    0.0033017454
   0.0000000057   -0.0000000127    0.0033041241
  -0.0000379553   -0.0025979969    0.0017183638
  -0.0002552815   -0.0027404001    0.0005150924
   0.0000003569   -0.0000005847    0.0033017454
   0.0000000127   -0.0000000057    0.0033041241
   0.0025979969    0.0000379553    0.0017183638
  -0.0000006405    0.0000000387    0.0033002226
  -0.0000000001    0.0000000004    0.0033041602
   0.0002699763   -0.0001132918    0.0032212423
  -0.0022827865    0.0003869508    0.0028441323
  -0.0000000012    0.0000000008    0.0033041579
  -0.0000543102   -0.0000102821    0.0032908432
   0.0000298193    0.0000874337    0.0032923649
  -0.0000002700    0.0000001136    0.0033036388
  -0.0005849764    0.0003775275    0.0031021332
   0.0005326720   -0.0003468911    0.0031983090
   0.0000000260   -0.0000000032    0.0033040810
  -0.0000000007    0.0000000140    0.0033040581
   0.0005254958    0.0004115572    0.0030605904
  -0.0000611143   -0.0005232442    0.0031973416
   0.0000000474   -0.0000000164    0.0033036567
   0.0000000120    0.0000000060    0.0033041245
  -0.0025051428   -0.0003389504    0.0027201519
  -0.0000003890   -0.0000005549    0.0033018521
  -0.0000000001   -0.0000000011    0.0033041560
   0.0007833268    0.0000093878    0.0030683220
  -0.0000005718    0.0000000089    0.0033030557
  -0.0000000014   -0.0000000011    0.0033041583
  -0.0002028866   -0.0000897560    0.0032524489
   0.0000991220    0.0001176938    0.0031955430
  -0.0000000000    0.0000000038    0.0033041461
  -0.0001795136   -0.0000332786    0.0032579824
   0.0004662963    0.0003005792    0.0032315526
   0.0000003018    0.0000001271    0.0033035792
   0.0000000014    0.0000000011    0.0033041584
   0.0001607705   -0.0000332947    0.0032464522
  -0.0000612534    0.0004478792    0.0032392022
   0.0000003259    0.0000005621    0.0033019266
   0.0002228940    0.0001123175    0.0032523892
  -0.0005016949   -0.0003163825    0.0032177668
  -0.0000000508   -0.0000000164    0.0033036872
  -0.0000000001    0.0000000010    0.0033041557
   0.0000989721   -0.0000996616    0.0031774888
  -0.0000002983   -0.0000001194    0.0033035865
  -0.0000000119   -0.0000000053    0.0033041255
  -0.0005867842    0.0000093762    0.0031575182
   0.0000006340    0.0000000089    0.0033029438
  -0.0000000000   -0.0000000045    0.0033041455
  -0.0007096357   -0.0003727246    0.0029977094
   0.0024437883    0.0004145580    0.0027101720
   0.0000005778    0.0000000387    0.0033000339
   0.0000000015   -0.0000000013    0.0033041587
   0.0006500567   -0.0004067153    0.0029561325
  -0.0002559270    0.0029113568    0.0006512044
  -0.0000000001   -0.0000000003    0.0033041599
   0.0000721337   -0.0000103045    0.0032795631
  -0.0004352607    0.0002699710    0.0032510525
  -0.0000003580    0.0000005323    0.0033020334
  -0.0001559164    0.0000887824    0.0032835256
   0.0000297344   -0.0001068520    0.0032764894
  -0.0000000226   -0.0000000032    0.0033040913
  -0.0000000112    0.0000000055    0.0033041260
   0.0026658202   -0.0003666446    0.0025863405
   0.0000003300   -0.0000001329    0.0033035270
  -0.0000000007   -0.0000000134    0.0033040557
  -0.0027655406    0.0000379612    0.0018065261
  -0.0007680245    0.0179255395   -0.0071381420
   0.0000486421   -0.0003916242   -0.0036363653
   0.0000000000   -0.0000000000   -0.0033041581
   0.0000070115    0.0000007663   -0.0033602068
  -0.0000773080    0.0000317813   -0.0037576234
  -0.0000000000   -0.0000000000   -0.0033041581
   0.0000021302   -0.0000026634   -0.0033101982
   0.0011549579   -0.0018554250   -0.0028433424
  -0.0000000000    0.0000000000   -0.0033041581
  -0.0000003042   -0.0000000524   -0.0033047865
   0.0000408157   -0.0001436105   -0.0032868634
  -0.0000558500    0.0000847500   -0.0033769550
  -0.0000036675    0.0000131373   -0.0033291504
  -0.0000955717    0.0000648587   -0.0031229143
   0.0000189638   -0.0000040712   -0.0033292009
  -0.0000000000   -0.0000000000   -0.0033041581
   0.0000034177    0.0000137470   -0.0033303306
  -0.0000540998    0.0012700054   -0.0029336002
   0.0000163953   -0.0000146679   -0.0034108042
   0.0000000000    0.0000000000   -0.0033041581
   0.0008336169    0.0021948857   -0.0025984388
  -0.0000563559   -0.0003693887   -0.0036158738
  -0.0000000000   -0.0000000000   -0.0033041581
   0.0000052110    0.0000001263   -0.0033183976
  -0.0000956898    0.0000094935   -0.0034317931
  -0.0000000000   -0.0000000000   -0.0033041581
  -0.0000018821   -0.0000021746   -0.0033092739
   0.0001212231   -0.0002266013   -0.0031961293
   0.0000000000   -0.0000000000   -0.0033041581
  -0.0000007523   -0.0000005333   -0.0033101041
  -0.0001870285   -0.0004028371   -0.0031760915
   0.0000624591    0.0000951285   -0.0033872164
   0.0000000000    0.0000000000   -0.0033041581
   0.0000007129   -0.0000005335   -0.0033103946
  -0.0000542369   -0.0023689923   -0.0030477932
   0.0000455230    0.0003747030   -0.0036095572
   0.0000019214    0.0000025894   -0.0033096381
   0.0001019059    0.0003059737   -0.0031833624
  -0.0000194470   -0.0000146940   -0.0034023192
  -0.0000000000    0.0000000000   -0.0033041581
   0.0001211701    0.0003049375   -0.0031952669
  -0.0000596818   -0.0000904712   -0.0033854719
  -0.0000000000   -0.0000000000   -0.0033041581
  -0.0000044157    0.0000001260   -0.0033162107
   0.0001052113    0.0000094676   -0.0034468621
   0.0000000000    0.0000000000   -0.0033041581
  -0.0000041946   -0.0000133389   -0.0033318239
  -0.0007509923   -0.0011790183   -0.0025599760
   0.0000679356    0.0000317170   -0.0037902492
   0.0000000000   -0.0000000000   -0.0033041581
   0.0000039444   -0.0000139486   -0.0033330052
  -0.0007716322   -0.0215307807   -0.0126978520
  -0.0000000000    0.0000000000   -0.0033041581
   0.0000003440   -0.0000000527   -0.0033049377
   0.0001933983   -0.0006449518   -0.0032367374
  -0.0000532515    0.0003524250   -0.0035890145
  -0.0000016736    0.0000021007   -0.0033087146
   0.0000407301    0.0000661918   -0.0032740286
  -0.0000159178   -0.0000040812   -0.0033248497
  -0.0000000000    0.0000000000   -0.0033041581
  -0.0004310618    0.0015177023   -0.0023165378
   0.0000662768   -0.0001008341   -0.0033957132
  -0.0000000000    0.0000000000   -0.0033041581
  -0.0000077737    0.0000007660   -0.0033576839
  -0.0000005686    0.0000005686    0.0028270282
  -0.0000000000    0.0000000000    0.0028897174
   0.0001334353   -0.0001334353    0.0026480745
  -0.0036952307    0.0036952307    0.0004996300
   0.0000000000   -0.0000000000    0.0028897174
   0.0000017810   -0.0000017810    0.0028762288
  -0.0001227888    0.0001227888    0.0030232008
  -0.0000045116    0.0000045116    0.0028692014
  -0.0001105145    0.0001105145    0.0027415489
   0.0002067347   -0.0002067347    0.0028973061
   0.0000000419   -0.0000000419    0.0028889573
  -0.0000000004    0.0000000004    0.0028897170
   0.0045081478   -0.0045081478   -0.0026258629
   0.0000050265   -0.0000050265    0.0028655602
   0.0000000004   -0.0000000004    0.0028897167
  -0.0000203358    0.0000203358   -0.0000602126
  -0.0043373068   -0.0038668504   -0.0010652376
  -0.0000003529   -0.0000080706    0.0028512654
  -0.0000000000    0.0000000000    0.0028897174
   0.0003271809    0.0000093920    0.0021974316
  -0.0000077775    0.0000003536    0.0028542901
   0.0000000000    0.0000000000    0.0028897174
   0.0000095558   -0.0000342710    0.0028240769
  -0.0003696664    0.0001568231    0.0031648471
   0.0000000000   -0.0000000000    0.0028897174
  -0.0000343255   -0.0000095395    0.0028372239
   0.0001732510    0.0001563954    0.0029601454
   0.0000001546    0.0000013651    0.0028854367
  -0.0000093807    0.0003311834    0.0023236954
   0.0001585852   -0.0005525333    0.0029279465
   0.0000014588   -0.0000001544    0.0028848966
   0.0000000004    0.0000000004    0.0028897169
   0.0001103719    0.0001335856    0.0026948474
  -0.0002046929   -0.0005049160    0.0029880330
  -0.0000001348   -0.0000002680    0.0028815035
  -0.0000000000   -0.0000000000    0.0028897174
  -0.0004174345   -0.0001106289    0.0031046618
  -0.0000048349   -0.0000047037    0.0028673791
   0.0000000000    0.0000000000    0.0028897174
   0.0000281816    0.0000018430    0.0027028502
   0.0000002680    0.0000001348    0.0028815035
   0.0000000000    0.0000000000    0.0028897174
  -0.0001335856   -0.0001103719    0.0026948474
   0.0005049160    0.0002046929    0.0029880330
  -0.0000000000   -0.0000000000    0.0028897174
  -0.0000018430   -0.0000281816    0.0027028502
   0.0001106289    0.0004174345    0.0031046618
   0.0000047037    0.0000048349    0.0028673791
  -0.0000000000   -0.0000000000    0.0028897174
   0.0000342710   -0.0000095558    0.0028240769
  -0.0001568231    0.0003696664    0.0031648471
  -0.0000003536    0.0000077775    0.0028542901
   0.0000095395    0.0000343255    0.0028372239
  -0.0001563954   -0.0001732510    0.0029601454
  -0.0000013651   -0.0000001546    0.0028854367
   0.0000000000   -0.0000000000    0.0028897174
   0.0005525333   -0.0001585852    0.0029279465
   0.0000001544   -0.0000014588    0.0028848966
  -0.0000000004   -0.0000000004    0.0028897169
  -0.0003311834    0.0000093807    0.0023236954
   0.0000080706    0.0000003529    0.0028512654
  -0.0000000000    0.0000000000    0.0028897174
  -0.0000093920   -0.0003271809    0.0021974316
   0.0038668504    0.0043373068   -0.0010652376

449  
 -0.0018497235696319   0.0018497235696319   0.0096517897527814
   0.0000000708   -0.0000000708   -0.0014919201
  -0.0000000006    0.0000000006   -0.0014846843
   0.0003425368   -0.0003425368   -0.0020044908
  -0.0033378431    0.0033378431   -0.0029441496
  -0.0000000000    0.0000000000   -0.0014846863
   0.0000055226   -0.0000055226   -0.0015188965
  -0.0001538462    0.0001538462   -0.0015411087
  -0.0000004618    0.0000004618   -0.0014863728
  -0.0003095176    0.0003095176   -0.0018695888
   0.0002392974   -0.0002392974   -0.0015904709
   0.0000000007   -0.0000000007   -0.0014846973
  -0.0000000128    0.0000000128   -0.0014848338
   0.0035158959   -0.0035158959   -0.0035178217
   0.0000003844   -0.0000003844   -0.0014863382
   0.0000000129   -0.0000000129   -0.0014848183
  -0.0000361391    0.0000361391   -0.0065143062
  -0.0036777261   -0.0031760819   -0.0032309567
   0.0000000440   -0.0000010601   -0.0014883692
   0.0000000124   -0.0000000007   -0.0014847062
   0.0006303316    0.0000184960   -0.0028111588
  -0.0000011187   -0.0000000439   -0.0014883639
   0.0000000002    0.0000000003   -0.0014846853
   0.0000164154   -0.0000948480   -0.0016293621
  -0.0005639365    0.0004910870   -0.0016633469
  -0.0000000007    0.0000000133   -0.0014847104
  -0.0000952491   -0.0000164360   -0.0016082301
   0.0002046030    0.0001884364   -0.0015657596
  -0.0000000092    0.0000000972   -0.0014848465
  -0.0000185016    0.0006297033   -0.0026160330
   0.0005357307   -0.0007428341   -0.0017310236
   0.0000000824    0.0000000092   -0.0014848059
   0.0000000135    0.0000000121   -0.0014848260
   0.0003123850    0.0003396588   -0.0019370956
  -0.0005821466   -0.0007214145   -0.0017210669
   0.0000000135    0.0000000184   -0.0014851038
   0.0000000125    0.0000000004   -0.0014847085
  -0.0005853825   -0.0004447380   -0.0016733426
  -0.0000004200   -0.0000004263   -0.0014863555
  -0.0000000132   -0.0000000010   -0.0014847082
   0.0000332904    0.0000051006   -0.0018292351
  -0.0000000184   -0.0000000135   -0.0014851038
  -0.0000000004   -0.0000000125   -0.0014847085
  -0.0003396588   -0.0003123850   -0.0019370956
   0.0007214145    0.0005821466   -0.0017210669
   0.0000000010    0.0000000132   -0.0014847082
  -0.0000051006   -0.0000332904   -0.0018292351
   0.0004447380    0.0005853825   -0.0016733426
   0.0000004263    0.0000004200   -0.0014863555
  -0.0000000003   -0.0000000002   -0.0014846853
   0.0000948480   -0.0000164154   -0.0016293621
  -0.0004910870    0.0005639365   -0.0016633469
   0.0000000439    0.0000011187   -0.0014883639
   0.0000164360    0.0000952491   -0.0016082301
  -0.0001884364   -0.0002046030   -0.0015657596
  -0.0000000972    0.0000000092   -0.0014848465
  -0.0000000133    0.0000000007   -0.0014847104
   0.0007428341   -0.0005357307   -0.0017310236
  -0.0000000092   -0.0000000824   -0.0014848059
  -0.0000000121   -0.0000000135   -0.0014848260
  -0.0006297033    0.0000185016   -0.0026160330
   0.0000010601   -0.0000000440   -0.0014883692
   0.0000000007   -0.0000000124   -0.0014847062
  -0.0000184960   -0.0006303316   -0.0028111588
   0.0031760819    0.0036777261   -0.0032309567
  -0.0000040658    0.0000040658   -0.0003888407
   0.0000000000    0.0000000000    0.0000000000
   0.0000495793   -0.0000495793   -0.0001018336
   0.0007191842   -0.0007191842    0.0090945764
   0.0000000000    0.0000000000    0.0000000000
   0.0000001936   -0.0000001936   -0.0000025216
   0.0000596467   -0.0000596467    0.0003564078
  -0.0000460190    0.0000460190   -0.0000876021
  -0.0000453428    0.0000453428   -0.0000864915
   0.0000614852   -0.0000614852    0.0003568705
   0.0000001985   -0.0000001985   -0.0000025466
   0.0000000000   -0.0000000000    0.0000000000
   0.0005939362   -0.0005939362    0.0091154913
   0.0000503484   -0.0000503484   -0.0001032175
   0.0000000000   -0.0000000000    0.0000000000
  -0.0000039756    0.0000039756   -0.0003845833
  -0.0007259856    0.0008359944    0.0091050691
  -0.0000022219   -0.0000878235   -0.0001961211
   0.0000000000   -0.0000000000    0.0000000000
   0.0000865670    0.0000021768   -0.0001935652
  -0.0000873989    0.0000022203   -0.0001817438
  -0.0000000000    0.0000000000    0.0000000000
   0.0000014430   -0.0000116859   -0.0000257671
   0.0001427297   -0.0000093148    0.0011712100
  -0.0000000000    0.0000000000    0.0000000000
  -0.0000115287   -0.0000014446   -0.0000237799
   0.0000118264   -0.0000100602    0.0003566380
   0.0000014699    0.0000116903   -0.0000240505
  -0.0000021784    0.0000861708   -0.0001794518
   0.0000155472   -0.0001527613    0.0011727041
   0.0000118535   -0.0000014715   -0.0000260715
  -0.0000000000   -0.0000000000    0.0000000000
   0.0000461574    0.0000487646   -0.0000941670
  -0.0000892381   -0.0000880638    0.0011727502
  -0.0000003558   -0.0000035223   -0.0000573640
   0.0000000000   -0.0000000000    0.0000000000
   0.0000783212    0.0000828998    0.0011711652
  -0.0000495114   -0.0000468560   -0.0000954053
  -0.0000000000    0.0000000000    0.0000000000
   0.0000034574    0.0000003446   -0.0000566481
   0.0000035223    0.0000003558   -0.0000573640
   0.0000000000    0.0000000000    0.0000000000
  -0.0000487646   -0.0000461574   -0.0000941670
   0.0000880638    0.0000892381    0.0011727502
  -0.0000000000    0.0000000000    0.0000000000
  -0.0000003446   -0.0000034574   -0.0000566481
  -0.0000828998   -0.0000783212    0.0011711652
   0.0000468560    0.0000495114   -0.0000954053
  -0.0000000000    0.0000000000    0.0000000000
   0.0000116859   -0.0000014430   -0.0000257671
   0.0000093148   -0.0001427297    0.0011712100
  -0.0000022203    0.0000873989   -0.0001817438
   0.0000014446    0.0000115287   -0.0000237799
   0.0000100602   -0.0000118264    0.0003566380
  -0.0000116903   -0.0000014699   -0.0000240505
   0.0000000000   -0.0000000000    0.0000000000
   0.0001527613   -0.0000155472    0.0011727041
   0.0000014715   -0.0000118535   -0.0000260715
  -0.0000000000   -0.0000000000    0.0000000000
  -0.0000861708    0.0000021784   -0.0001794518
   0.0000878235    0.0000022219   -0.0001961211
  -0.0000000000    0.0000000000    0.0000000000
  -0.0000021768   -0.0000865670   -0.0001935652
  -0.0008359944    0.0007259856    0.0091050691
  -0.0000374251    0.0000374251   -0.0036309222
   0.0000000131   -0.0000000131    0.0014845511
   0.0000003719   -0.0000003719    0.0014830770
   0.0034546932   -0.0034546932   -0.0005276037
  -0.0000000131    0.0000000131    0.0014845360
   0.0000000007   -0.0000000007    0.0014846764
   0.0002367753   -0.0002367753    0.0013798485
  -0.0003124428    0.0003124428    0.0010970460
  -0.0000004506    0.0000004506    0.0014830352
  -0.0001523374    0.0001523374    0.0014289096
   0.0000055737   -0.0000055737    0.0014503006
  -0.0000000001    0.0000000001    0.0014846870
  -0.0032812447    0.0032812447    0.0000351438
   0.0003462180   -0.0003462180    0.0009604091
  -0.0000000005    0.0000000005    0.0014846890
   0.0000000720   -0.0000000720    0.0014776010
   0.0031227987    0.0036130672   -0.0002462621
  -0.0000188170   -0.0006385263    0.0001473119
   0.0000000008   -0.0000000127    0.0014846660
   0.0000010366   -0.0000000446    0.0014810813
  -0.0006376698    0.0000188115    0.0003456602
  -0.0000000125   -0.0000000138    0.0014845435
  -0.0000000100   -0.0000000785    0.0014845750
   0.0007353248   -0.0005308244    0.0012417964
  -0.0000000136    0.0000000007    0.0014846621
  -0.0000000934    0.0000000101    0.0014845341
  -0.0001865458   -0.0002026726    0.0014043475
   0.0000166563    0.0000963676    0.0013602930
   0.0000000447    0.0000010950    0.0014810798
  -0.0004875092    0.0005591336    0.0013088036
   0.0000959728   -0.0000166772    0.0013390183
  -0.0000000003   -0.0000000002    0.0014846880
   0.0000004151    0.0000004074    0.0014830562
   0.0004415161    0.0005803181    0.0012987327
  -0.0000051698   -0.0000339289    0.0011372021
   0.0000000010    0.0000000135    0.0014846643
   0.0007141142    0.0005767540    0.0012519060
  -0.0003431812   -0.0003154899    0.0010287840
  -0.0000000004   -0.0000000128    0.0014846639
  -0.0000000199   -0.0000000135    0.0014842849
   0.0000339289    0.0000051698    0.0011372021
  -0.0000000135   -0.0000000010    0.0014846643
  -0.0000004074   -0.0000004151    0.0014830562
  -0.0005803181   -0.0004415161    0.0012987327
   0.0000000128    0.0000000004    0.0014846639
   0.0000000135    0.0000000199    0.0014842849
  -0.0005767540   -0.0007141142    0.0012519060
   0.0003154899    0.0003431812    0.0010287840
   0.0000000138    0.0000000125    0.0014845435
   0.0000000785    0.0000000100    0.0014845750
   0.0005308244   -0.0007353248    0.0012417964
  -0.0000188115    0.0006376698    0.0003456602
  -0.0000000101    0.0000000934    0.0014845341
   0.0002026726    0.0001865458    0.0014043475
  -0.0000963676   -0.0000166563    0.0013602930
  -0.0000000007    0.0000000136    0.0014846621
  -0.0005591336    0.0004875092    0.0013088036
   0.0000166772   -0.0000959728    0.0013390183
   0.0000000002    0.0000000003    0.0014846880
  -0.0000010950   -0.0000000447    0.0014810798
   0.0006385263    0.0000188170    0.0001473119
   0.0000000127   -0.0000000008    0.0014846660
   0.0000000446   -0.0000010366    0.0014810813
  -0.0036130672   -0.0031227987   -0.0002462621
  -0.0000000000    0.0000000000    0.0050364265
   0.0000008189   -0.0000008189    0.0050333931
   0.0022773996   -0.0022773996    0.0057969225
  -0.0004008716    0.0004008716    0.0031769333
  -0.0000007956    0.0000007956    0.0050340287
   0.0000422868   -0.0000422868    0.0050831322
  -0.0000457333    0.0000457333    0.0049832038
  -0.0000000000    0.0000000000    0.0050364265
  -0.0017579526    0.0017579526    0.0062141668
   0.0000575531   -0.0000575531    0.0049528518
   0.0000000000   -0.0000000000    0.0050364265
  -0.0000069582    0.0000069582    0.0049280607
   0.0003866956   -0.0003866956    0.0029864085
   0.0000000000   -0.0000000000    0.0050364265
   0.0000068926   -0.0000068926    0.0049211164
  -0.0029130821    0.0029130821    0.0119909679
  -0.0004132971   -0.0003742733    0.0030816887
  -0.0000000000   -0.0000000000    0.0050364265
   0.0000043671   -0.0000017859    0.0050137845
   0.0141191071    0.0002043222    0.0085758309
  -0.0000000000    0.0000000000    0.0050364265
  -0.0000008041   -0.0000008104    0.0050337105
   0.0001664904   -0.0003802618    0.0052814664
  -0.0002206978    0.0000930731    0.0047207225
  -0.0000016666    0.0000043060    0.0050167036
  -0.0003824783   -0.0001668355    0.0053023878
   0.0000516767    0.0000515998    0.0049680478
   0.0000000000    0.0000000000    0.0050364265
  -0.0002049237    0.0119124921    0.0090222248
   0.0000997701   -0.0002548672    0.0046360728
   0.0000000000   -0.0000000000    0.0050364265
   0.0000069099    0.0000069409    0.0049245886
   0.0017764002    0.0022584854    0.0060052464
  -0.0001057420   -0.0002450364    0.0046507315
  -0.0000000000    0.0000000000    0.0050364265
   0.0000043703    0.0000017851    0.0050143020
  -0.0002305207   -0.0000871131    0.0047061071
  -0.0000000000   -0.0000000000    0.0050364265
  -0.0000043028   -0.0000016674    0.0050161853
   0.0004706592    0.0000340630    0.0057511740
   0.0000000000    0.0000000000    0.0050364265
  -0.0000017851   -0.0000043703    0.0050143020
  -0.0022584854   -0.0017764002    0.0060052464
   0.0002450364    0.0001057420    0.0046507315
   0.0000016674    0.0000043028    0.0050161853
  -0.0000340630   -0.0004706592    0.0057511740
   0.0000871131    0.0002305207    0.0047061071
   0.0000000000    0.0000000000    0.0050364265
   0.0000008104    0.0000008041    0.0050337105
   0.0003802618   -0.0001664904    0.0052814664
  -0.0000930731    0.0002206978    0.0047207225
  -0.0000000000    0.0000000000    0.0050364265
   0.0001668355    0.0003824783    0.0053023878
  -0.0000515998   -0.0000516767    0.0049680478
  -0.0000000000   -0.0000000000    0.0050364265
  -0.0000043060    0.0000016666    0.0050167036
   0.0002548672   -0.0000997701    0.0046360728
   0.0000000000   -0.0000000000    0.0050364265
  -0.0000069409   -0.0000069099    0.0049245886
  -0.0119124921    0.0002049237    0.0090222248
   0.0000000000    0.0000000000    0.0050364265
   0.0000017859   -0.0000043671    0.0050137845
  -0.0002043222   -0.0141191071    0.0085758309
   0.0003742733    0.0004132971    0.0030816887
  -0.0028283190    0.0028283190    0.0054565154
   0.0000069915   -0.0000069915   -0.0051536242
   0.0000000000   -0.0000000000   -0.0050364265
   0.0003818992   -0.0003818992   -0.0070591578
  -0.0000070629    0.0000070629   -0.0051464978
  -0.0000000000   -0.0000000000   -0.0050364265
   0.0000568218   -0.0000568218   -0.0051193670
  -0.0017747973    0.0017747973   -0.0038583381
  -0.0000000000    0.0000000000   -0.0050364265
  -0.0000452237    0.0000452237   -0.0050893009
   0.0000423935   -0.0000423935   -0.0049897371
  -0.0000008145    0.0000008145   -0.0050388606
  -0.0003958759    0.0003958759   -0.0068733030
   0.0022993202   -0.0022993202   -0.0042693631
   0.0000008435   -0.0000008435   -0.0050395146
  -0.0000000000    0.0000000000   -0.0050364266
   0.0003697864    0.0004079854   -0.0069662486
  -0.0002060457   -0.0142784417   -0.0015005562
   0.0000018220   -0.0000044479   -0.0050594313
   0.0000000000    0.0000000000   -0.0050364266
  -0.0120098287    0.0002054482   -0.0010671021
  -0.0000070515   -0.0000070028   -0.0051500611
  -0.0000000000   -0.0000000000   -0.0050364265
   0.0002516096   -0.0000984213   -0.0054321020
  -0.0000043672    0.0000016982   -0.0050564265
  -0.0000000000   -0.0000000000   -0.0050364265
  -0.0000509860   -0.0000510691   -0.0051043536
   0.0001681245    0.0003859204   -0.0047707361
  -0.0000000000    0.0000000000   -0.0050364266
  -0.0000918222    0.0002180220   -0.0053488105
   0.0003838631   -0.0001684745   -0.0047914740
   0.0000008313    0.0000008267   -0.0050391872
   0.0000000000    0.0000000000   -0.0050364265
   0.0000859574    0.0002276997   -0.0053632817
  -0.0000341036   -0.0004770003   -0.0043210114
   0.0000016974    0.0000043705   -0.0050569634
   0.0002419395    0.0001042743   -0.0054176733
  -0.0022828558   -0.0017918144   -0.0040635629
  -0.0000018227   -0.0000044446   -0.0050588936
   0.0000000000    0.0000000000   -0.0050364265
   0.0004770003    0.0000341036   -0.0043210114
  -0.0000043705   -0.0000016974   -0.0050569634
  -0.0000000000   -0.0000000000   -0.0050364265
  -0.0002276997   -0.0000859574   -0.0053632817
   0.0000044446    0.0000018227   -0.0050588936
   0.0000000000    0.0000000000   -0.0050364265
  -0.0001042743   -0.0002419395   -0.0054176733
   0.0017918144    0.0022828558   -0.0040635629
   0.0000070028    0.0000070515   -0.0051500611
   0.0000000000   -0.0000000000   -0.0050364265
   0.0000984213   -0.0002516096   -0.0054321020
  -0.0002054482    0.0120098287   -0.0010671021
   0.0000000000    0.0000000000   -0.0050364265
   0.0000510691    0.0000509860   -0.0051043536
  -0.0003859204   -0.0001681245   -0.0047707361
  -0.0000016982    0.0000043672   -0.0050564265
  -0.0002180220    0.0000918222   -0.0053488105
   0.0001684745   -0.0003838631   -0.0047914740
  -0.0000008267   -0.0000008313   -0.0050391872
  -0.0000000000    0.0000000000   -0.0050364266
   0.0142784417    0.0002060457   -0.0015005562
   0.0000044479   -0.0000018220   -0.0050594313
  -0.0000000000   -0.0000000000   -0.0050364266
  -0.0004079854   -0.0003697864   -0.0069662486
   0.0235072514   -0.0006954384    0.0026885225
   0.0000001690    0.0000038369   -0.0032548760
  -0.0000000000    0.0000000000   -0.0033041581
  -0.0004499596    0.0000765132   -0.0029471251
   0.0000116346   -0.0000019630   -0.0032792585
   0.0000000000    0.0000000000   -0.0033041581
  -0.0000032872    0.0000140495   -0.0032820329
   0.0005636867   -0.0002942714   -0.0035247373
  -0.0000000000   -0.0000000000   -0.0033041581
   0.0000840555   -0.0000472621   -0.0032414017
  -0.0002280620    0.0000309188   -0.0033543523
  -0.0000000231   -0.0000002423   -0.0033033941
   0.0000212609   -0.0003628337   -0.0025878706
  -0.0028187404    0.0019378480   -0.0039235243
  -0.0000022533    0.0000015416   -0.0032984519
   0.0000000000    0.0000000000   -0.0033041581
  -0.0004313081   -0.0000825496   -0.0029652856
   0.0030450121    0.0017652780   -0.0040213476
  -0.0000000069    0.0000029745   -0.0032931228
  -0.0000000000    0.0000000000   -0.0033041581
   0.0026670655   -0.0000319013   -0.0039037577
   0.0000117654    0.0000019100   -0.0032784391
  -0.0000000000    0.0000000000   -0.0033041581
  -0.0000168871    0.0000217421   -0.0031940452
  -0.0000001880   -0.0000005429   -0.0032983782
  -0.0000000000    0.0000000000   -0.0033041581
   0.0000980249    0.0000533175   -0.0032282731
  -0.0008059049   -0.0003640086   -0.0034954709
   0.0000000000   -0.0000000000   -0.0033041581
   0.0000039027   -0.0000953983   -0.0031819506
  -0.0004196832    0.0001007012   -0.0034855353
  -0.0000020690   -0.0000014840   -0.0032990320
   0.0000000000   -0.0000000000   -0.0033041581
  -0.0000845676   -0.0000518496   -0.0032345286
   0.0004810144    0.0001006679   -0.0034865832
  -0.0000000069   -0.0000027964   -0.0032943198
  -0.0000168950   -0.0000233062   -0.0031985065
   0.0007334114    0.0002867109   -0.0034987128
   0.0000022873    0.0000014863   -0.0032987531
  -0.0000000000   -0.0000000000   -0.0033041581
  -0.0035927474   -0.0000319815   -0.0038506123
  -0.0000001879    0.0000005403   -0.0032982769
  -0.0000000000    0.0000000000   -0.0033041581
   0.0004436458    0.0000690796   -0.0029768240
  -0.0000115949   -0.0000020686   -0.0032777111
  -0.0000000000    0.0000000000   -0.0033041581
   0.0000038950    0.0001080630   -0.0031593447
  -0.0022169782   -0.0016719691   -0.0040695005
   0.0000001692   -0.0000039762   -0.0032563714
   0.0000000000    0.0000000000   -0.0033041581
  -0.0000985360    0.0000578987   -0.0032214149
   0.0024430345   -0.0015002259   -0.0041665179
  -0.0000000000   -0.0000000000   -0.0033041581
  -0.0000032939   -0.0000125897   -0.0032864011
   0.0001711163    0.0000308742   -0.0033617327
   0.0000021029   -0.0000014286   -0.0032993328
   0.0004249933   -0.0000751194   -0.0029949977
  -0.0009762123    0.0003564345   -0.0034693033
  -0.0000000232    0.0000002468   -0.0033032866
  -0.0000000000    0.0000000000   -0.0033041581
  -0.0271771191   -0.0006988582    0.0078303676
  -0.0000117255    0.0000020156   -0.0032768914
   0.0000000000    0.0000000000   -0.0033041581
   0.0000212518    0.0003479943   -0.0025568491
  -0.0001933874    0.0001933874    0.0234072997
  -0.0000003791    0.0000003791   -0.0028864326
  -0.0000000135    0.0000000135   -0.0028896855
  -0.0007260984    0.0007260984    0.0001201876
   0.0000003635   -0.0000003635   -0.0028861400
   0.0000000000   -0.0000000000   -0.0028897173
  -0.0000753849    0.0000753849   -0.0027392091
   0.0006718381   -0.0006718381   -0.0028982078
   0.0000000158   -0.0000000158   -0.0028896698
   0.0000550255   -0.0000550255   -0.0027960451
  -0.0000145403    0.0000145403   -0.0028724203
   0.0000000049   -0.0000000049   -0.0028897240
   0.0007447832   -0.0007447832   -0.0001566976
  -0.0008093302    0.0008093302   -0.0026659686
   0.0000000130   -0.0000000130   -0.0028897587
  -0.0000000023    0.0000000023   -0.0028894877
  -0.0007117637   -0.0007591035   -0.0000182775
   0.0000635939    0.0026334015   -0.0016764784
  -0.0000000800    0.0000002031   -0.0028893045
  -0.0000000314    0.0000000015   -0.0028896195
   0.0023843918   -0.0000635372   -0.0021940857
   0.0000003385    0.0000004041   -0.0028862863
   0.0000000003    0.0000000003   -0.0028897203
  -0.0002461737    0.0001460960   -0.0022724922
   0.0000002660   -0.0000000727   -0.0028892003
   0.0000000008   -0.0000000003   -0.0028897175
   0.0000637285    0.0000666977   -0.0027675967
  -0.0000441748   -0.0001687580   -0.0028574255
  -0.0000000015   -0.0000000332   -0.0028896069
   0.0001379898   -0.0001976049   -0.0024081284
  -0.0001693622    0.0000442532   -0.0028306929
   0.0000000060    0.0000000021   -0.0028897413
  -0.0000000147   -0.0000000146   -0.0028896776
  -0.0001258282   -0.0002095737   -0.0023800296
   0.0000108694    0.0001073913   -0.0027637135
  -0.0000000838   -0.0000002422   -0.0028892623
  -0.0002342179   -0.0001582391   -0.0023005275
   0.0007856892    0.0006954521   -0.0027822274
   0.0000000689    0.0000002269   -0.0028892424
   0.0000000006    0.0000000005   -0.0028897136
  -0.0001073913   -0.0000108694   -0.0027637135
   0.0000002422    0.0000000838   -0.0028892623
   0.0000000146    0.0000000147   -0.0028896776
   0.0002095737    0.0001258282   -0.0023800296
  -0.0000002269   -0.0000000689   -0.0028892424
  -0.0000000005   -0.0000000006   -0.0028897136
   0.0001582391    0.0002342179   -0.0023005275
  -0.0006954521   -0.0007856892   -0.0027822274
  -0.0000004041   -0.0000003385   -0.0028862863
  -0.0000000003   -0.0000000003   -0.0028897203
  -0.0001460960    0.0002461737   -0.0022724922
   0.0000635372   -0.0023843918   -0.0021940857
   0.0000000003   -0.0000000008   -0.0028897175
  -0.0000666977   -0.0000637285   -0.0027675967
   0.0001687580    0.0000441748   -0.0028574255
   0.0000000727   -0.0000002660   -0.0028892003
   0.0001976049   -0.0001379898   -0.0024081284
  -0.0000442532    0.0001693622   -0.0028306929
  -0.0000000021   -0.0000000060   -0.0028897413
   0.0000000332    0.0000000015   -0.0028896069
  -0.0026334015   -0.0000635939   -0.0016764784
  -0.0000002031    0.0000000800   -0.0028893045
  -0.0000000015    0.0000000314   -0.0028896195
   0.0007591035    0.0007117637   -0.0000182775
   0.0099729377   -0.0099729377   -0.1571821205
  -0.0000378418    0.0000378418    0.0004811357
   0.0000000000   -0.0000000000   -0.0000000000
  -0.0000371623    0.0000371623    0.0004741371
   0.0000394772   -0.0000394772    0.0004514629
   0.0000000000   -0.0000000000   -0.0000000000
  -0.0000063325    0.0000063325    0.0000170411
  -0.0002852323    0.0002852323   -0.0019297345
   0.0000000000   -0.0000000000   -0.0000000000
   0.0000052934   -0.0000052934    0.0000125842
  -0.0000207706    0.0000207706   -0.0001161396
   0.0000053690   -0.0000053690    0.0000127200
   0.0000387637   -0.0000387637    0.0004450766
  -0.0002776538    0.0002776538   -0.0019324432
  -0.0000064316    0.0000064316    0.0000172430
   0.0000000000   -0.0000000000   -0.0000000000
  -0.0000357441   -0.0000401812    0.0004596087
   0.0001397948    0.0002885504   -0.0073118122
  -0.0000077801    0.0000354398    0.0000982570
   0.0000000000   -0.0000000000   -0.0000000000
  -0.0002613360   -0.0001391772   -0.0072945450
   0.0000409216    0.0000363981    0.0004662973
   0.0000000000   -0.0000000000   -0.0000000000
  -0.0000349269    0.0000076607    0.0000968741
   0.0000310077   -0.0000068076    0.0000826832
   0.0000000000    0.0000000000   -0.0000000000
   0.0000059344    0.0000056921    0.0000148144
  -0.0000502217   -0.0000060123   -0.0005168426
  -0.0000000000    0.0000000000   -0.0000000000
   0.0000067053   -0.0000305787    0.0000816098
   0.0000047884    0.0000502962   -0.0005170920
  -0.0000057770   -0.0000060229    0.0000149797
   0.0000000000   -0.0000000000   -0.0000000000
  -0.0000063078   -0.0000319337    0.0000843588
   0.0000124201    0.0001344103   -0.0014050941
  -0.0000064017   -0.0000323837    0.0000854825
  -0.0000335728   -0.0000080577    0.0000941293
   0.0000510352   -0.0000605130   -0.0019310919
   0.0000081866    0.0000340629    0.0000954535
   0.0000000000   -0.0000000000   -0.0000000000
  -0.0001344103   -0.0000124201   -0.0014050941
   0.0000323837    0.0000064017    0.0000854825
   0.0000000000   -0.0000000000   -0.0000000000
   0.0000319337    0.0000063078    0.0000843588
  -0.0000340629   -0.0000081866    0.0000954535
  -0.0000000000   -0.0000000000   -0.0000000000
   0.0000080577    0.0000335728    0.0000941293
   0.0000605130   -0.0000510352   -0.0019310919
  -0.0000363981   -0.0000409216    0.0004662973
  -0.0000000000    0.0000000000   -0.0000000000
  -0.0000076607    0.0000349269    0.0000968741
   0.0001391772    0.0002613360   -0.0072945450
  -0.0000000000    0.0000000000   -0.0000000000
  -0.0000056921   -0.0000059344    0.0000148144
   0.0000060123    0.0000502217   -0.0005168426
   0.0000068076   -0.0000310077    0.0000826832
   0.0000305787   -0.0000067053    0.0000816098
  -0.0000502962   -0.0000047884   -0.0005170920
   0.0000060229    0.0000057770    0.0000149797
   0.0000000000   -0.0000000000   -0.0000000000
  -0.0002885504   -0.0001397948   -0.0073118122
  -0.0000354398    0.0000077801    0.0000982570
  -0.0000000000   -0.0000000000   -0.0000000000
   0.0000401812    0.0000357441    0.0004596087
   0.0003697311   -0.0000217180    0.0040306435
  -0.0000000000   -0.0000000000    0.0033041581
  -0.0000015111    0.0000022065    0.0033097736
  -0.0019186660    0.0027768618    0.0026911050
   0.0000000000    0.0000000000    0.0033041581
   0.0000002360    0.0000000216    0.0033049090
  -0.0000306587    0.0002260672    0.0032539334
   0.0000477646   -0.0000851052    0.0033674748
   0.0000019297   -0.0000114346    0.0033286845
   0.0002912726   -0.0005560198    0.0030827822
  -0.0000142242    0.0000033383    0.0033264314
  -0.0000000000    0.0000000000    0.0033041581
   0.0006795495   -0.0232660168    0.0093934893
  -0.0000775254    0.0004558764    0.0036651695
  -0.0000000000    0.0000000000    0.0033041581
  -0.0000037626   -0.0000001575    0.0033526609
  -0.0017496690   -0.0030029801    0.0025940166
   0.0000836698    0.0004368129    0.0036466744
   0.0000000000    0.0000000000    0.0033041581
  -0.0000029268    0.0000000092    0.0033150294
   0.0000964474   -0.0000039618    0.0034273821
   0.0000000000   -0.0000000000    0.0033041581
   0.0000014570    0.0000020309    0.0033092071
  -0.0000991960    0.0004145214    0.0031224727
  -0.0000000000   -0.0000000000    0.0033041581
   0.0000005318    0.0000001781    0.0033098479
   0.0003598281    0.0007965872    0.0031126246
  -0.0000539287   -0.0000993544    0.0033807950
  -0.0000018798   -0.0000115561    0.0033294853
   0.0000316397   -0.0026346905    0.0027016830
  -0.0000220047    0.0000172177    0.0034155176
  -0.0000000000    0.0000000000    0.0033041581
  -0.0000014585   -0.0000022410    0.0033094804
  -0.0002837732   -0.0007244147    0.0031093268
   0.0000235924    0.0000172096    0.0034109878
   0.0000000000    0.0000000000    0.0033041581
  -0.0000992285   -0.0004755662    0.0031215013
   0.0000524306    0.0000856441    0.0033744174
   0.0000000000    0.0000000000    0.0033041581
   0.0000027563    0.0000000093    0.0033138588
  -0.0001093713   -0.0000039696    0.0034503572
  -0.0000000000   -0.0000000000    0.0033041581
   0.0000020320    0.0000113936    0.0033301996
   0.0016583842    0.0021881186    0.0025450656
  -0.0000000000    0.0000000000    0.0033041581
  -0.0000005299    0.0000001782    0.0033099446
   0.0000315601    0.0035423086    0.0027561921
  -0.0000699163   -0.0004493684    0.0036349253
  -0.0000000000    0.0000000000    0.0033041581
  -0.0000002397    0.0000000216    0.0033050132
  -0.0003523427    0.0009644048    0.0031390255
   0.0000760573   -0.0004303056    0.0036164434
   0.0000014044   -0.0000020655    0.0033089134
  -0.0000307026   -0.0001692894    0.0032464905
   0.0000127407    0.0000033314    0.0033220227
   0.0000000000    0.0000000000    0.0033041581
   0.0014885406   -0.0024144464    0.0024471673
  -0.0000586014    0.0000998943    0.0033877530
  -0.0000000000    0.0000000000    0.0033041581
   0.0000038961   -0.0000001573    0.0033511963
  -0.0003545391   -0.0000217270    0.0040622872
  -0.0000000000   -0.0000000000    0.0033041581
  -0.0000019822    0.0000115153    0.0033310000
   0.0006762524    0.0267634546    0.0143804026
   0.0000217270    0.0003545391    0.0040622872
   0.0000000000    0.0000000000    0.0033041581
  -0.0000115153    0.0000019822    0.0033310000
  -0.0267634546   -0.0006762524    0.0143804026
  -0.0000000000    0.0000000000    0.0033041581
  -0.0000000216    0.0000002397    0.0033050132
  -0.0009644048    0.0003523427    0.0031390255
   0.0004303056   -0.0000760573    0.0036164434
   0.0000020655   -0.0000014044    0.0033089134
   0.0001692894    0.0000307026    0.0032464905
  -0.0000033314   -0.0000127407    0.0033220227
   0.0000000000   -0.0000000000    0.0033041581
   0.0024144464   -0.0014885406    0.0024471673
  -0.0000998943    0.0000586014    0.0033877530
  -0.0000000000    0.0000000000    0.0033041581
   0.0000001573   -0.0000038961    0.0033511963
  -0.0021881186   -0.0016583842    0.0025450656
   0.0000039696    0.0001093713    0.0034503572
   0.0000000000    0.0000000000    0.0033041581
  -0.0000113936   -0.0000020320    0.0033301996
   0.0004493684    0.0000699163    0.0036349253
  -0.0000000000    0.0000000000    0.0033041581
  -0.0000001782    0.0000005299    0.0033099446
  -0.0035423086   -0.0000315601    0.0027561921
  -0.0000000000   -0.0000000000    0.0033041581
   0.0000022410    0.0000014585    0.0033094804
   0.0007244147    0.0002837732    0.0031093268
  -0.0000172096   -0.0000235924    0.0034109878
  -0.0000000093   -0.0000027563    0.0033138588
   0.0004755662    0.0000992285    0.0031215013
  -0.0000856441   -0.0000524306    0.0033744174
   0.0000000000   -0.0000000000    0.0033041581
  -0.0000020309   -0.0000014570    0.0033092071
  -0.0004145214    0.0000991960    0.0031224727
   0.0000039618   -0.0000964474    0.0034273821
   0.0000000000   -0.0000000000    0.0033041581
  -0.0007965872   -0.0003598281    0.0031126246
   0.0000993544    0.0000539287    0.0033807950
   0.0000000000    0.0000000000    0.0033041581
  -0.0000001781   -0.0000005318    0.0033098479
  -0.0000172177    0.0000220047    0.0034155176
   0.0000000000    0.0000000000    0.0033041581
   0.0000115561    0.0000018798    0.0033294853
   0.0026346905   -0.0000316397    0.0027016830
   0.0000000000   -0.0000000000    0.0033041581
  -0.0000000092    0.0000029268    0.0033150294
   0.0030029801    0.0017496690    0.0025940166
  -0.0004368129   -0.0000836698    0.0036466744
   0.0000000000    0.0000000000    0.0033041581
  -0.0000022065    0.0000015111    0.0033097736
  -0.0027768618    0.0019186660    0.0026911050
   0.0000217180   -0.0003697311    0.0040306435
  -0.0000000216   -0.0000002360    0.0033049090
  -0.0002260672    0.0000306587    0.0032539334
   0.0000851052   -0.0000477646    0.0033674748
  -0.0000000000   -0.0000000000    0.0033041581
   0.0005560198   -0.0002912726    0.0030827822
  -0.0000033383    0.0000142242    0.0033264314
  -0.0000000000    0.0000000000    0.0033041581
   0.0000114346   -0.0000019297    0.0033286845
  -0.0004558764    0.0000775254    0.0036651695
   0.0000000000    0.0000000000    0.0033041581
   0.0000001575    0.0000037626    0.0033526609
   0.0232660168   -0.0006795495    0.0093934893
   0.0006988582    0.0271771191    0.0078303676
  -0.0000020156    0.0000117255   -0.0032768914
  -0.0000000000   -0.0000000000   -0.0033041581
  -0.0003479943   -0.0000212518   -0.0025568491
   0.0000039762   -0.0000001692   -0.0032563714
   0.0000000000    0.0000000000   -0.0033041581
  -0.0000578987    0.0000985360   -0.0032214149
   0.0015002259   -0.0024430345   -0.0041665179
   0.0000000000    0.0000000000   -0.0033041581
   0.0000125897    0.0000032939   -0.0032864011
  -0.0000308742   -0.0001711163   -0.0033617327
   0.0000014286   -0.0000021029   -0.0032993328
   0.0000751194   -0.0004249933   -0.0029949977
  -0.0003564345    0.0009762123   -0.0034693033
  -0.0000002468    0.0000000232   -0.0033032866
  -0.0000000000    0.0000000000   -0.0033041581
  -0.0000690796   -0.0004436458   -0.0029768240
   0.0000319815    0.0035927474   -0.0038506123
  -0.0000005403    0.0000001879   -0.0032982769
  -0.0000000000    0.0000000000   -0.0033041581
   0.0016719691    0.0022169782   -0.0040695005
   0.0000020686    0.0000115949   -0.0032777111
  -0.0000000000    0.0000000000   -0.0033041581
  -0.0001080630   -0.0000038950   -0.0031593447
   0.0000027964    0.0000000069   -0.0032943198
   0.0000000000   -0.0000000000   -0.0033041581
   0.0000518496    0.0000845676   -0.0032345286
  -0.0001006679   -0.0004810144   -0.0034865832
   0.0000000000    0.0000000000   -0.0033041581
   0.0000233062    0.0000168950   -0.0031985065
  -0.0002867109   -0.0007334114   -0.0034987128
  -0.0000014863   -0.0000022873   -0.0032987531
  -0.0000000000    0.0000000000   -0.0033041581
  -0.0000217421    0.0000168871   -0.0031940452
   0.0000319013   -0.0026670655   -0.0039037577
  -0.0000019100   -0.0000117654   -0.0032784391
  -0.0000533175   -0.0000980249   -0.0032282731
   0.0003640086    0.0008059049   -0.0034954709
   0.0000005429    0.0000001880   -0.0032983782
  -0.0000000000   -0.0000000000   -0.0033041581
  -0.0001007012    0.0004196832   -0.0034855353
   0.0000014840    0.0000020690   -0.0032990320
   0.0000000000   -0.0000000000   -0.0033041581
   0.0000953983   -0.0000039027   -0.0031819506
  -0.0000029745    0.0000000069   -0.0032931228
   0.0000000000    0.0000000000   -0.0033041581
   0.0000825496    0.0004313081   -0.0029652856
  -0.0017652780   -0.0030450121   -0.0040213476
  -0.0000038369   -0.0000001690   -0.0032548760
  -0.0000000000    0.0000000000   -0.0033041581
  -0.0000765132    0.0004499596   -0.0029471251
   0.0006954384   -0.0235072514    0.0026885225
   0.0000000000    0.0000000000   -0.0033041581
  -0.0000140495    0.0000032872   -0.0032820329
   0.0002942714   -0.0005636867   -0.0035247373
   0.0000019630   -0.0000116346   -0.0032792585
   0.0000472621   -0.0000840555   -0.0032414017
  -0.0000309188    0.0002280620   -0.0033543523
   0.0000002423    0.0000000231   -0.0033033941
   0.0000000000    0.0000000000   -0.0033041581
  -0.0019378480    0.0028187404   -0.0039235243
  -0.0000015416    0.0000022533   -0.0032984519
  -0.0000000000   -0.0000000000   -0.0033041581
   0.0003628337   -0.0000212609   -0.0025878706
  -0.0000000023    0.0000000023    0.0028899535
   0.0000000147   -0.0000000147    0.0028896722
  -0.0007989542    0.0007989542    0.0031091166
   0.0007566590   -0.0007566590    0.0056540589
   0.0000000038   -0.0000000038    0.0028897082
  -0.0000144294    0.0000144294    0.0029069079
   0.0000555415   -0.0000555415    0.0029839672
   0.0000000162   -0.0000000162    0.0028897663
   0.0006636350   -0.0006636350    0.0028775889
  -0.0000761819    0.0000761819    0.0030412985
  -0.0000000000    0.0000000000    0.0028897173
   0.0000003557   -0.0000003557    0.0028932105
  -0.0007374421    0.0007374421    0.0059362835
  -0.0000000139    0.0000000139    0.0028897510
  -0.0000003718    0.0000003718    0.0028929074
  -0.0001747330    0.0001747330    0.0286095437
   0.0007711428    0.0007229735    0.0057951957
  -0.0000000014    0.0000000322    0.0028898186
  -0.0000001954    0.0000000773    0.0028901067
  -0.0026047336   -0.0000629003    0.0040805558
   0.0000000340    0.0000000014    0.0028898309
  -0.0000000037   -0.0000000073    0.0028896902
  -0.0000436459    0.0001676589    0.0029482785
   0.0001993035   -0.0001391063    0.0033753214
   0.0000000704   -0.0000002597    0.0028902164
   0.0001670498    0.0000437233    0.0029215041
  -0.0000673389   -0.0000643682    0.0030126017
   0.0000000003   -0.0000000009    0.0028897174
   0.0000629602   -0.0023632997    0.0035739300
  -0.0001474776    0.0002487072    0.0035131052
  -0.0000000004   -0.0000000003    0.0028897146
  -0.0000003973   -0.0000003302    0.0028930589
  -0.0006869054   -0.0007757126    0.0029934870
   0.0001597735    0.0002364855    0.0034846854
  -0.0000000005   -0.0000000006    0.0028897217
  -0.0000002196   -0.0000000661    0.0028901695
   0.0002115118    0.0001268286    0.0034036772
   0.0000000150    0.0000000151    0.0028897586
   0.0000002355    0.0000000816    0.0028901535
  -0.0001057482   -0.0000108715    0.0030144428
   0.0000000006    0.0000000005    0.0028897217
   0.0000000661    0.0000002196    0.0028901695
   0.0007757126    0.0006869054    0.0029934870
  -0.0002364855   -0.0001597735    0.0034846854
  -0.0000000816   -0.0000002355    0.0028901535
   0.0000108715    0.0001057482    0.0030144428
  -0.0001268286   -0.0002115118    0.0034036772
  -0.0000000151   -0.0000000150    0.0028897586
   0.0000000073    0.0000000037    0.0028896902
  -0.0001676589    0.0000436459    0.0029482785
   0.0001391063   -0.0001993035    0.0033753214
  -0.0000000014   -0.0000000340    0.0028898309
  -0.0000437233   -0.0001670498    0.0029215041
   0.0000643682    0.0000673389    0.0030126017
   0.0000000009   -0.0000000003    0.0028897174
   0.0000002597   -0.0000000704    0.0028902164
  -0.0002487072    0.0001474776    0.0035131052
   0.0000000003    0.0000000004    0.0028897146
   0.0000003302    0.0000003973    0.0028930589
   0.0023632997   -0.0000629602    0.0035739300
  -0.0000000322    0.0000000014    0.0028898186
  -0.0000000773    0.0000001954    0.0028901067
   0.0000629003    0.0026047336    0.0040805558
  -0.0007229735   -0.0007711428    0.0057951957

449  
  0.0018497235696319  -0.0018497235696319  -0.0096517897527814
  -0.0000000720    0.0000000720   -0.0014776010
   0.0000000005   -0.0000000005   -0.0014846890
  -0.0003462180    0.0003462180   -0.0009604091
   0.0032812447   -0.0032812447   -0.0000351438
   0.0000000001   -0.0000000001   -0.0014846870
  -0.0000055737    0.0000055737   -0.0014503006
   0.0001523374   -0.0001523374   -0.0014289096
   0.0000004506   -0.0000004506   -0.0014830352
   0.0003124428   -0.0003124428   -0.0010970460
  -0.0002367753    0.0002367753   -0.0013798485
  -0.0000000007    0.0000000007   -0.0014846764
   0.0000000131   -0.0000000131   -0.0014845360
  -0.0034546932    0.0034546932    0.0005276037
  -0.0000003719    0.0000003719   -0.0014830770
  -0.0000000131    0.0000000131   -0.0014845511
   0.0000374251   -0.0000374251    0.0036309222
   0.0036130672    0.0031227987    0.0002462621
  -0.0000000446    0.0000010366   -0.0014810813
  -0.0000000127    0.0000000008   -0.0014846660
  -0.0006385263   -0.0000188170   -0.0001473119
   0.0000010950    0.0000000447   -0.0014810798
  -0.0000000002   -0.0000000003   -0.0014846880
  -0.0000166772    0.0000959728   -0.0013390183
   0.0005591336   -0.0004875092   -0.0013088036
   0.0000000007   -0.0000000136   -0.0014846621
   0.0000963676    0.0000166563   -0.0013602930
  -0.0002026726   -0.0001865458   -0.0014043475
   0.0000000101   -0.0000000934   -0.0014845341
   0.0000188115   -0.0006376698   -0.0003456602
  -0.0005308244    0.0007353248   -0.0012417964
  -0.0000000785   -0.0000000100   -0.0014845750
  -0.0000000138   -0.0000000125   -0.0014845435
  -0.0003154899   -0.0003431812   -0.0010287840
   0.0005767540    0.0007141142   -0.0012519060
  -0.0000000135   -0.0000000199   -0.0014842849
  -0.0000000128   -0.0000000004   -0.0014846639
   0.0005803181    0.0004415161   -0.0012987327
   0.0000004074    0.0000004151   -0.0014830562
   0.0000000135    0.0000000010   -0.0014846643
  -0.0000339289   -0.0000051698   -0.0011372021
   0.0000000199    0.0000000135   -0.0014842849
   0.0000000004    0.0000000128   -0.0014846639
   0.0003431812    0.0003154899   -0.0010287840
  -0.0007141142   -0.0005767540   -0.0012519060
  -0.0000000010   -0.0000000135   -0.0014846643
   0.0000051698    0.0000339289   -0.0011372021
  -0.0004415161   -0.0005803181   -0.0012987327
  -0.0000004151   -0.0000004074   -0.0014830562
   0.0000000003    0.0000000002   -0.0014846880
  -0.0000959728    0.0000166772   -0.0013390183
   0.0004875092   -0.0005591336   -0.0013088036
  -0.0000000447   -0.0000010950   -0.0014810798
  -0.0000166563   -0.0000963676   -0.0013602930
   0.0001865458    0.0002026726   -0.0014043475
   0.0000000934   -0.0000000101   -0.0014845341
   0.0000000136   -0.0000000007   -0.0014846621
  -0.0007353248    0.0005308244   -0.0012417964
   0.0000000100    0.0000000785   -0.0014845750
   0.0000000125    0.0000000138   -0.0014845435
   0.0006376698   -0.0000188115   -0.0003456602
  -0.0000010366    0.0000000446   -0.0014810813
  -0.0000000008    0.0000000127   -0.0014846660
   0.0000188170    0.0006385263   -0.0001473119
  -0.0031227987   -0.0036130672    0.0002462621
   0.0000039756   -0.0000039756    0.0003845833
   0.0000000000    0.0000000000    0.0000000000
  -0.0000503484    0.0000503484    0.0001032175
  -0.0005939362    0.0005939362   -0.0091154913
   0.0000000000    0.0000000000    0.0000000000
  -0.0000001985    0.0000001985    0.0000025466
  -0.0000614852    0.0000614852   -0.0003568705
   0.0000453428   -0.0000453428    0.0000864915
   0.0000460190   -0.0000460190    0.0000876021
  -0.0000596467    0.0000596467   -0.0003564078
  -0.0000001936    0.0000001936    0.0000025216
   0.0000000000   -0.0000000000    0.0000000000
  -0.0007191842    0.0007191842   -0.0090945764
  -0.0000495793    0.0000495793    0.0001018336
   0.0000000000   -0.0000000000    0.0000000000
   0.0000040658   -0.0000040658    0.0003888407
   0.0008359944   -0.0007259856   -0.0091050691
   0.0000021768    0.0000865670    0.0001935652
   0.0000000000   -0.0000000000    0.0000000000
  -0.0000878235   -0.0000022219    0.0001961211
   0.0000861708   -0.0000021784    0.0001794518
  -0.0000000000    0.0000000000    0.0000000000
  -0.0000014715    0.0000118535    0.0000260715
  -0.0001527613    0.0000155472   -0.0011727041
  -0.0000000000    0.0000000000    0.0000000000
   0.0000116903    0.0000014699    0.0000240505
  -0.0000100602    0.0000118264   -0.0003566380
  -0.0000014446   -0.0000115287    0.0000237799
   0.0000022203   -0.0000873989    0.0001817438
  -0.0000093148    0.0001427297   -0.0011712100
  -0.0000116859    0.0000014430    0.0000257671
  -0.0000000000   -0.0000000000    0.0000000000
  -0.0000468560   -0.0000495114    0.0000954053
   0.0000828998    0.0000783212   -0.0011711652
   0.0000003446    0.0000034574    0.0000566481
   0.0000000000   -0.0000000000    0.0000000000
  -0.0000880638   -0.0000892381   -0.0011727502
   0.0000487646    0.0000461574    0.0000941670
  -0.0000000000    0.0000000000    0.0000000000
  -0.0000035223   -0.0000003558    0.0000573640
  -0.0000034574   -0.0000003446    0.0000566481
   0.0000000000    0.0000000000    0.0000000000
   0.0000495114    0.0000468560    0.0000954053
  -0.0000783212   -0.0000828998   -0.0011711652
  -0.0000000000    0.0000000000    0.0000000000
   0.0000003558    0.0000035223    0.0000573640
   0.0000892381    0.0000880638   -0.0011727502
  -0.0000461574   -0.0000487646    0.0000941670
  -0.0000000000    0.0000000000    0.0000000000
  -0.0000118535    0.0000014715    0.0000260715
  -0.0000155472    0.0001527613   -0.0011727041
   0.0000021784   -0.0000861708    0.0001794518
  -0.0000014699   -0.0000116903    0.0000240505
  -0.0000118264    0.0000100602   -0.0003566380
   0.0000115287    0.0000014446    0.0000237799
   0.0000000000   -0.0000000000    0.0000000000
  -0.0001427297    0.0000093148   -0.0011712100
  -0.0000014430    0.0000116859    0.0000257671
  -0.0000000000   -0.0000000000    0.0000000000
   0.0000873989   -0.0000022203    0.0001817438
  -0.0000865670   -0.0000021768    0.0001935652
  -0.0000000000    0.0000000000    0.0000000000
   0.0000022219    0.0000878235    0.0001961211
   0.0007259856   -0.0008359944   -0.0091050691
   0.0000361391   -0.0000361391    0.0065143062
  -0.0000000129    0.0000000129    0.0014848183
  -0.0000003844    0.0000003844    0.0014863382
  -0.0035158959    0.0035158959    0.0035178217
   0.0000000128   -0.0000000128    0.0014848338
  -0.0000000007    0.0000000007    0.0014846973
  -0.0002392974    0.0002392974    0.0015904709
   0.0003095176   -0.0003095176    0.0018695888
   0.0000004618   -0.0000004618    0.0014863728
   0.0001538462   -0.0001538462    0.0015411087
  -0.0000055226    0.0000055226    0.0015188965
   0.0000000000   -0.0000000000    0.0014846863
   0.0033378431   -0.0033378431    0.0029441496
  -0.0003425368    0.0003425368    0.0020044908
   0.0000000006   -0.0000000006    0.0014846843
  -0.0000000708    0.0000000708    0.0014919201
  -0.0031760819   -0.0036777261    0.0032309567
   0.0000184960    0.0006303316    0.0028111588
  -0.0000000007    0.0000000124    0.0014847062
  -0.0000010601    0.0000000440    0.0014883692
   0.0006297033   -0.0000185016    0.0026160330
   0.0000000121    0.0000000135    0.0014848260
   0.0000000092    0.0000000824    0.0014848059
  -0.0007428341    0.0005357307    0.0017310236
   0.0000000133   -0.0000000007    0.0014847104
   0.0000000972   -0.0000000092    0.0014848465
   0.0001884364    0.0002046030    0.0015657596
  -0.0000164360   -0.0000952491    0.0016082301
  -0.0000000439   -0.0000011187    0.0014883639
   0.0004910870   -0.0005639365    0.0016633469
  -0.0000948480    0.0000164154    0.0016293621
   0.0000000003    0.0000000002    0.0014846853
  -0.0000004263   -0.0000004200    0.0014863555
  -0.0004447380   -0.0005853825    0.0016733426
   0.0000051006    0.0000332904    0.0018292351
  -0.0000000010   -0.0000000132    0.0014847082
  -0.0007214145   -0.0005821466    0.0017210669
   0.0003396588    0.0003123850    0.0019370956
   0.0000000004    0.0000000125    0.0014847085
   0.0000000184    0.0000000135    0.0014851038
  -0.0000332904   -0.0000051006    0.0018292351
   0.0000000132    0.0000000010    0.0014847082
   0.0000004200    0.0000004263    0.0014863555
   0.0005853825    0.0004447380    0.0016733426
  -0.0000000125   -0.0000000004    0.0014847085
  -0.0000000135   -0.0000000184    0.0014851038
   0.0005821466    0.0007214145    0.0017210669
  -0.0003123850   -0.0003396588    0.0019370956
  -0.0000000135   -0.0000000121    0.0014848260
  -0.0000000824   -0.0000000092    0.0014848059
  -0.0005357307    0.0007428341    0.0017310236
   0.0000185016   -0.0006297033    0.0026160330
   0.0000000092   -0.0000000972    0.0014848465
  -0.0002046030   -0.0001884364    0.0015657596
   0.0000952491    0.0000164360    0.0016082301
   0.0000000007   -0.0000000133    0.0014847104
   0.0005639365   -0.0004910870    0.0016633469
  -0.0000164154    0.0000948480    0.0016293621
  -0.0000000002   -0.0000000003    0.0014846853
   0.0000011187    0.0000000439    0.0014883639
  -0.0006303316   -0.0000184960    0.0028111588
  -0.0000000124    0.0000000007    0.0014847062
  -0.0000000440    0.0000010601    0.0014883692
   0.0036777261    0.0031760819    0.0032309567
   0.0000000000   -0.0000000000    0.0050364266
  -0.0000008435    0.0000008435    0.0050395146
  -0.0022993202    0.0022993202    0.0042693631
   0.0003958759   -0.0003958759    0.0068733030
   0.0000008145   -0.0000008145    0.0050388606
  -0.0000423935    0.0000423935    0.0049897371
   0.0000452237   -0.0000452237    0.0050893009
   0.0000000000   -0.0000000000    0.0050364265
   0.0017747973   -0.0017747973    0.0038583381
  -0.0000568218    0.0000568218    0.0051193670
   0.0000000000   -0.0000000000    0.0050364265
   0.0000070629   -0.0000070629    0.0051464978
  -0.0003818992    0.0003818992    0.0070591578
  -0.0000000000    0.0000000000    0.0050364265
  -0.0000069915    0.0000069915    0.0051536242
   0.0028283190   -0.0028283190   -0.0054565154
   0.0004079854    0.0003697864    0.0069662486
   0.0000000000    0.0000000000    0.0050364266
  -0.0000044479    0.0000018220    0.0050594313
  -0.0142784417   -0.0002060457    0.0015005562
   0.0000000000    0.0000000000    0.0050364266
   0.0000008267    0.0000008313    0.0050391872
  -0.0001684745    0.0003838631    0.0047914740
   0.0002180220   -0.0000918222    0.0053488105
   0.0000016982   -0.0000043672    0.0050564265
   0.0003859204    0.0001681245    0.0047707361
  -0.0000510691   -0.0000509860    0.0051043536
   0.0000000000   -0.0000000000    0.0050364265
   0.0002054482   -0.0120098287    0.0010671021
  -0.0000984213    0.0002516096    0.0054321020
  -0.0000000000   -0.0000000000    0.0050364265
  -0.0000070028   -0.0000070515    0.0051500611
  -0.0017918144   -0.0022828558    0.0040635629
   0.0001042743    0.0002419395    0.0054176733
  -0.0000000000   -0.0000000000    0.0050364265
  -0.0000044446   -0.0000018227    0.0050588936
   0.0002276997    0.0000859574    0.0053632817
   0.0000000000    0.0000000000    0.0050364265
   0.0000043705    0.0000016974    0.0050569634
  -0.0004770003   -0.0000341036    0.0043210114
   0.0000000000    0.0000000000    0.0050364265
   0.0000018227    0.0000044446    0.0050588936
   0.0022828558    0.0017918144    0.0040635629
  -0.0002419395   -0.0001042743    0.0054176733
  -0.0000016974   -0.0000043705    0.0050569634
   0.0000341036    0.0004770003    0.0043210114
  -0.0000859574   -0.0002276997    0.0053632817
  -0.0000000000   -0.0000000000    0.0050364265
  -0.0000008313   -0.0000008267    0.0050391872
  -0.0003838631    0.0001684745    0.0047914740
   0.0000918222   -0.0002180220    0.0053488105
   0.0000000000   -0.0000000000    0.0050364266
  -0.0001681245   -0.0003859204    0.0047707361
   0.0000509860    0.0000510691    0.0051043536
   0.0000000000   -0.0000000000    0.0050364265
   0.0000043672   -0.0000016982    0.0050564265
  -0.0002516096    0.0000984213    0.0054321020
   0.0000000000    0.0000000000    0.0050364265
   0.0000070515    0.0000070028    0.0051500611
   0.0120098287   -0.0002054482    0.0010671021
  -0.0000000000    0.0000000000    0.0050364266
  -0.0000018220    0.0000044479    0.0050594313
   0.0002060457    0.0142784417    0.0015005563
  -0.0003697864   -0.0004079854    0.0069662486
   0.0029130821   -0.0029130821   -0.0119909679
  -0.0000068926    0.0000068926   -0.0049211164
  -0.0000000000    0.0000000000   -0.0050364265
  -0.0003866956    0.0003866956   -0.0029864085
   0.0000069582   -0.0000069582   -0.0049280607
  -0.0000000000   -0.0000000000   -0.0050364265
  -0.0000575531    0.0000575531   -0.0049528518
   0.0017579526   -0.0017579526   -0.0062141668
   0.0000000000   -0.0000000000   -0.0050364265
   0.0000457333   -0.0000457333   -0.0049832038
  -0.0000422868    0.0000422868   -0.0050831322
   0.0000007956   -0.0000007956   -0.0050340287
   0.0004008716   -0.0004008716   -0.0031769333
  -0.0022773996    0.0022773996   -0.0057969225
  -0.0000008189    0.0000008189   -0.0050333931
   0.0000000000   -0.0000000000   -0.0050364265
  -0.0003742733   -0.0004132971   -0.0030816887
   0.0002043222    0.0141191071   -0.0085758309
  -0.0000017859    0.0000043671   -0.0050137845
  -0.0000000000   -0.0000000000   -0.0050364265
   0.0119124921   -0.0002049237   -0.0090222248
   0.0000069409    0.0000069099   -0.0049245886
  -0.0000000000    0.0000000000   -0.0050364265
  -0.0002548672    0.0000997701   -0.0046360728
   0.0000043060   -0.0000016666   -0.0050167036
   0.0000000000   -0.0000000000   -0.0050364265
   0.0000515998    0.0000516767   -0.0049680478
  -0.0001668355   -0.0003824783   -0.0053023878
   0.0000000000   -0.0000000000   -0.0050364265
   0.0000930731   -0.0002206978   -0.0047207225
  -0.0003802618    0.0001664904   -0.0052814664
  -0.0000008104   -0.0000008041   -0.0050337105
  -0.0000000000   -0.0000000000   -0.0050364265
  -0.0000871131   -0.0002305207   -0.0047061071
   0.0000340630    0.0004706592   -0.0057511740
  -0.0000016674   -0.0000043028   -0.0050161853
  -0.0002450364   -0.0001057420   -0.0046507315
   0.0022584854    0.0017764002   -0.0060052464
   0.0000017851    0.0000043703   -0.0050143020
   0.0000000000    0.0000000000   -0.0050364265
  -0.0004706592   -0.0000340630   -0.0057511740
   0.0000043028    0.0000016674   -0.0050161853
   0.0000000000    0.0000000000   -0.0050364265
   0.0002305207    0.0000871131   -0.0047061071
  -0.0000043703   -0.0000017851   -0.0050143020
   0.0000000000   -0.0000000000   -0.0050364265
   0.0001057420    0.0002450364   -0.0046507315
  -0.0017764002   -0.0022584854   -0.0060052464
  -0.0000069099   -0.0000069409   -0.0049245886
  -0.0000000000   -0.0000000000   -0.0050364265
  -0.0000997701    0.0002548672   -0.0046360728
   0.0002049237   -0.0119124921   -0.0090222248
   0.0000000000   -0.0000000000   -0.0050364265
  -0.0000516767   -0.0000515998   -0.0049680478
   0.0003824783    0.0001668355   -0.0053023878
   0.0000016666   -0.0000043060   -0.0050167036
   0.0002206978   -0.0000930731   -0.0047207225
  -0.0001664904    0.0003802618   -0.0052814664
   0.0000008041    0.0000008104   -0.0050337105
   0.0000000000   -0.0000000000   -0.0050364265
  -0.0141191071   -0.0002043222   -0.0085758309
  -0.0000043671    0.0000017859   -0.0050137845
   0.0000000000    0.0000000000   -0.0050364265
   0.0004132971    0.0003742733   -0.0030816887
  -0.0232660168    0.0006795495   -0.0093934893
  -0.0000001575   -0.0000037626   -0.0033526609
  -0.0000000000   -0.0000000000   -0.0033041581
   0.0004558764   -0.0000775254   -0.0036651695
  -0.0000114346    0.0000019297   -0.0033286845
   0.0000000000    0.0000000000   -0.0033041581
   0.0000033383   -0.0000142242   -0.0033264314
  -0.0005560198    0.0002912726   -0.0030827822
   0.0000000000    0.0000000000   -0.0033041581
  -0.0000851052    0.0000477646   -0.0033674748
   0.0002260672   -0.0000306587   -0.0032539334
   0.0000000216    0.0000002360   -0.0033049090
  -0.0000217180    0.0003697311   -0.0040306435
   0.0027768618   -0.0019186660   -0.0026911050
   0.0000022065   -0.0000015111   -0.0033097736
  -0.0000000000   -0.0000000000   -0.0033041581
   0.0004368129    0.0000836698   -0.0036466744
  -0.0030029801   -0.0017496690   -0.0025940166
   0.0000000092   -0.0000029268   -0.0033150294
  -0.0000000000    0.0000000000   -0.0033041581
  -0.0026346905    0.0000316397   -0.0027016830
  -0.0000115561   -0.0000018798   -0.0033294853
  -0.0000000000   -0.0000000000   -0.0033041581
   0.0000172177   -0.0000220047   -0.0034155176
   0.0000001781    0.0000005318   -0.0033098479
  -0.0000000000   -0.0000000000   -0.0033041581
  -0.0000993544   -0.0000539287   -0.0033807950
   0.0007965872    0.0003598281   -0.0031126246
  -0.0000000000    0.0000000000   -0.0033041581
  -0.0000039618    0.0000964474   -0.0034273821
   0.0004145214   -0.0000991960   -0.0031224727
   0.0000020309    0.0000014570   -0.0033092071
   0.0000000000    0.0000000000   -0.0033041581
   0.0000856441    0.0000524306   -0.0033744174
  -0.0004755662   -0.0000992285   -0.0031215013
   0.0000000093    0.0000027563   -0.0033138588
   0.0000172096    0.0000235924   -0.0034109878
  -0.0007244147   -0.0002837732   -0.0031093268
  -0.0000022410   -0.0000014585   -0.0033094804
  -0.0000000000   -0.0000000000   -0.0033041581
   0.0035423086    0.0000315601   -0.0027561921
   0.0000001782   -0.0000005299   -0.0033099446
   0.0000000000   -0.0000000000   -0.0033041581
  -0.0004493684   -0.0000699163   -0.0036349253
   0.0000113936    0.0000020320   -0.0033301996
  -0.0000000000   -0.0000000000   -0.0033041581
  -0.0000039696   -0.0001093713   -0.0034503572
   0.0021881186    0.0016583842   -0.0025450656
  -0.0000001573    0.0000038961   -0.0033511963
   0.0000000000    0.0000000000   -0.0033041581
   0.0000998943   -0.0000586014   -0.0033877530
  -0.0024144464    0.0014885406   -0.0024471673
  -0.0000000000    0.0000000000   -0.0033041581
   0.0000033314    0.0000127407   -0.0033220227
  -0.0001692894   -0.0000307026   -0.0032464905
  -0.0000020655    0.0000014044   -0.0033089134
  -0.0004303056    0.0000760573   -0.0036164434
   0.0009644048   -0.0003523427   -0.0031390255
   0.0000000216   -0.0000002397   -0.0033050132
   0.0000000000   -0.0000000000   -0.0033041581
   0.0267634546    0.0006762524   -0.0143804026
   0.0000115153   -0.0000019822   -0.0033310000
  -0.0000000000   -0.0000000000   -0.0033041581
  -0.0000217270   -0.0003545391   -0.0040622872
   0.0001747330   -0.0001747330   -0.0286095437
   0.0000003718   -0.0000003718   -0.0028929074
   0.0000000139   -0.0000000139   -0.0028897510
   0.0007374421   -0.0007374421   -0.0059362835
  -0.0000003557    0.0000003557   -0.0028932105
   0.0000000000   -0.0000000000   -0.0028897173
   0.0000761819   -0.0000761819   -0.0030412985
  -0.0006636350    0.0006636350   -0.0028775889
  -0.0000000162    0.0000000162   -0.0028897663
  -0.0000555415    0.0000555415   -0.0029839672
   0.0000144294   -0.0000144294   -0.0029069079
  -0.0000000038    0.0000000038   -0.0028897082
  -0.0007566590    0.0007566590   -0.0056540589
   0.0007989542   -0.0007989542   -0.0031091166
  -0.0000000147    0.0000000147   -0.0028896722
   0.0000000023   -0.0000000023   -0.0028899535
   0.0007229735    0.0007711428   -0.0057951957
  -0.0000629003   -0.0026047336   -0.0040805558
   0.0000000773   -0.0000001954   -0.0028901067
   0.0000000322   -0.0000000014   -0.0028898186
  -0.0023632997    0.0000629602   -0.0035739300
  -0.0000003302   -0.0000003973   -0.0028930589
  -0.0000000003   -0.0000000004   -0.0028897146
   0.0002487072   -0.0001474776   -0.0035131052
  -0.0000002597    0.0000000704   -0.0028902164
  -0.0000000009    0.0000000003   -0.0028897174
  -0.0000643682   -0.0000673389   -0.0030126017
   0.0000437233    0.0001670498   -0.0029215041
   0.0000000014    0.0000000340   -0.0028898309
  -0.0001391063    0.0001993035   -0.0033753214
   0.0001676589   -0.0000436459   -0.0029482785
  -0.0000000073   -0.0000000037   -0.0028896902
   0.0000000151    0.0000000150   -0.0028897586
   0.0001268286    0.0002115118   -0.0034036772
  -0.0000108715   -0.0001057482   -0.0030144428
   0.0000000816    0.0000002355   -0.0028901535
   0.0002364855    0.0001597735   -0.0034846854
  -0.0007757126   -0.0006869054   -0.0029934870
  -0.0000000661   -0.0000002196   -0.0028901695
  -0.0000000006   -0.0000000005   -0.0028897217
   0.0001057482    0.0000108715   -0.0030144428
  -0.0000002355   -0.0000000816   -0.0028901535
  -0.0000000150   -0.0000000151   -0.0028897586
  -0.0002115118   -0.0001268286   -0.0034036772
   0.0000002196    0.0000000661   -0.0028901695
   0.0000000005    0.0000000006   -0.0028897217
  -0.0001597735   -0.0002364855   -0.0034846854
   0.0006869054    0.0007757126   -0.0029934870
   0.0000003973    0.0000003302   -0.0028930589
   0.0000000004    0.0000000003   -0.0028897146
   0.0001474776   -0.0002487072   -0.0035131052
  -0.0000629602    0.0023632997   -0.0035739300
  -0.0000000003    0.0000000009   -0.0028897174
   0.0000673389    0.0000643682   -0.0030126017
  -0.0001670498   -0.0000437233   -0.0029215041
  -0.0000000704    0.0000002597   -0.0028902164
  -0.0001993035    0.0001391063   -0.0033753214
   0.0000436459   -0.0001676589   -0.0029482785
   0.0000000037    0.0000000073   -0.0028896902
  -0.0000000340   -0.0000000014   -0.0028898309
   0.0026047336    0.0000629003   -0.0040805558
   0.0000001954   -0.0000000773   -0.0028901067
   0.0000000014   -0.0000000322   -0.0028898186
  -0.0007711428   -0.0007229735   -0.0057951957
  -0.0099729377    0.0099729377    0.1571821205
   0.0000371623   -0.0000371623   -0.0004741371
   0.0000000000   -0.0000000000   -0.0000000000
   0.0000378418   -0.0000378418   -0.0004811357
  -0.0000387637    0.0000387637   -0.0004450766
   0.0000000000   -0.0000000000   -0.0000000000
   0.0000064316   -0.0000064316   -0.0000172430
   0.0002776538   -0.0002776538    0.0019324432
   0.0000000000   -0.0000000000   -0.0000000000
  -0.0000053690    0.0000053690   -0.0000127200
   0.0000207706   -0.0000207706    0.0001161396
  -0.0000052934    0.0000052934   -0.0000125842
  -0.0000394772    0.0000394772   -0.0004514629
   0.0002852323   -0.0002852323    0.0019297345
   0.0000063325   -0.0000063325   -0.0000170411
   0.0000000000   -0.0000000000   -0.0000000000
   0.0000363981    0.0000409216   -0.0004662973
  -0.0001391772   -0.0002613360    0.0072945450
   0.0000076607   -0.0000349269   -0.0000968741
   0.0000000000   -0.0000000000   -0.0000000000
   0.0002885504    0.0001397948    0.0073118122
  -0.0000401812   -0.0000357441   -0.0004596088
   0.0000000000   -0.0000000000   -0.0000000000
   0.0000354398   -0.0000077801   -0.0000982570
  -0.0000305787    0.0000067053   -0.0000816098
   0.0000000000    0.0000000000   -0.0000000000
  -0.0000060229   -0.0000057770   -0.0000149797
   0.0000502962    0.0000047884    0.0005170920
  -0.0000000000    0.0000000000   -0.0000000000
  -0.0000068076    0.0000310077   -0.0000826832
  -0.0000060123   -0.0000502217    0.0005168426
   0.0000056921    0.0000059344   -0.0000148144
   0.0000000000   -0.0000000000   -0.0000000000
   0.0000064017    0.0000323837   -0.0000854825
  -0.0000124201   -0.0001344103    0.0014050941
   0.0000063078    0.0000319337   -0.0000843588
   0.0000340629    0.0000081866   -0.0000954535
  -0.0000605130    0.0000510352    0.0019310919
  -0.0000080577   -0.0000335728   -0.0000941293
   0.0000000000   -0.0000000000   -0.0000000000
   0.0001344103    0.0000124201    0.0014050941
  -0.0000319337   -0.0000063078   -0.0000843588
   0.0000000000   -0.0000000000   -0.0000000000
  -0.0000323837   -0.0000064017   -0.0000854825
   0.0000335728    0.0000080577   -0.0000941293
  -0.0000000000   -0.0000000000   -0.0000000000
  -0.0000081866   -0.0000340629   -0.0000954535
  -0.0000510352    0.0000605130    0.0019310919
   0.0000357441    0.0000401812   -0.0004596088
  -0.0000000000    0.0000000000   -0.0000000000
   0.0000077801   -0.0000354398   -0.0000982570
  -0.0001397948   -0.0002885504    0.0073118122
  -0.0000000000    0.0000000000   -0.0000000000
   0.0000057770    0.0000060229   -0.0000149797
  -0.0000047884   -0.0000502962    0.0005170920
  -0.0000067053    0.0000305787   -0.0000816098
  -0.0000310077    0.0000068076   -0.0000826832
   0.0000502217    0.0000060123    0.0005168426
  -0.0000059344   -0.0000056921   -0.0000148144
   0.0000000000   -0.0000000000   -0.0000000000
   0.0002613360    0.0001391772    0.0072945450
   0.0000349269   -0.0000076607   -0.0000968741
  -0.0000000000   -0.0000000000   -0.0000000000
  -0.0000409216   -0.0000363981   -0.0004662973
  -0.0003628337    0.0000212609    0.0025878706
   0.0000000000    0.0000000000    0.0033041581
   0.0000015416   -0.0000022533    0.0032984519
   0.0019378480   -0.0028187404    0.0039235243
  -0.0000000000   -0.0000000000    0.0033041581
  -0.0000002423   -0.0000000231    0.0033033941
   0.0000309188   -0.0002280620    0.0033543523
  -0.0000472621    0.0000840555    0.0032414017
  -0.0000019630    0.0000116346    0.0032792585
  -0.0002942714    0.0005636867    0.0035247373
   0.0000140495   -0.0000032872    0.0032820329
  -0.0000000000    0.0000000000    0.0033041581
  -0.0006954384    0.0235072514   -0.0026885225
   0.0000765132   -0.0004499596    0.0029471251
   0.0000000000    0.0000000000    0.0033041581
   0.0000038369    0.0000001690    0.0032548760
   0.0017652780    0.0030450121    0.0040213476
  -0.0000825496   -0.0004313081    0.0029652856
   0.0000000000    0.0000000000    0.0033041581
   0.0000029745   -0.0000000069    0.0032931228
  -0.0000953983    0.0000039027    0.0031819506
  -0.0000000000    0.0000000000    0.0033041581
  -0.0000014840   -0.0000020690    0.0032990320
   0.0001007012   -0.0004196832    0.0034855353
   0.0000000000   -0.0000000000    0.0033041581
  -0.0000005429   -0.0000001880    0.0032983782
  -0.0003640086   -0.0008059049    0.0034954709
   0.0000533175    0.0000980249    0.0032282731
   0.0000019100    0.0000117654    0.0032784391
  -0.0000319013    0.0026670655    0.0039037577
   0.0000217421   -0.0000168871    0.0031940452
   0.0000000000    0.0000000000    0.0033041581
   0.0000014863    0.0000022873    0.0032987531
   0.0002867109    0.0007334114    0.0034987128
  -0.0000233062   -0.0000168950    0.0031985065
   0.0000000000    0.0000000000    0.0033041581
   0.0001006679    0.0004810144    0.0034865832
  -0.0000518496   -0.0000845676    0.0032345286
  -0.0000000000    0.0000000000    0.0033041581
  -0.0000027964   -0.0000000069    0.0032943198
   0.0001080630    0.0000038950    0.0031593447
   0.0000000000   -0.0000000000    0.0033041581
  -0.0000020686   -0.0000115949    0.0032777111
  -0.0016719691   -0.0022169782    0.0040695005
   0.0000000000   -0.0000000000    0.0033041581
   0.0000005403   -0.0000001879    0.0032982769
  -0.0000319815   -0.0035927474    0.0038506123
   0.0000690796    0.0004436458    0.0029768240
   0.0000000000   -0.0000000000    0.0033041581
   0.0000002468   -0.0000000232    0.0033032866
   0.0003564345   -0.0009762123    0.0034693033
  -0.0000751194    0.0004249933    0.0029949977
  -0.0000014286    0.0000021029    0.0032993328
   0.0000308742    0.0001711163    0.0033617327
  -0.0000125897   -0.0000032939    0.0032864011
  -0.0000000000    0.0000000000    0.0033041581
  -0.0015002259    0.0024430345    0.0041665179
   0.0000578987   -0.0000985360    0.0032214149
  -0.0000000000    0.0000000000    0.0033041581
  -0.0000039762    0.0000001692    0.0032563714
   0.0003479943    0.0000212518    0.0025568491
   0.0000000000    0.0000000000    0.0033041581
   0.0000020156   -0.0000117255    0.0032768914
  -0.0006988582   -0.0271771191   -0.0078303676
  -0.0000212518   -0.0003479943    0.0025568491
  -0.0000000000   -0.0000000000    0.0033041581
   0.0000117255   -0.0000020156    0.0032768914
   0.0271771191    0.0006988582   -0.0078303676
   0.0000000000   -0.0000000000    0.0033041581
   0.0000000232   -0.0000002468    0.0033032866
   0.0009762123   -0.0003564345    0.0034693033
  -0.0004249933    0.0000751194    0.0029949977
  -0.0000021029    0.0000014286    0.0032993328
  -0.0001711163   -0.0000308742    0.0033617327
   0.0000032939    0.0000125897    0.0032864011
   0.0000000000    0.0000000000    0.0033041581
  -0.0024430345    0.0015002259    0.0041665179
   0.0000985360   -0.0000578987    0.0032214149
  -0.0000000000    0.0000000000    0.0033041581
  -0.0000001692    0.0000039762    0.0032563714
   0.0022169782    0.0016719691    0.0040695005
  -0.0000038950   -0.0001080630    0.0031593447
   0.0000000000   -0.0000000000    0.0033041581
   0.0000115949    0.0000020686    0.0032777111
  -0.0004436458   -0.0000690796    0.0029768240
   0.0000000000   -0.0000000000    0.0033041581
   0.0000001879   -0.0000005403    0.0032982769
   0.0035927474    0.0000319815    0.0038506123
  -0.0000000000   -0.0000000000    0.0033041581
  -0.0000022873   -0.0000014863    0.0032987531
  -0.0007334114   -0.0002867109    0.0034987128
   0.0000168950    0.0000233062    0.0031985065
   0.0000000069    0.0000027964    0.0032943198
  -0.0004810144   -0.0001006679    0.0034865832
   0.0000845676    0.0000518496    0.0032345286
   0.0000000000    0.0000000000    0.0033041581
   0.0000020690    0.0000014840    0.0032990320
   0.0004196832   -0.0001007012    0.0034855353
  -0.0000039027    0.0000953983    0.0031819506
  -0.0000000000    0.0000000000    0.0033041581
   0.0008059049    0.0003640086    0.0034954709
  -0.0000980249   -0.0000533175    0.0032282731
  -0.0000000000   -0.0000000000    0.0033041581
   0.0000001880    0.0000005429    0.0032983782
   0.0000168871   -0.0000217421    0.0031940452
   0.0000000000   -0.0000000000    0.0033041581
  -0.0000117654   -0.0000019100    0.0032784391
  -0.0026670655    0.0000319013    0.0039037577
   0.0000000000   -0.0000000000    0.0033041581
   0.0000000069   -0.0000029745    0.0032931228
  -0.0030450121   -0.0017652780    0.0040213476
   0.0004313081    0.0000825496    0.0029652856
  -0.0000000000   -0.0000000000    0.0033041581
   0.0000022533   -0.0000015416    0.0032984519
   0.0028187404   -0.0019378480    0.0039235243
  -0.0000212609    0.0003628337    0.0025878706
   0.0000000231    0.0000002423    0.0033033941
   0.0002280620   -0.0000309188    0.0033543523
  -0.0000840555    0.0000472621    0.0032414017
   0.0000000000    0.0000000000    0.0033041581
  -0.0005636867    0.0002942714    0.0035247373
   0.0000032872   -0.0000140495    0.0032820329
  -0.0000000000    0.0000000000    0.0033041581
  -0.0000116346    0.0000019630    0.0032792585
   0.0004499596   -0.0000765132    0.0029471251
   0.0000000000   -0.0000000000    0.0033041581
  -0.0000001690   -0.0000038369    0.0032548760
  -0.0235072514    0.0006954384   -0.0026885225
  -0.0006762524   -0.0267634546   -0.0143804026
   0.0000019822   -0.0000115153   -0.0033310000
   0.0000000000    0.0000000000   -0.0033041581
   0.0003545391    0.0000217270   -0.0040622872
  -0.0000038961    0.0000001573   -0.0033511963
   0.0000000000    0.0000000000   -0.0033041581
   0.0000586014   -0.0000998943   -0.0033877530
  -0.0014885406    0.0024144464   -0.0024471673
  -0.0000000000    0.0000000000   -0.0033041581
  -0.0000127407   -0.0000033314   -0.0033220227
   0.0000307026    0.0001692894   -0.0032464905
  -0.0000014044    0.0000020655   -0.0033089134
  -0.0000760573    0.0004303056   -0.0036164434
   0.0003523427   -0.0009644048   -0.0031390255
   0.0000002397   -0.0000000216   -0.0033050132
   0.0000000000   -0.0000000000   -0.0033041581
   0.0000699163    0.0004493684   -0.0036349253
  -0.0000315601   -0.0035423086   -0.0027561921
   0.0000005299   -0.0000001782   -0.0033099446
   0.0000000000   -0.0000000000   -0.0033041581
  -0.0016583842   -0.0021881186   -0.0025450656
  -0.0000020320   -0.0000113936   -0.0033301996
   0.0000000000   -0.0000000000   -0.0033041581
   0.0001093713    0.0000039696   -0.0034503572
  -0.0000027563   -0.0000000093   -0.0033138588
  -0.0000000000   -0.0000000000   -0.0033041581
  -0.0000524306   -0.0000856441   -0.0033744174
   0.0000992285    0.0004755662   -0.0031215013
   0.0000000000    0.0000000000   -0.0033041581
  -0.0000235924   -0.0000172096   -0.0034109878
   0.0002837732    0.0007244147   -0.0031093268
   0.0000014585    0.0000022410   -0.0033094804
   0.0000000000    0.0000000000   -0.0033041581
   0.0000220047   -0.0000172177   -0.0034155176
  -0.0000316397    0.0026346905   -0.0027016830
   0.0000018798    0.0000115561   -0.0033294853
   0.0000539287    0.0000993544   -0.0033807950
  -0.0003598281   -0.0007965872   -0.0031126246
  -0.0000005318   -0.0000001781   -0.0033098479
   0.0000000000    0.0000000000   -0.0033041581
   0.0000991960   -0.0004145214   -0.0031224727
  -0.0000014570   -0.0000020309   -0.0033092071
  -0.0000000000    0.0000000000   -0.0033041581
  -0.0000964474    0.0000039618   -0.0034273821
   0.0000029268   -0.0000000092   -0.0033150294
   0.0000000000    0.0000000000   -0.0033041581
  -0.0000836698   -0.0004368129   -0.0036466744
   0.0017496690    0.0030029801   -0.0025940166
   0.0000037626    0.0000001575   -0.0033526609
   0.0000000000    0.0000000000   -0.0033041581
   0.0000775254   -0.0004558764   -0.0036651695
  -0.0006795495    0.0232660168   -0.0093934893
   0.0000000000    0.0000000000   -0.0033041581
   0.0000142242   -0.0000033383   -0.0033264314
  -0.0002912726    0.0005560198   -0.0030827822
  -0.0000019297    0.0000114346   -0.0033286845
  -0.0000477646    0.0000851052   -0.0033674748
   0.0000306587   -0.0002260672   -0.0032539334
  -0.0000002360   -0.0000000216   -0.0033049090
  -0.0000000000   -0.0000000000   -0.0033041581
   0.0019186660   -0.0027768618   -0.0026911050
   0.0000015111   -0.0000022065   -0.0033097736
   0.0000000000    0.0000000000   -0.0033041581
  -0.0003697311    0.0000217180   -0.0040306435
   0.0000000023   -0.0000000023    0.0028894877
  -0.0000000130    0.0000000130    0.0028897587
   0.0008093302   -0.0008093302    0.0026659686
  -0.0007447832    0.0007447832    0.0001566976
  -0.0000000049    0.0000000049    0.0028897240
   0.0000145403   -0.0000145403    0.0028724203
  -0.0000550255    0.0000550255    0.0027960451
  -0.0000000158    0.0000000158    0.0028896698
  -0.0006718381    0.0006718381    0.0028982078
   0.0000753849   -0.0000753849    0.0027392091
  -0.0000000000    0.0000000000    0.0028897173
  -0.0000003635    0.0000003635    0.0028861400
   0.0007260984   -0.0007260984   -0.0001201876
   0.0000000135   -0.0000000135    0.0028896855
   0.0000003791   -0.0000003791    0.0028864326
   0.0001933874   -0.0001933874   -0.0234072997
  -0.0007591035   -0.0007117637    0.0000182775
   0.0000000015   -0.0000000314    0.0028896195
   0.0000002031   -0.0000000800    0.0028893045
   0.0026334015    0.0000635939    0.0016764784
  -0.0000000332   -0.0000000015    0.0028896069
   0.0000000021    0.0000000060    0.0028897413
   0.0000442532   -0.0001693622    0.0028306929
  -0.0001976049    0.0001379898    0.0024081284
  -0.0000000727    0.0000002660    0.0028892003
  -0.0001687580   -0.0000441748    0.0028574255
   0.0000666977    0.0000637285    0.0027675967
  -0.0000000003    0.0000000008    0.0028897175
  -0.0000635372    0.0023843918    0.0021940857
   0.0001460960   -0.0002461737    0.0022724922
   0.0000000003    0.0000000003    0.0028897203
   0.0000004041    0.0000003385    0.0028862863
   0.0006954521    0.0007856892    0.0027822274
  -0.0001582391   -0.0002342179    0.0023005275
   0.0000000005    0.0000000006    0.0028897136
   0.0000002269    0.0000000689    0.0028892424
  -0.0002095737   -0.0001258282    0.0023800296
  -0.0000000146   -0.0000000147    0.0028896776
  -0.0000002422   -0.0000000838    0.0028892623
   0.0001073913    0.0000108694    0.0027637135
  -0.0000000006   -0.0000000005    0.0028897136
  -0.0000000689   -0.0000002269    0.0028892424
  -0.0007856892   -0.0006954521    0.0027822274
   0.0002342179    0.0001582391    0.0023005275
   0.0000000838    0.0000002422    0.0028892623
  -0.0000108694   -0.0001073913    0.0027637135
   0.0001258282    0.0002095737    0.0023800296
   0.0000000147    0.0000000146    0.0028896776
  -0.0000000060   -0.0000000021    0.0028897413
   0.0001693622   -0.0000442532    0.0028306929
  -0.0001379898    0.0001976049    0.0024081284
   0.0000000015    0.0000000332    0.0028896069
   0.0000441748    0.0001687580    0.0028574255
  -0.0000637285   -0.0000666977    0.0027675967
  -0.0000000008    0.0000000003    0.0028897175
  -0.0000002660    0.0000000727    0.0028892003
   0.0002461737   -0.0001460960    0.0022724922
  -0.0000000003   -0.0000000003    0.0028897203
  -0.0000003385   -0.0000004041    0.0028862863
  -0.0023843918    0.0000635372    0.0021940857
   0.0000000314   -0.0000000015    0.0028896195
   0.0000000800   -0.0000002031    0.0028893045
  -0.0000635939   -0.0026334015    0.0016764784
   0.0007117637    0.0007591035    0.0000182775
