320  
8    

1    
  0.0070323410350583   0.0000000000000000   0.0071095836422843
  -0.0563070098    0.0000000000   -0.0593326215
   0.0078869354    0.0000000000   -0.0064024462
   0.0006217048    0.0000000000   -0.0044380096
   0.0078704566    0.0000000000   -0.0063704630
  -0.0022465500   -0.0000276133   -0.0063857786
   0.0005233230    0.0006999442   -0.0046523073
   0.0004065723   -0.0000130766   -0.0043418411
   0.0006809164   -0.0008569259   -0.0048022024
  -0.0003089582    0.0000000000   -0.0044379313
   0.0000558904    0.0000000000   -0.0043294080
   0.0001666174    0.0000000000   -0.0042084400
   0.0000832953    0.0000000000   -0.0043542704
  -0.0022465500    0.0000276133   -0.0063857786
   0.0005233230   -0.0006999442   -0.0046523073
   0.0004065723    0.0000130766   -0.0043418411
   0.0006809164    0.0008569259   -0.0048022024
  -0.0021280154    0.0000000000    0.0035069573
   0.0014177991    0.0000000000   -0.0027663545
   0.0003983120    0.0000000000   -0.0040459974
  -0.0002283668    0.0000000000   -0.0042352003
  -0.0005752444    0.0008255714   -0.0034986733
   0.0003728062    0.0004347254   -0.0037833216
   0.0002458633    0.0000890434   -0.0040633012
  -0.0000908556    0.0000291459   -0.0041534764
  -0.0002121783    0.0000000000   -0.0040463928
   0.0001405781    0.0000000000   -0.0039722078
   0.0001079541    0.0000000000   -0.0040937540
  -0.0000366888    0.0000000000   -0.0041548778
  -0.0005752444   -0.0008255714   -0.0034986733
   0.0003728062   -0.0004347254   -0.0037833216
   0.0002458633   -0.0000890434   -0.0040633012
  -0.0000908556   -0.0000291459   -0.0041534764
  -0.0002999531    0.0000000000   -0.0035056912
   0.0000776528    0.0000000000   -0.0037298972
   0.0001575106    0.0000000000   -0.0039595297
   0.0000605669    0.0000000000   -0.0037136212
  -0.0002095504    0.0000087898   -0.0037217871
   0.0000580186    0.0000931910   -0.0038774995
   0.0001036009    0.0000022939   -0.0040141167
   0.0000478989   -0.0000827778   -0.0038678345
  -0.0000798585    0.0000000000   -0.0039595587
   0.0000250393    0.0000000000   -0.0040159625
   0.0000317677    0.0000000000   -0.0040875221
   0.0000208303    0.0000000000   -0.0040123050
  -0.0002095504   -0.0000087898   -0.0037217871
   0.0000580186   -0.0000931910   -0.0038774995
   0.0001036009   -0.0000022939   -0.0040141167
   0.0000478989    0.0000827778   -0.0038678345
  -0.0020922992    0.0000000000    0.0034815773
  -0.0001511697    0.0000000000   -0.0043111905
   0.0003968792    0.0000000000   -0.0040451323
   0.0013637206    0.0000000000   -0.0026518656
  -0.0005750582   -0.0007536296   -0.0034852326
  -0.0000478988    0.0000143956   -0.0041958480
   0.0002450944   -0.0000923709   -0.0040628348
   0.0003294367   -0.0003918468   -0.0037346124
  -0.0002114757    0.0000000000   -0.0040447831
  -0.0000408926    0.0000000000   -0.0041506788
   0.0001074742    0.0000000000   -0.0040938009
   0.0001445443    0.0000000000   -0.0039745654
  -0.0005750582    0.0007536296   -0.0034852326
  -0.0000478988   -0.0000143956   -0.0041958480
   0.0002450944    0.0000923709   -0.0040628348
   0.0003294367    0.0003918468   -0.0037346124
  -0.0075307726   -0.0002253554   -0.0070755647
   0.0097233001   -0.0170800182    0.0079517096
   0.0022388815   -0.0005171051   -0.0014186354
   0.0005599283    0.0001922755   -0.0021719405
  -0.0075307726    0.0002253554   -0.0070755647
   0.0097233001    0.0170800182    0.0079517096
   0.0022388815    0.0005171051   -0.0014186354
   0.0005599283   -0.0001922755   -0.0021719405
  -0.0004725509    0.0001079919   -0.0019582992
  -0.0001497349    0.0015738589   -0.0016342324
   0.0005000016    0.0004445821   -0.0015421194
   0.0001422377   -0.0000851980   -0.0017009367
  -0.0004725509   -0.0001079919   -0.0019582992
  -0.0001497349   -0.0015738589   -0.0016342324
   0.0005000016   -0.0004445821   -0.0015421194
   0.0001422377    0.0000851980   -0.0017009367
  -0.0006553048   -0.0002040223   -0.0008889318
   0.0000398561   -0.0004907614    0.0005290611
   0.0005821122   -0.0001506430   -0.0009904035
   0.0000515094    0.0000007873   -0.0014534240
  -0.0006553048    0.0002040223   -0.0008889318
   0.0000398561    0.0004907614    0.0005290611
   0.0005821122    0.0001506430   -0.0009904035
   0.0000515094   -0.0000007873   -0.0014534240
  -0.0001675604    0.0000925853   -0.0013744180
  -0.0000183270    0.0004391151   -0.0010699516
   0.0001807351    0.0001719393   -0.0013515175
   0.0000088026    0.0000005797   -0.0015090707
  -0.0001675604   -0.0000925853   -0.0013744180
  -0.0000183270   -0.0004391151   -0.0010699516
   0.0001807351   -0.0001719393   -0.0013515175
   0.0000088026   -0.0000005797   -0.0015090707
   0.0000230585    0.0005262985    0.0007533337
  -0.0006874428    0.0001844147   -0.0008128225
   0.0000562737    0.0000038944   -0.0014671517
   0.0006174688    0.0001634391   -0.0008935218
   0.0000230585   -0.0005262985    0.0007533337
  -0.0006874428   -0.0001844147   -0.0008128225
   0.0000562737   -0.0000038944   -0.0014671517
   0.0006174688   -0.0001634391   -0.0008935218
  -0.0000175726   -0.0004590204   -0.0009880845
  -0.0001854810   -0.0001011899   -0.0013721771
   0.0000113354   -0.0000037862   -0.0015145902
   0.0001955894   -0.0001799539   -0.0013247482
  -0.0000175726    0.0004590204   -0.0009880845
  -0.0001854810    0.0001011899   -0.0013721771
   0.0000113354    0.0000037862   -0.0015145902
   0.0001955894    0.0001799539   -0.0013247482
   0.0103921303    0.0175527046    0.0096146627
  -0.0073326436    0.0001206221   -0.0099119551
   0.0007475285   -0.0002002184   -0.0022002970
   0.0024976498    0.0005344686   -0.0015698360
   0.0103921303   -0.0175527046    0.0096146627
  -0.0073326436   -0.0001206221   -0.0099119551
   0.0007475285    0.0002002184   -0.0022002970
   0.0024976498   -0.0005344686   -0.0015698360
  -0.0001760154   -0.0017993380   -0.0017529940
  -0.0005121127    0.0000530869   -0.0020145378
   0.0001503799    0.0000845456   -0.0017054008
   0.0005440879   -0.0004767256   -0.0015521768
  -0.0001760154    0.0017993380   -0.0017529940
  -0.0005121127   -0.0000530869   -0.0020145378
   0.0001503799   -0.0000845456   -0.0017054008
   0.0005440879    0.0004767256   -0.0015521768
   0.0026698304   -0.0000000000    0.0040154620
   0.0020130687   -0.0000000000    0.0037350285
  -0.0006324749    0.0000000000    0.0014934535
  -0.0003383671    0.0000000000    0.0020063914
   0.0007492075   -0.0002910322    0.0022887274
  -0.0002042241   -0.0031612880    0.0016305858
  -0.0003764184   -0.0006272386    0.0015927047
  -0.0001705742    0.0000993328    0.0017666388
   0.0001269160    0.0000000000    0.0017148972
   0.0000653854    0.0000000000    0.0016876837
  -0.0001365592    0.0000000000    0.0015935753
  -0.0000559693    0.0000000000    0.0016359028
   0.0007492075    0.0002910322    0.0022887274
  -0.0002042241    0.0031612880    0.0016305858
  -0.0003764184    0.0006272386    0.0015927047
  -0.0001705742   -0.0000993328    0.0017666388
   0.0004184203    0.0000000000    0.0012225286
  -0.0000581966   -0.0000000000    0.0009229754
  -0.0003393144   -0.0000000000    0.0012434111
  -0.0000502758    0.0000000000    0.0015260093
   0.0001783213   -0.0001150850    0.0014143327
  -0.0000053827   -0.0006141236    0.0011895278
  -0.0001611747   -0.0002028344    0.0014170553
  -0.0000234100   -0.0000029896    0.0015481054
   0.0000574060    0.0000000000    0.0015278422
   0.0000009477    0.0000000000    0.0014536852
  -0.0000565430    0.0000000000    0.0015232678
  -0.0000011258    0.0000000000    0.0015740608
   0.0001783213    0.0001150850    0.0014143327
  -0.0000053827    0.0006141236    0.0011895278
  -0.0001611747    0.0002028344    0.0014170553
  -0.0000234100    0.0000029896    0.0015481054
  -0.0000320482    0.0000000000    0.0009938628
   0.0003599955   -0.0000000000    0.0012518862
  -0.0000481775   -0.0000000000    0.0015143741
  -0.0003033281   -0.0000000000    0.0012633192
   0.0000071710    0.0006633638    0.0011916446
   0.0001599521    0.0001327040    0.0014038121
  -0.0000262464    0.0000019876    0.0015453270
  -0.0001433317    0.0002161592    0.0014276829
   0.0000022493    0.0000000000    0.0014168524
   0.0000543421    0.0000000000    0.0015160352
  -0.0000017758    0.0000000000    0.0015724452
  -0.0000540808    0.0000000000    0.0015150452
   0.0000071710   -0.0006633638    0.0011916446
   0.0001599521   -0.0001327040    0.0014038121
  -0.0000262464   -0.0000019876    0.0015453270
  -0.0001433317   -0.0002161592    0.0014276829
  -0.0004591049   -0.0000000000    0.0007466333
   0.0024953799    0.0000000000    0.0041093961
  -0.0003327417   -0.0000000000    0.0019444367
  -0.0006607031    0.0000000000    0.0015550627
  -0.0001164387    0.0035858964    0.0012484400
   0.0007141757   -0.0001938700    0.0022751604
  -0.0001532893   -0.0001203204    0.0017272200
  -0.0004051773    0.0006824531    0.0015683807
   0.0000583263    0.0000000000    0.0015850544
   0.0001373394    0.0000000000    0.0017014872
  -0.0000471557    0.0000000000    0.0016316922
  -0.0001468957    0.0000000000    0.0015628057
  -0.0001164387   -0.0035858964    0.0012484400
   0.0007141757    0.0001938700    0.0022751604
  -0.0001532893    0.0001203204    0.0017272200
  -0.0004051773   -0.0006824531    0.0015683807
   0.0061820417    0.0003785993    0.0038308367
  -0.0030424234    0.0011092301    0.0013841650
  -0.0010016784    0.0000310299    0.0017010411
   0.0004084203   -0.0001526849    0.0025344535
   0.0061820417   -0.0003785993    0.0038308367
  -0.0030424234   -0.0011092301    0.0013841650
  -0.0010016784   -0.0000310299    0.0017010411
   0.0004084203    0.0001526849    0.0025344535
   0.0006067644   -0.0001470798    0.0017508130
  -0.0004166871   -0.0002636873    0.0015956165
  -0.0002901021   -0.0000406033    0.0016146746
   0.0001098078    0.0000570917    0.0017639586
   0.0006067644    0.0001470798    0.0017508130
  -0.0004166871    0.0002636873    0.0015956165
  -0.0002901021    0.0000406033    0.0016146746
   0.0001098078   -0.0000570917    0.0017639586
   0.0005986156    0.0002380550    0.0010729510
  -0.0005285505    0.0001659954    0.0011251899
  -0.0002752316    0.0000283632    0.0014905723
   0.0001999284    0.0000177035    0.0014788429
   0.0005986156   -0.0002380550    0.0010729510
  -0.0005285505   -0.0001659954    0.0011251899
  -0.0002752316   -0.0000283632    0.0014905723
   0.0001999284   -0.0000177035    0.0014788429
   0.0001733010   -0.0001445999    0.0013849844
  -0.0001505039   -0.0001350365    0.0014145114
  -0.0000762220   -0.0000278409    0.0015486182
   0.0000547753   -0.0000030710    0.0015507496
   0.0001733010    0.0001445999    0.0013849844
  -0.0001505039    0.0001350365    0.0014145114
  -0.0000762220    0.0000278409    0.0015486182
   0.0000547753    0.0000030710    0.0015507496
   0.0006572587   -0.0001962860    0.0011227383
   0.0002266999   -0.0000125458    0.0014415619
  -0.0002976712   -0.0000259424    0.0014665746
  -0.0005700667   -0.0001403309    0.0011536739
   0.0006572587    0.0001962860    0.0011227383
   0.0002266999    0.0000125458    0.0014415619
  -0.0002976712    0.0000259424    0.0014665746
  -0.0005700667    0.0001403309    0.0011536739
   0.0001854283    0.0001275174    0.0013886442
   0.0000592138    0.0000004612    0.0015432691
  -0.0000814147    0.0000260455    0.0015437655
  -0.0001594576    0.0001163689    0.0014296441
   0.0001854283   -0.0001275174    0.0013886442
   0.0000592138   -0.0000004612    0.0015432691
  -0.0000814147   -0.0000260455    0.0015437655
  -0.0001594576   -0.0001163689    0.0014296441
   0.0066837259   -0.0014456304    0.0024514981
  -0.0000040914    0.0001031770    0.0023122971
  -0.0010997988   -0.0000393008    0.0016434735
  -0.0034000749   -0.0009314683    0.0012113832
   0.0066837259    0.0014456304    0.0024514981
  -0.0000040914   -0.0001031770    0.0023122971
  -0.0010997988    0.0000393008    0.0016434735
  -0.0034000749    0.0009314683    0.0012113832
   0.0006946769    0.0001637284    0.0017490239
   0.0000917295   -0.0000421715    0.0017031623
  -0.0003038259    0.0000495930    0.0015972489
  -0.0004716827    0.0002932134    0.0015921543
   0.0006946769   -0.0001637284    0.0017490239
   0.0000917295    0.0000421715    0.0017031623
  -0.0003038259   -0.0000495930    0.0015972489
  -0.0004716827   -0.0002932134    0.0015921543
   0.0008873961    0.0001528833    0.0024669563
  -0.0003360524    0.0010734668   -0.0006753842
  -0.0004269367    0.0001451989    0.0020067553
  -0.0001033992   -0.0000149940    0.0027016187
   0.0008873961   -0.0001528833    0.0024669563
  -0.0003360524   -0.0010734668   -0.0006753842
  -0.0004269367   -0.0001451989    0.0020067553
  -0.0001033992    0.0000149940    0.0027016187
   0.0001503307   -0.0000577675    0.0025867438
   0.0000203809   -0.0002667238    0.0021224110
  -0.0001557352   -0.0001283335    0.0023584582
  -0.0000250499   -0.0000027778    0.0025534651
   0.0001503307    0.0000577675    0.0025867438
   0.0000203809    0.0002667238    0.0021224110
  -0.0001557352    0.0001283335    0.0023584582
  -0.0000250499    0.0000027778    0.0025534651
   0.0001016168   -0.0000267060    0.0015282966
   0.0000891167    0.0000391671    0.0015172249
  -0.0000975958    0.0000279481    0.0022065922
  -0.0000916418   -0.0000251031    0.0022200530
   0.0001016168    0.0000267060    0.0015282966
   0.0000891167   -0.0000391671    0.0015172249
  -0.0000975958   -0.0000279481    0.0022065922
  -0.0000916418    0.0000251031    0.0022200530
   0.0000302961    0.0000395225    0.0022173766
   0.0000276213   -0.0000457338    0.0022093487
  -0.0000297874   -0.0000277429    0.0024130474
  -0.0000272499    0.0000250299    0.0024187890
   0.0000302961   -0.0000395225    0.0022173766
   0.0000276213    0.0000457338    0.0022093487
  -0.0000297874    0.0000277429    0.0024130474
  -0.0000272499   -0.0000250299    0.0024187890
  -0.0002406799   -0.0009051063   -0.0003966077
   0.0008061227   -0.0001398892    0.0026119567
  -0.0001115805    0.0000092614    0.0026593557
  -0.0004493282   -0.0001610201    0.0019305439
  -0.0002406799    0.0009051063   -0.0003966077
   0.0008061227    0.0001398892    0.0026119567
  -0.0001115805   -0.0000092614    0.0026593557
  -0.0004493282    0.0001610201    0.0019305439
   0.0000121019    0.0002812883    0.0020327024
   0.0001640365    0.0000554800    0.0025567857
  -0.0000263628    0.0000020468    0.0025369145
  -0.0001546472    0.0001258630    0.0023257290
   0.0000121019   -0.0002812883    0.0020327024
   0.0001640365   -0.0000554800    0.0025567857
  -0.0000263628   -0.0000020468    0.0025369145
  -0.0001546472   -0.0001258630    0.0023257290
   0.0015506582   -0.0009107969    0.0069361945
   0.0021616425    0.0003113471    0.0101446241
  -0.0004780532    0.0002349641    0.0031185636
  -0.0004981799   -0.0002181884    0.0031273754
   0.0015506582    0.0009107969    0.0069361945
   0.0021616425   -0.0003113471    0.0101446241
  -0.0004780532   -0.0002349641    0.0031185636
  -0.0004981799    0.0002181884    0.0031273754
   0.0001823146    0.0001547052    0.0031489770
   0.0001666188   -0.0001351502    0.0030961307
  -0.0001781133   -0.0001231446    0.0026845125
  -0.0002033634    0.0001477842    0.0026683812
   0.0001823146   -0.0001547052    0.0031489770
   0.0001666188    0.0001351502    0.0030961307
  -0.0001781133    0.0001231446    0.0026845125
  -0.0002033634   -0.0001477842    0.0026683812

1    
 -0.0070323410350583   0.0000000000000000  -0.0071095836422843
   0.0562169307    0.0000000000    0.0509488901
  -0.0078648940    0.0000000000   -0.0018752518
  -0.0006211836    0.0000000000   -0.0038028219
  -0.0078928638    0.0000000000   -0.0018318867
   0.0022472275   -0.0000218564   -0.0018531398
  -0.0005300374   -0.0007055219   -0.0035889662
  -0.0004063676    0.0000127343   -0.0038987001
  -0.0006753605    0.0008514479   -0.0034392421
   0.0003088909    0.0000000000   -0.0038027518
  -0.0000574605    0.0000000000   -0.0039118027
  -0.0001665966    0.0000000000   -0.0040318764
  -0.0000816795    0.0000000000   -0.0038856004
   0.0022472275    0.0000218564   -0.0018531398
  -0.0005300374    0.0007055219   -0.0035889662
  -0.0004063676   -0.0000127343   -0.0038987001
  -0.0006753605   -0.0008514479   -0.0034392421
   0.0020915511    0.0000000000   -0.0117245712
  -0.0014465901    0.0000000000   -0.0055034315
  -0.0003964614    0.0000000000   -0.0041950493
   0.0002361616    0.0000000000   -0.0040132501
   0.0005739097   -0.0008377813   -0.0047551108
  -0.0003751467   -0.0004371836   -0.0044598843
  -0.0002448939   -0.0000890709   -0.0041773159
   0.0000940936   -0.0000318631   -0.0040901639
   0.0002112913    0.0000000000   -0.0041954397
  -0.0001412197    0.0000000000   -0.0042687109
  -0.0001074263    0.0000000000   -0.0041463833
   0.0000377276    0.0000000000   -0.0040864036
   0.0005739097    0.0008377813   -0.0047551108
  -0.0003751467    0.0004371836   -0.0044598843
  -0.0002448939    0.0000890709   -0.0041773159
   0.0000940936    0.0000318631   -0.0040901639
   0.0002996089    0.0000000000   -0.0047339786
  -0.0000783553    0.0000000000   -0.0045083273
  -0.0001573653    0.0000000000   -0.0042805427
  -0.0000595646    0.0000000000   -0.0045275220
   0.0002093268   -0.0000091492   -0.0045179464
  -0.0000583342   -0.0000931854   -0.0043616221
  -0.0001034953   -0.0000018706   -0.0042260093
  -0.0000473616    0.0000825047   -0.0043728063
   0.0000797882    0.0000000000   -0.0042805667
  -0.0000249672    0.0000000000   -0.0042237305
  -0.0000317429    0.0000000000   -0.0041526705
  -0.0000208487    0.0000000000   -0.0042283065
   0.0002093268    0.0000091492   -0.0045179464
  -0.0000583342    0.0000931854   -0.0043616221
  -0.0001034953    0.0000018706   -0.0042260093
  -0.0000473616   -0.0000825047   -0.0043728063
   0.0021271897    0.0000000000   -0.0117499162
   0.0001446210    0.0000000000   -0.0039223389
  -0.0003978802    0.0000000000   -0.0041941778
  -0.0013318350    0.0000000000   -0.0055557063
   0.0005740644    0.0007409594   -0.0047416385
   0.0000445960   -0.0000170477   -0.0040410869
  -0.0002456546    0.0000921239   -0.0041768435
  -0.0003260470    0.0003875781   -0.0045025950
   0.0002119889    0.0000000000   -0.0041938237
   0.0000399091    0.0000000000   -0.0040885209
  -0.0001079046    0.0000000000   -0.0041464286
  -0.0001436355    0.0000000000   -0.0042647429
   0.0005740644   -0.0007409594   -0.0047416385
   0.0000445960    0.0000170477   -0.0040410869
  -0.0002456546   -0.0000921239   -0.0041768435
  -0.0003260470   -0.0003875781   -0.0045025950
   0.0075790331    0.0003148277    0.0039607462
  -0.0096302256    0.0168442468   -0.0109036720
  -0.0022513539    0.0005152631   -0.0016334013
  -0.0005420214   -0.0001922039   -0.0008807201
   0.0075790331   -0.0003148277    0.0039607462
  -0.0096302256   -0.0168442468   -0.0109036720
  -0.0022513539   -0.0005152631   -0.0016334013
  -0.0005420214    0.0001922039   -0.0008807201
   0.0004727620   -0.0001203071   -0.0010952060
   0.0001476898   -0.0015861238   -0.0014208749
  -0.0005018212   -0.0004451468   -0.0015113242
  -0.0001381405    0.0000830688   -0.0013514921
   0.0004727620    0.0001203071   -0.0010952060
   0.0001476898    0.0015861238   -0.0014208749
  -0.0005018212    0.0004451468   -0.0015113242
  -0.0001381405   -0.0000830688   -0.0013514921
   0.0006530885    0.0002035551   -0.0021779071
  -0.0000386370    0.0004885559   -0.0035920703
  -0.0005831033    0.0001492030   -0.0020630838
  -0.0000481958   -0.0000004001   -0.0016018698
   0.0006530885   -0.0002035551   -0.0021779071
  -0.0000386370   -0.0004885559   -0.0035920703
  -0.0005831033   -0.0001492030   -0.0020630838
  -0.0000481958    0.0000004001   -0.0016018698
   0.0001670218   -0.0000944117   -0.0016814075
   0.0000175889   -0.0004394292   -0.0019840661
  -0.0001804234   -0.0001711490   -0.0017006571
  -0.0000079994   -0.0000007071   -0.0015440915
   0.0001670218    0.0000944117   -0.0016814075
   0.0000175889    0.0004394292   -0.0019840661
  -0.0001804234    0.0001711490   -0.0017006571
  -0.0000079994    0.0000007071   -0.0015440915
  -0.0000233262   -0.0005269034   -0.0037872618
   0.0006878238   -0.0001840467   -0.0022216546
  -0.0000595669   -0.0000034243   -0.0015817354
  -0.0006147991   -0.0001643659   -0.0021560944
  -0.0000233262    0.0005269034   -0.0037872618
   0.0006878238    0.0001840467   -0.0022216546
  -0.0000595669    0.0000034243   -0.0015817354
  -0.0006147991    0.0001643659   -0.0021560944
   0.0000184770    0.0004572318   -0.0020613544
   0.0001857063    0.0000990217   -0.0016760599
  -0.0000121767    0.0000036020   -0.0015369656
  -0.0001955952    0.0001803458   -0.0017277129
   0.0000184770   -0.0004572318   -0.0020613544
   0.0001857063   -0.0000990217   -0.0016760599
  -0.0000121767   -0.0000036020   -0.0015369656
  -0.0001955952   -0.0001803458   -0.0017277129
  -0.0104999881   -0.0177972418   -0.0127760263
   0.0072779104   -0.0000331283    0.0069101071
  -0.0007650010    0.0002001756   -0.0008549122
  -0.0024779689   -0.0005355611   -0.0014840916
  -0.0104999881    0.0177972418   -0.0127760263
   0.0072779104    0.0000331283    0.0069101071
  -0.0007650010   -0.0002001756   -0.0008549122
  -0.0024779689    0.0005355611   -0.0014840916
   0.0001776988    0.0017831621   -0.0012985276
   0.0005112399   -0.0000663048   -0.0010379019
  -0.0001544127   -0.0000866498   -0.0013476114
  -0.0005411059    0.0004748785   -0.0014995411
   0.0001776988   -0.0017831621   -0.0012985276
   0.0005112399    0.0000663048   -0.0010379019
  -0.0001544127    0.0000866498   -0.0013476114
  -0.0005411059   -0.0004748785   -0.0014995411
  -0.0026707228   -0.0000000000   -0.0008588921
  -0.0016064691    0.0000000000   -0.0001738803
   0.0006343077   -0.0000000000    0.0016576998
   0.0003364291    0.0000000000    0.0011436344
  -0.0007487363    0.0003078012    0.0008629411
   0.0002085037    0.0031729669    0.0015268659
   0.0003789203    0.0006281693    0.0015598334
   0.0001670124   -0.0000965551    0.0013858620
  -0.0001273662    0.0000000000    0.0014374029
  -0.0000645397    0.0000000000    0.0014649279
   0.0001371158    0.0000000000    0.0015587529
   0.0000547759    0.0000000000    0.0015160677
  -0.0007487363   -0.0003078012    0.0008629411
   0.0002085037   -0.0031729669    0.0015268659
   0.0003789203   -0.0006281693    0.0015598334
   0.0001670124    0.0000965551    0.0013858620
  -0.0004155869    0.0000000000    0.0019307881
   0.0000573924   -0.0000000000    0.0022307434
   0.0003387008    0.0000000000    0.0019080147
   0.0000477728    0.0000000000    0.0016282980
  -0.0001783874    0.0001173641    0.0017411099
   0.0000056401    0.0006144180    0.0019649498
   0.0001618331    0.0002024942    0.0017356373
   0.0000222714    0.0000032548    0.0016049331
  -0.0000573369    0.0000000000    0.0016252256
  -0.0000006746    0.0000000000    0.0016989043
   0.0000565343    0.0000000000    0.0016287381
   0.0000008244    0.0000000000    0.0015782098
  -0.0001783874   -0.0001173641    0.0017411099
   0.0000056401   -0.0006144180    0.0019649498
   0.0001618331   -0.0002024942    0.0017356373
   0.0000222714   -0.0000032548    0.0016049331
   0.0000328555    0.0000000000    0.0021536484
  -0.0003615162   -0.0000000000    0.0018976399
   0.0000502459   -0.0000000000    0.0016353614
   0.0003030810    0.0000000000    0.0018884807
  -0.0000074554   -0.0006607374    0.0019572764
  -0.0001594626   -0.0001296266    0.0017447203
   0.0000271517   -0.0000017000    0.0016056496
   0.0001424119   -0.0002160979    0.0017233823
  -0.0000025016    0.0000000000    0.0017344084
  -0.0000543533    0.0000000000    0.0016347635
   0.0000020317    0.0000000000    0.0015792782
   0.0000540344    0.0000000000    0.0016369356
  -0.0000074554    0.0006607374    0.0019572764
  -0.0001594626    0.0001296266    0.0017447203
   0.0000271517    0.0000017000    0.0016056496
   0.0001424119    0.0002160979    0.0017233823
   0.0001806381   -0.0000000000    0.0021223331
  -0.0024946289    0.0000000000   -0.0009607883
   0.0003349910   -0.0000000000    0.0012097986
   0.0006565050    0.0000000000    0.0015980250
   0.0001137973   -0.0035697769    0.0019015175
  -0.0007146254    0.0002127316    0.0008766998
   0.0001567599    0.0001230887    0.0014246007
   0.0004016878   -0.0006798363    0.0015836528
  -0.0000590922    0.0000000000    0.0015658103
  -0.0001367683    0.0000000000    0.0014497216
   0.0000483122    0.0000000000    0.0015203305
   0.0001460909    0.0000000000    0.0015889457
   0.0001137973    0.0035697769    0.0019015175
  -0.0007146254   -0.0002127316    0.0008766998
   0.0001567599   -0.0001230887    0.0014246007
   0.0004016878    0.0006798363    0.0015836528
  -0.0061323585   -0.0004845903   -0.0005579545
   0.0030525744   -0.0011031536    0.0017711404
   0.0009994024   -0.0000311475    0.0014509173
  -0.0004296114    0.0001490156    0.0006180115
  -0.0061323585    0.0004845903   -0.0005579545
   0.0030525744    0.0011031536    0.0017711404
   0.0009994024    0.0000311475    0.0014509173
  -0.0004296114   -0.0001490156    0.0006180115
  -0.0006045893    0.0001489047    0.0014015638
   0.0004194375    0.0002658474    0.0015571942
   0.0002891029    0.0000408644    0.0015373454
  -0.0001135736   -0.0000546895    0.0013887295
  -0.0006045893   -0.0001489047    0.0014015638
   0.0004194375   -0.0002658474    0.0015571942
   0.0002891029   -0.0000408644    0.0015373454
  -0.0001135736    0.0000546895    0.0013887295
  -0.0005973748   -0.0002367476    0.0020809601
   0.0005302846   -0.0001655914    0.0020295598
   0.0002738857   -0.0000281999    0.0016618767
  -0.0002022128   -0.0000184507    0.0016766709
  -0.0005973748    0.0002367476    0.0020809601
   0.0005302846    0.0001655914    0.0020295598
   0.0002738857    0.0000281999    0.0016618767
  -0.0002022128    0.0000184507    0.0016766709
  -0.0001722940    0.0001454053    0.0017684459
   0.0001508055    0.0001354257    0.0017381591
   0.0000757879    0.0000277261    0.0016034293
  -0.0000554778    0.0000038046    0.0016025115
  -0.0001722940   -0.0001454053    0.0017684459
   0.0001508055   -0.0001354257    0.0017381591
   0.0000757879   -0.0000277261    0.0016034293
  -0.0000554778   -0.0000038046    0.0016025115
  -0.0006570206    0.0001969236    0.0020255032
  -0.0002238067    0.0000118880    0.0017071071
   0.0002985946    0.0000260310    0.0016847188
   0.0005658475    0.0001400243    0.0019946666
  -0.0006570206   -0.0001969236    0.0020255032
  -0.0002238067   -0.0000118880    0.0017071071
   0.0002985946   -0.0000260310    0.0016847188
   0.0005658475   -0.0001400243    0.0019946666
  -0.0001860957   -0.0001264963    0.0017617343
  -0.0000584366    0.0000001364    0.0016075496
   0.0000817573   -0.0000261107    0.0016081280
   0.0001588287   -0.0001156625    0.0017213879
  -0.0001860957    0.0001264963    0.0017617343
  -0.0000584366   -0.0000001364    0.0016075496
   0.0000817573    0.0000261107    0.0016081280
   0.0001588287    0.0001156625    0.0017213879
  -0.0067270262    0.0013711587    0.0006063196
   0.0000281082   -0.0001058457    0.0008393806
   0.0011003283    0.0000390420    0.0015079691
   0.0033811271    0.0009366071    0.0019389419
  -0.0067270262   -0.0013711587    0.0006063196
   0.0000281082    0.0001058457    0.0008393806
   0.0011003283   -0.0000390420    0.0015079691
   0.0033811271   -0.0009366071    0.0019389419
  -0.0006959016   -0.0001610022    0.0014031936
  -0.0000876638    0.0000446064    0.0014483874
   0.0003045045   -0.0000491676    0.0015546370
   0.0004678083   -0.0002903840    0.0015595816
  -0.0006959016    0.0001610022    0.0014031936
  -0.0000876638   -0.0000446064    0.0014483874
   0.0003045045    0.0000491676    0.0015546370
   0.0004678083    0.0002903840    0.0015595816
  -0.0008876531   -0.0001563599    0.0025441705
   0.0003378816   -0.0010662623    0.0056729432
   0.0004295363   -0.0001448747    0.0029840141
   0.0000999441    0.0000143448    0.0022893777
  -0.0008876531    0.0001563599    0.0025441705
   0.0003378816    0.0010662623    0.0056729432
   0.0004295363    0.0001448747    0.0029840141
   0.0000999441   -0.0000143448    0.0022893777
  -0.0001506218    0.0000599376    0.0024051796
  -0.0000198490    0.0002687088    0.0028689908
   0.0001564036    0.0001287408    0.0026306124
   0.0000237641    0.0000034806    0.0024358946
  -0.0001506218   -0.0000599376    0.0024051796
  -0.0000198490   -0.0002687088    0.0028689908
   0.0001564036   -0.0001287408    0.0026306124
   0.0000237641   -0.0000034806    0.0024358946
  -0.0001016218    0.0000264425    0.0034612962
  -0.0000887607   -0.0000393432    0.0034692648
   0.0000979815   -0.0000277834    0.0027808649
   0.0000909478    0.0000251745    0.0027695412
  -0.0001016218   -0.0000264425    0.0034612962
  -0.0000887607    0.0000393432    0.0034692648
   0.0000979815    0.0000277834    0.0027808649
   0.0000909478   -0.0000251745    0.0027695412
  -0.0000303291   -0.0000391473    0.0027719940
  -0.0000275502    0.0000459261    0.0027784588
   0.0000298349    0.0000276141    0.0025751561
   0.0000271336   -0.0000250874    0.0025701664
  -0.0000303291    0.0000391473    0.0027719940
  -0.0000275502   -0.0000459261    0.0027784588
   0.0000298349   -0.0000276141    0.0025751561
   0.0000271336    0.0000250874    0.0025701664
   0.0002379201    0.0009084108    0.0053714586
  -0.0008060362    0.0001373644    0.0023580398
   0.0001149484   -0.0000100497    0.0023264838
   0.0004454222    0.0001608701    0.0030538448
   0.0002379201   -0.0009084108    0.0053714586
  -0.0008060362   -0.0001373644    0.0023580398
   0.0001149484    0.0000100497    0.0023264838
   0.0004454222   -0.0001608701    0.0030538448
  -0.0000126401   -0.0002785247    0.0029521767
  -0.0001632794   -0.0000529404    0.0024277579
   0.0000275592   -0.0000013528    0.0024509459
   0.0001536299   -0.0001250978    0.0026623289
  -0.0000126401    0.0002785247    0.0029521767
  -0.0001632794    0.0000529404    0.0024277579
   0.0000275592    0.0000013528    0.0024509459
   0.0001536299    0.0001250978    0.0026623289
  -0.0016584441    0.0008139901   -0.0019885627
  -0.0020548536   -0.0004060423   -0.0051177383
   0.0004802834   -0.0002337337    0.0018723103
   0.0004948321    0.0002188984    0.0018625544
  -0.0016584441   -0.0008139901   -0.0019885627
  -0.0020548536    0.0004060423   -0.0051177383
   0.0004802834    0.0002337337    0.0018723103
   0.0004948321   -0.0002188984    0.0018625544
  -0.0001823655   -0.0001523781    0.0018390690
  -0.0001664522    0.0001372547    0.0018949776
   0.0001798521    0.0001242738    0.0023050939
   0.0002016866   -0.0001467172    0.0023196037
  -0.0001823655    0.0001523781    0.0018390690
  -0.0001664522   -0.0001372547    0.0018949776
   0.0001798521   -0.0001242738    0.0023050939
   0.0002016866    0.0001467172    0.0023196037

65   
  0.0070323410350583   0.0000000000000000   0.0071095836422843
  -0.0065291868    0.0007629414   -0.0106435574
   0.0010119591    0.0005674582   -0.0052253852
   0.0017797595   -0.0008958929   -0.0035492080
   0.0085738480   -0.0158051496    0.0063041624
  -0.0004762947   -0.0000311771   -0.0045464167
   0.0002400100    0.0001843377   -0.0043941737
   0.0003999370   -0.0003434314   -0.0040371419
  -0.0001441207   -0.0007381921   -0.0042259830
  -0.0004762947    0.0000311771   -0.0045464167
   0.0002400100   -0.0001843377   -0.0043941737
   0.0003999370    0.0003434314   -0.0040371419
  -0.0001441207    0.0007381921   -0.0042259830
  -0.0065291868   -0.0007629414   -0.0106435574
   0.0010119591   -0.0005674582   -0.0052253852
   0.0017797595    0.0008958929   -0.0035492080
   0.0085738480    0.0158051496    0.0063041624
   0.0115276867    0.0188002359    0.0061031768
   0.0019345892    0.0010561123   -0.0036239616
   0.0013099942   -0.0007946588   -0.0053344134
  -0.0082971801    0.0010896926   -0.0115301668
  -0.0002160925    0.0006795482   -0.0043153817
   0.0004253352    0.0003587828   -0.0040297328
   0.0002701798   -0.0002026937   -0.0044147607
  -0.0004728581   -0.0000558711   -0.0046450922
  -0.0002160925   -0.0006795482   -0.0043153817
   0.0004253352   -0.0003587828   -0.0040297328
   0.0002701798    0.0002026937   -0.0044147607
  -0.0004728581    0.0000558711   -0.0046450922
   0.0115276867   -0.0188002359    0.0061031768
   0.0019345892   -0.0010561123   -0.0036239616
   0.0013099942    0.0007946588   -0.0053344134
  -0.0082971801   -0.0010896926   -0.0115301668
   0.0004555919    0.0009614437   -0.0022873492
   0.0006285068    0.0003745876   -0.0034985061
   0.0000473887    0.0000163440   -0.0040521522
  -0.0011214390    0.0006178901   -0.0029925966
   0.0000924240    0.0003711630   -0.0036923246
   0.0002005257    0.0001851024   -0.0039221502
   0.0000073891    0.0000085016   -0.0041044332
  -0.0002966797    0.0002101706   -0.0038590311
   0.0000924240   -0.0003711630   -0.0036923246
   0.0002005257   -0.0001851024   -0.0039221502
   0.0000073891   -0.0000085016   -0.0041044332
  -0.0002966797   -0.0002101706   -0.0038590311
   0.0004555919   -0.0009614437   -0.0022873492
   0.0006285068   -0.0003745876   -0.0034985061
   0.0000473887   -0.0000163440   -0.0040521522
  -0.0011214390   -0.0006178901   -0.0029925966
  -0.0010232983   -0.0005733299   -0.0031062634
   0.0000826084    0.0000204044   -0.0040782133
   0.0005482085   -0.0003244033   -0.0035532473
   0.0004097496   -0.0008575141   -0.0024238065
  -0.0002451901   -0.0001575051   -0.0038890956
   0.0000153415    0.0000065747   -0.0041093295
   0.0001730957   -0.0001639128   -0.0039397107
   0.0000604942   -0.0003075403   -0.0037420371
  -0.0002451901    0.0001575051   -0.0038890956
   0.0000153415   -0.0000065747   -0.0041093295
   0.0001730957    0.0001639128   -0.0039397107
   0.0000604942    0.0003075403   -0.0037420371
  -0.0010232983    0.0005733299   -0.0031062634
   0.0000826084   -0.0000204044   -0.0040782133
   0.0005482085    0.0003244033   -0.0035532473
   0.0004097496    0.0008575141   -0.0024238065
  -0.0976433164    0.0000000000   -0.1268177702
   0.0378433933    0.0000000000   -0.0027266975
   0.0092936933    0.0000000000   -0.0019893116
   0.0408166509    0.0000000000   -0.0055637302
  -0.0030063494   -0.0015890992   -0.0041330259
  -0.0002293749    0.0054696137   -0.0022931641
   0.0025672269    0.0000118601   -0.0017256939
   0.0002353889   -0.0059194878   -0.0027008434
  -0.0004647315    0.0000000000   -0.0019886034
   0.0000019099   -0.0000000000   -0.0017358150
   0.0004718178   -0.0000000000   -0.0015727489
  -0.0000161687    0.0000000000   -0.0017156121
  -0.0030063494    0.0015890992   -0.0041330259
  -0.0002293749   -0.0054696137   -0.0022931641
   0.0025672269   -0.0000118601   -0.0017256939
   0.0002353889    0.0059194878   -0.0027008434
  -0.0028559399    0.0000000000    0.0325051152
   0.0054412491    0.0000000000    0.0035146213
   0.0024854484    0.0000000000   -0.0015244100
  -0.0054341368    0.0000000000   -0.0066115827
  -0.0009593433    0.0054399912   -0.0015505280
   0.0012219450    0.0022678914   -0.0004412945
   0.0008579722    0.0002473759   -0.0015282161
  -0.0010844976    0.0000422252   -0.0024467625
  -0.0002025074    0.0000000000   -0.0015265152
   0.0002377112    0.0000000000   -0.0013113540
   0.0002054077    0.0000000000   -0.0015272353
  -0.0002538943   -0.0000000000   -0.0017460303
  -0.0009593433   -0.0054399912   -0.0015505280
   0.0012219450   -0.0022678914   -0.0004412945
   0.0008579722   -0.0002473759   -0.0015282161
  -0.0010844976   -0.0000422252   -0.0024467625
  -0.0004485622    0.0000000000    0.0064171429
  -0.0000243151    0.0000000000    0.0007824892
   0.0004400214    0.0000000000   -0.0010881387
   0.0000368439    0.0000000000    0.0007101467
  -0.0001960339   -0.0000299921    0.0007459479
  -0.0000005356    0.0002312566   -0.0007170861
   0.0001949956   -0.0000006027   -0.0013311313
  -0.0000108945   -0.0002190596   -0.0007130269
  -0.0000421584    0.0000000000   -0.0010881449
  -0.0000033565    0.0000000000   -0.0013293682
   0.0000429319    0.0000000000   -0.0014824067
  -0.0000012902   -0.0000000000   -0.0013329687
  -0.0001960339    0.0000299921    0.0007459479
  -0.0000005356   -0.0002312566   -0.0007170861
   0.0001949956    0.0000006027   -0.0013311313
  -0.0000108945    0.0002190596   -0.0007130269
  -0.0028252525    0.0000000000    0.0326092159
  -0.0051306149    0.0000000000   -0.0069152462
   0.0024768761    0.0000000000   -0.0015276175
   0.0051484966    0.0000000000    0.0039024584
  -0.0009536112   -0.0051375497   -0.0015008637
  -0.0009460245    0.0000971801   -0.0025843998
   0.0008541127   -0.0002175458   -0.0015306508
   0.0010825716   -0.0021229748   -0.0002972752
  -0.0002012274    0.0000000000   -0.0015255876
  -0.0002271878    0.0000000000   -0.0017724429
   0.0002042182    0.0000000000   -0.0015276690
   0.0002106938    0.0000000000   -0.0012876509
  -0.0009536112    0.0051375497   -0.0015008637
  -0.0009460245   -0.0000971801   -0.0025843998
   0.0008541127    0.0002175458   -0.0015306508
   0.0010825716    0.0021229748   -0.0002972752
   0.0110919244   -0.0012443311    0.0139102949
  -0.0034463116   -0.0082066710    0.0028058297
  -0.0016313198    0.0000084196    0.0017382400
  -0.0038702029    0.0087654350    0.0025996422
   0.0004201464    0.0003457740    0.0019397285
   0.0000392218   -0.0013975384    0.0018454516
  -0.0004263003   -0.0000004089    0.0016190675
  -0.0000067149    0.0015106109    0.0016968196
   0.0004201464   -0.0003457740    0.0019397285
   0.0000392218    0.0013975384    0.0018454516
  -0.0004263003    0.0000004089    0.0016190675
  -0.0000067149   -0.0015106109    0.0016968196
   0.0110919244    0.0012443311    0.0139102949
  -0.0034463116    0.0082066710    0.0028058297
  -0.0016313198   -0.0000084196    0.0017382400
  -0.0038702029   -0.0087654350    0.0025996422
   0.0012399223   -0.0075044968   -0.0021593987
  -0.0012471567   -0.0023305091    0.0002872109
  -0.0007092968   -0.0002327293    0.0015879333
   0.0007149497   -0.0000343524    0.0023296517
   0.0002105562   -0.0014063994    0.0017012265
  -0.0002051298   -0.0009046902    0.0014146127
  -0.0001759208   -0.0001069229    0.0015809306
   0.0001863797   -0.0000385901    0.0017523377
   0.0002105562    0.0014063994    0.0017012265
  -0.0002051298    0.0009046902    0.0014146127
  -0.0001759208    0.0001069229    0.0015809306
   0.0001863797    0.0000385901    0.0017523377
   0.0012399223    0.0075044968   -0.0021593987
  -0.0012471567    0.0023305091    0.0002872109
  -0.0007092968    0.0002327293    0.0015879333
   0.0007149497    0.0000343524    0.0023296517
   0.0001636339    0.0000924705    0.0000861253
  -0.0000423632   -0.0002169306    0.0009132069
  -0.0001738051   -0.0000045107    0.0013990677
   0.0000579344    0.0001994850    0.0009636276
   0.0000405986   -0.0000125049    0.0011726103
  -0.0000103277   -0.0000999540    0.0014103279
  -0.0000406908   -0.0000008843    0.0015337919
   0.0000109200    0.0000954601    0.0014158006
   0.0000405986    0.0000125049    0.0011726103
  -0.0000103277    0.0000999540    0.0014103279
  -0.0000406908    0.0000008843    0.0015337919
   0.0000109200   -0.0000954601    0.0014158006
   0.0001636339   -0.0000924705    0.0000861253
  -0.0000423632    0.0002169306    0.0009132069
  -0.0001738051    0.0000045107    0.0013990677
   0.0000579344   -0.0001994850    0.0009636276
   0.0011117777    0.0077601358   -0.0012607138
   0.0006789601   -0.0001069704    0.0022494033
  -0.0006126412    0.0001961905    0.0015832765
  -0.0010635959    0.0023369448    0.0005186427
   0.0001898650    0.0013291860    0.0015067164
   0.0001521211   -0.0000461631    0.0017469895
  -0.0001560520    0.0000977558    0.0015711613
  -0.0001706006    0.0008358711    0.0013556526
   0.0001898650   -0.0013291860    0.0015067164
   0.0001521211    0.0000461631    0.0017469895
  -0.0001560520   -0.0000977558    0.0015711613
  -0.0001706006   -0.0008358711    0.0013556526
   0.0011117777   -0.0077601358   -0.0012607138
   0.0006789601    0.0001069704    0.0022494033
  -0.0006126412   -0.0001961905    0.0015832765
  -0.0010635959   -0.0023369448    0.0005186427
  -0.0001272199   -0.0000000000    0.0139282151
  -0.0103933845   -0.0000000000    0.0023671609
  -0.0110873227   -0.0000000000    0.0015138539
   0.0003790094   -0.0000000000    0.0138411357
   0.0021417155   -0.0007878539    0.0026458586
  -0.0018402133   -0.0007329706    0.0017550190
  -0.0019553224    0.0007748104    0.0017871375
   0.0015652828    0.0012346590    0.0027595039
   0.0003790791   -0.0000000000    0.0017363288
  -0.0003448498   -0.0000000000    0.0016178305
  -0.0003469582   -0.0000000000    0.0016201872
   0.0003549069   -0.0000000000    0.0017396271
   0.0021417155    0.0007878539    0.0026458586
  -0.0018402133    0.0007329706    0.0017550190
  -0.0019553224   -0.0007748104    0.0017871375
   0.0015652828   -0.0012346590    0.0027595039
  -0.0057819697   -0.0000000000   -0.0032472290
  -0.0032065053   -0.0000000000    0.0008838718
  -0.0003909043   -0.0000000000    0.0025148272
   0.0092202360   -0.0000000000   -0.0010684775
  -0.0006694680   -0.0017247238    0.0005607816
  -0.0010194675   -0.0004518988    0.0013228771
  -0.0000782654    0.0000590315    0.0018434575
   0.0016888894   -0.0002413476    0.0020536028
  -0.0000976700   -0.0000000000    0.0015238170
  -0.0002363911   -0.0000000000    0.0015053558
  -0.0000235840   -0.0000000000    0.0016566604
   0.0003640068   -0.0000000000    0.0016539248
  -0.0006694680    0.0017247238    0.0005607816
  -0.0010194675    0.0004518988    0.0013228771
  -0.0000782654   -0.0000590315    0.0018434575
   0.0016888894    0.0002413476    0.0020536028
   0.0004369446   -0.0000000000    0.0000588566
  -0.0003404726   -0.0000000000    0.0011520532
  -0.0003143063   -0.0000000000    0.0011928631
   0.0002497600   -0.0000000000    0.0001133670
   0.0001194735   -0.0001109685    0.0009279777
  -0.0001250080   -0.0000778226    0.0014039446
  -0.0001207253    0.0000558839    0.0014220642
   0.0001346749    0.0000099290    0.0009490266
   0.0000201937   -0.0000000000    0.0013951893
  -0.0000241633   -0.0000000000    0.0015306219
  -0.0000226829   -0.0000000000    0.0015369685
   0.0000282563   -0.0000000000    0.0014031677
   0.0001194735    0.0001109685    0.0009279777
  -0.0001250080    0.0000778226    0.0014039446
  -0.0001207253   -0.0000558839    0.0014220642
   0.0001346749   -0.0000099290    0.0009490266
   0.0095528813   -0.0000000000   -0.0003745267
  -0.0005466139   -0.0000000000    0.0021640021
  -0.0032014311   -0.0000000000    0.0008524127
  -0.0059716068   -0.0000000000   -0.0021465245
   0.0016331723    0.0002236504    0.0020304798
  -0.0001492025   -0.0000553744    0.0017619944
  -0.0009406256    0.0003771419    0.0013406293
  -0.0006039750    0.0015150567    0.0007403518
   0.0003280507   -0.0000000000    0.0016407545
  -0.0000264378   -0.0000000000    0.0016354891
  -0.0002228921   -0.0000000000    0.0015066486
  -0.0000676951   -0.0000000000    0.0015244219
   0.0016331723   -0.0002236504    0.0020304798
  -0.0001492025    0.0000553744    0.0017619944
  -0.0009406256   -0.0003771419    0.0013406293
  -0.0006039750   -0.0015150567    0.0007403518
   0.0130624774   -0.0000000000    0.0501733727
  -0.0045543236   -0.0000000000   -0.0037817900
  -0.0016423255   -0.0000000000    0.0029073586
  -0.0030756833   -0.0000000000    0.0128355034
   0.0011613474   -0.0007285002    0.0045232019
  -0.0009916158   -0.0017573482    0.0020363894
  -0.0006942697   -0.0000680014    0.0026394678
   0.0005446916    0.0002188825    0.0043166637
   0.0001699246   -0.0000000000    0.0029093526
  -0.0000546715   -0.0000000000    0.0024499569
  -0.0001888644   -0.0000000000    0.0025252502
   0.0000787276   -0.0000000000    0.0028300525
   0.0011613474    0.0007285002    0.0045232019
  -0.0009916158    0.0017573482    0.0020363894
  -0.0006942697    0.0000680014    0.0026394678
   0.0005446916   -0.0002188825    0.0043166637
   0.0004114048   -0.0000000000   -0.0078040303
  -0.0007612456   -0.0000000000   -0.0006369795
  -0.0004303559   -0.0000000000    0.0021736796
   0.0007716185   -0.0000000000    0.0022703175
   0.0002138261   -0.0007665555    0.0008192996
  -0.0002579809   -0.0004352655    0.0015020648
  -0.0001711780   -0.0000746735    0.0023734312
   0.0002323270   -0.0000559039    0.0024166338
   0.0000441305   -0.0000000000    0.0021758589
  -0.0000737878   -0.0000000000    0.0022686199
  -0.0000442602   -0.0000000000    0.0024719978
   0.0000746053   -0.0000000000    0.0024790813
   0.0002138261    0.0007665555    0.0008192996
  -0.0002579809    0.0004352655    0.0015020648
  -0.0001711780    0.0000746735    0.0023734312
   0.0002323270    0.0000559039    0.0024166338
   0.0004007010   -0.0000000000   -0.0056906364
   0.0006419292   -0.0000000000    0.0020400371
  -0.0003935178   -0.0000000000    0.0021701895
  -0.0005959776   -0.0000000000   -0.0003480322
   0.0001836290    0.0006188050    0.0008436535
   0.0002033920    0.0000387487    0.0023709202
  -0.0001584878    0.0000622974    0.0023679950
  -0.0002128824    0.0003766620    0.0016115439
   0.0000386005   -0.0000000000    0.0021685052
   0.0000634002   -0.0000000000    0.0024604953
  -0.0000401853   -0.0000000000    0.0024668165
  -0.0000619803   -0.0000000000    0.0022748747
   0.0001836290   -0.0006188050    0.0008436535
   0.0002033920   -0.0000387487    0.0023709202
  -0.0001584878   -0.0000622974    0.0023679950
  -0.0002128824   -0.0003766620    0.0016115439
   0.0094475535   -0.0000000000   -0.0183411403
  -0.0021058840   -0.0000000000    0.0112235595
  -0.0015623102   -0.0000000000    0.0027792014
  -0.0042842754   -0.0000000000   -0.0037123864
   0.0012242602    0.0010978956    0.0037449296
   0.0003897504   -0.0002881568    0.0039588930
  -0.0006501263    0.0000547982    0.0026046169
  -0.0008496931    0.0015265630    0.0016477487
   0.0001654457   -0.0000000000    0.0027767168
   0.0000670487   -0.0000000000    0.0028372994
  -0.0001807098   -0.0000000000    0.0025146349
  -0.0000446503   -0.0000000000    0.0023706195
   0.0012242602   -0.0010978956    0.0037449296
   0.0003897504    0.0002881568    0.0039588930
  -0.0006501263   -0.0000547982    0.0026046169
  -0.0008496931   -0.0015265630    0.0016477487

65   
 -0.0070323410350583   0.0000000000000000  -0.0071095836422843
   0.0064583239   -0.0008181226    0.0024904177
  -0.0010226294   -0.0005697734   -0.0030116674
  -0.0017771825    0.0008981773   -0.0046865001
  -0.0086580862    0.0159960016   -0.0146492172
   0.0004734494    0.0000216952   -0.0036878619
  -0.0002399577   -0.0001835043   -0.0038472999
  -0.0004022004    0.0003465827   -0.0042038019
   0.0001487656    0.0007313242   -0.0040081938
   0.0004734494   -0.0000216952   -0.0036878619
  -0.0002399577    0.0001835043   -0.0038472999
  -0.0004022004   -0.0003465827   -0.0042038019
   0.0001487656   -0.0007313242   -0.0040081938
   0.0064583239    0.0008181226    0.0024904177
  -0.0010226294    0.0005697734   -0.0030116674
  -0.0017771825   -0.0008981773   -0.0046865001
  -0.0086580862   -0.0159960016   -0.0146492172
  -0.0114338779   -0.0186181246   -0.0142391805
  -0.0019458391   -0.0010585258   -0.0046210112
  -0.0012970888    0.0007921378   -0.0029063539
   0.0083822204   -0.0011338220    0.0032433213
   0.0002085014   -0.0006922415   -0.0039310188
  -0.0004238550   -0.0003567912   -0.0042104472
  -0.0002705367    0.0002044029   -0.0038236176
   0.0004795185    0.0000426020   -0.0035984419
   0.0002085014    0.0006922415   -0.0039310188
  -0.0004238550    0.0003567912   -0.0042104472
  -0.0002705367   -0.0002044029   -0.0038236176
   0.0004795185   -0.0000426020   -0.0035984419
  -0.0114338779    0.0186181246   -0.0142391805
  -0.0019458391    0.0010585258   -0.0046210112
  -0.0012970888   -0.0007921378   -0.0029063539
   0.0083822204    0.0011338220    0.0032433213
  -0.0004629018   -0.0009637829   -0.0059648408
  -0.0006257547   -0.0003722894   -0.0047391505
  -0.0000463919   -0.0000145423   -0.0041885692
   0.0011258775   -0.0006226973   -0.0052640475
  -0.0000928297   -0.0003693236   -0.0045465961
  -0.0001991927   -0.0001837132   -0.0043166465
  -0.0000075877   -0.0000074295   -0.0041352601
   0.0002958082   -0.0002098117   -0.0043817974
  -0.0000928297    0.0003693236   -0.0045465961
  -0.0001991927    0.0001837132   -0.0043166465
  -0.0000075877    0.0000074295   -0.0041352601
   0.0002958082    0.0002098117   -0.0043817974
  -0.0004629018    0.0009637829   -0.0059648408
  -0.0006257547    0.0003722894   -0.0047391505
  -0.0000463919    0.0000145423   -0.0041885692
   0.0011258775    0.0006226973   -0.0052640475
   0.0010230715    0.0005722910   -0.0051252135
  -0.0000826429   -0.0000184489   -0.0041618272
  -0.0005513630    0.0003282382   -0.0046906906
  -0.0004068149    0.0008598018   -0.0058143776
   0.0002469347    0.0001591367   -0.0043519116
  -0.0000148495   -0.0000055263   -0.0041311121
  -0.0001746592    0.0001657531   -0.0043020842
  -0.0000611484    0.0003101401   -0.0045002630
   0.0002469347   -0.0001591367   -0.0043519116
  -0.0000148495    0.0000055263   -0.0041311121
  -0.0001746592   -0.0001657531   -0.0043020842
  -0.0000611484   -0.0003101401   -0.0045002630
   0.0010230715   -0.0005722910   -0.0051252135
  -0.0000826429    0.0000184489   -0.0041618272
  -0.0005513630   -0.0003282382   -0.0046906906
  -0.0004068149   -0.0008598018   -0.0058143776
   0.0978995487    0.0000000000    0.1200458271
  -0.0380074062    0.0000000000   -0.0003575036
  -0.0093094115    0.0000000000   -0.0010663073
  -0.0408389999    0.0000000000    0.0025478081
   0.0030090866    0.0013140170    0.0011069016
   0.0001845845   -0.0055115039   -0.0007677099
  -0.0025707977   -0.0000073005   -0.0013265763
  -0.0001879344    0.0058987419   -0.0003472691
   0.0004650311    0.0000000000   -0.0010655859
  -0.0000032095   -0.0000000000   -0.0013176938
  -0.0004716565   -0.0000000000   -0.0014798898
   0.0000170188    0.0000000000   -0.0013354913
   0.0030090866   -0.0013140170    0.0011069016
   0.0001845845    0.0055115039   -0.0007677099
  -0.0025707977    0.0000073005   -0.0013265763
  -0.0001879344   -0.0058987419   -0.0003472691
   0.0028258851    0.0000000000   -0.0359173318
  -0.0055141787    0.0000000000   -0.0066371866
  -0.0024802719    0.0000000000   -0.0015249052
   0.0054990058    0.0000000000    0.0035277878
   0.0009528770   -0.0055038079   -0.0015561156
  -0.0012297846   -0.0022710430   -0.0026157298
  -0.0008547266   -0.0002429983   -0.0015216973
   0.0010931162   -0.0000482637   -0.0006084010
   0.0002012137    0.0000000000   -0.0015270168
  -0.0002362461    0.0000000000   -0.0017394971
  -0.0002040175   -0.0000000000   -0.0015248376
   0.0002528693   -0.0000000000   -0.0013048613
   0.0009528770    0.0055038079   -0.0015561156
  -0.0012297846    0.0022710430   -0.0026157298
  -0.0008547266    0.0002429983   -0.0015216973
   0.0010931162    0.0000482637   -0.0006084010
   0.0004488710    0.0000000000   -0.0095041036
   0.0000280565    0.0000000000   -0.0038326093
  -0.0004397222    0.0000000000   -0.0019644171
  -0.0000408311    0.0000000000   -0.0037763923
   0.0001961328    0.0000350289   -0.0038048227
   0.0000029717   -0.0002269952   -0.0023327550
  -0.0001948089    0.0000019211   -0.0017212343
   0.0000084544    0.0002233443   -0.0023443824
   0.0000419533    0.0000000000   -0.0019644152
   0.0000037834    0.0000000000   -0.0017219662
  -0.0000427742    0.0000000000   -0.0015698598
   0.0000007990   -0.0000000000   -0.0017205634
   0.0001961328   -0.0000350289   -0.0038048227
   0.0000029717    0.0002269952   -0.0023327550
  -0.0001948089   -0.0000019211   -0.0017212343
   0.0000084544   -0.0002233443   -0.0023443824
   0.0028565811    0.0000000000   -0.0358145476
   0.0051153946    0.0000000000    0.0039041660
  -0.0024888849    0.0000000000   -0.0015281859
  -0.0051200397    0.0000000000   -0.0069292904
   0.0009585540    0.0051192118   -0.0015065038
   0.0009454212   -0.0000985534   -0.0004629085
  -0.0008585624    0.0002219152   -0.0015241592
  -0.0010829572    0.0021297194   -0.0027548944
   0.0002024791    0.0000000000   -0.0015261744
   0.0002286664    0.0000000000   -0.0012809070
  -0.0002051914    0.0000000000   -0.0015252724
  -0.0002123473    0.0000000000   -0.0017662107
   0.0009585540   -0.0051192118   -0.0015065038
   0.0009454212    0.0000985534   -0.0004629085
  -0.0008585624   -0.0002219152   -0.0015241592
  -0.0010829572   -0.0021297194   -0.0027548944
  -0.0110989720    0.0010541188   -0.0106416675
   0.0034696722    0.0082579614    0.0003444567
   0.0016343141   -0.0000099479    0.0014139510
   0.0038629518   -0.0087503678    0.0005428386
  -0.0004199328   -0.0002910971    0.0012065067
  -0.0000350221    0.0014034905    0.0013065800
   0.0004269281   -0.0000037552    0.0015331603
   0.0000021932   -0.0015096363    0.0014538181
  -0.0004199328    0.0002910971    0.0012065067
  -0.0000350221   -0.0014034905    0.0013065800
   0.0004269281    0.0000037552    0.0015331603
   0.0000021932    0.0015096363    0.0014538181
  -0.0110989720   -0.0010541188   -0.0106416675
   0.0034696722   -0.0082579614    0.0003444567
   0.0016343141    0.0000099479    0.0014139510
   0.0038629518    0.0087503678    0.0005428386
  -0.0012379148    0.0075780732    0.0053567143
   0.0012567139    0.0023369282    0.0028749919
   0.0007087012    0.0002283009    0.0015624700
  -0.0007351100    0.0000397407    0.0008390546
  -0.0002098199    0.0014169172    0.0014555356
   0.0002055508    0.0008994160    0.0017375590
   0.0001752154    0.0001051731    0.0015705612
  -0.0001871658    0.0000377128    0.0013995322
  -0.0002098199   -0.0014169172    0.0014555356
   0.0002055508   -0.0008994160    0.0017375590
   0.0001752154   -0.0001051731    0.0015705612
  -0.0001871658   -0.0000377128    0.0013995322
  -0.0012379148   -0.0075780732    0.0053567143
   0.0012567139   -0.0023369282    0.0028749919
   0.0007087012   -0.0002283009    0.0015624700
  -0.0007351100   -0.0000397407    0.0008390546
  -0.0001634676   -0.0000945960    0.0030712293
   0.0000411443    0.0002126247    0.0022381562
   0.0001735027    0.0000031152    0.0017526662
  -0.0000565832   -0.0002039708    0.0021914307
  -0.0000403994    0.0000085895    0.0019802144
   0.0000098394    0.0000981978    0.0017411279
   0.0000405283    0.0000004765    0.0016180613
  -0.0000104410   -0.0000971287    0.0017369299
  -0.0000403994   -0.0000085895    0.0019802144
   0.0000098394   -0.0000981978    0.0017411279
   0.0000405283   -0.0000004765    0.0016180613
  -0.0000104410    0.0000971287    0.0017369299
  -0.0001634676    0.0000945960    0.0030712293
   0.0000411443   -0.0002126247    0.0022381562
   0.0001735027   -0.0000031152    0.0017526662
  -0.0000565832    0.0002039708    0.0021914307
  -0.0011179486   -0.0077566080    0.0044143511
  -0.0006692238    0.0001062679    0.0008894917
   0.0006155208   -0.0002008227    0.0015701152
   0.0010612647   -0.0023479732    0.0026298905
  -0.0001907602   -0.0013305576    0.0016424178
  -0.0001527246    0.0000437397    0.0014051381
   0.0001566430   -0.0000994446    0.0015813690
   0.0001718835   -0.0008439440    0.0017977779
  -0.0001907602    0.0013305576    0.0016424178
  -0.0001527246   -0.0000437397    0.0014051381
   0.0001566430    0.0000994446    0.0015813690
   0.0001718835    0.0008439440    0.0017977779
  -0.0011179486    0.0077566080    0.0044143511
  -0.0006692238   -0.0001062679    0.0008894917
   0.0006155208    0.0002008227    0.0015701152
   0.0010612647    0.0023479732    0.0026298905
   0.0019891269   -0.0000000000   -0.0106849913
   0.0104682431   -0.0000000000    0.0007789864
   0.0110473647   -0.0000000000    0.0016355480
  -0.0021080611   -0.0000000000   -0.0106394488
  -0.0020921822    0.0008273144    0.0005079463
   0.0018484110    0.0007348656    0.0013970757
   0.0019524998   -0.0007761609    0.0013632004
  -0.0016169494   -0.0011977275    0.0003791811
  -0.0003734631   -0.0000000000    0.0014160632
   0.0003437656   -0.0000000000    0.0015347314
   0.0003483431   -0.0000000000    0.0015314698
  -0.0003608573   -0.0000000000    0.0014113212
  -0.0020921822   -0.0008273144    0.0005079463
   0.0018484110   -0.0007348656    0.0013970757
   0.0019524998    0.0007761609    0.0013632004
  -0.0016169494    0.0011977275    0.0003791811
   0.0058643810   -0.0000000000    0.0064357174
   0.0032100341   -0.0000000000    0.0022702685
   0.0003789225   -0.0000000000    0.0006371192
  -0.0092983745   -0.0000000000    0.0042806461
   0.0006866018    0.0017331373    0.0025996557
   0.0010153249    0.0004510974    0.0018288760
   0.0000761328   -0.0000597216    0.0013076011
  -0.0016966273    0.0002549731    0.0011121222
   0.0000978319   -0.0000000000    0.0016285670
   0.0002346598   -0.0000000000    0.0016463453
   0.0000232812   -0.0000000000    0.0014949340
  -0.0003625314   -0.0000000000    0.0014982580
   0.0006866018   -0.0017331373    0.0025996557
   0.0010153249   -0.0004510974    0.0018288760
   0.0000761328    0.0000597216    0.0013076011
  -0.0016966273   -0.0002549731    0.0011121222
  -0.0004369149   -0.0000000000    0.0030969113
   0.0003352813   -0.0000000000    0.0019988568
   0.0003192500   -0.0000000000    0.0019612803
  -0.0002499626   -0.0000000000    0.0030455381
  -0.0001216429    0.0001089740    0.0022244684
   0.0001233636    0.0000765968    0.0017471643
   0.0001220861   -0.0000570051    0.0017307811
  -0.0001325330   -0.0000119864    0.0022052603
  -0.0000205179   -0.0000000000    0.0017563950
   0.0000239704   -0.0000000000    0.0016208807
   0.0000227321   -0.0000000000    0.0016152470
  -0.0000277058   -0.0000000000    0.0017491429
  -0.0001216429   -0.0001089740    0.0022244684
   0.0001233636   -0.0000765968    0.0017471643
   0.0001220861    0.0000570051    0.0017307811
  -0.0001325330    0.0000119864    0.0022052603
  -0.0095598841   -0.0000000000    0.0035236553
   0.0005512075   -0.0000000000    0.0009859329
   0.0032158935   -0.0000000000    0.0023019186
   0.0059490613   -0.0000000000    0.0053053461
  -0.0016350760   -0.0002166372    0.0011113443
   0.0001494810    0.0000546006    0.0013900203
   0.0009479708   -0.0003801710    0.0018128710
   0.0005993994   -0.0015177169    0.0024108543
  -0.0003300409   -0.0000000000    0.0015110945
   0.0000264280   -0.0000000000    0.0015168214
   0.0002243726   -0.0000000000    0.0016457322
   0.0000682096   -0.0000000000    0.0016277651
  -0.0016350760    0.0002166372    0.0011113443
   0.0001494810   -0.0000546006    0.0013900203
   0.0009479708    0.0003801710    0.0018128710
   0.0005993994    0.0015177169    0.0024108543
  -0.0132849803   -0.0000000000   -0.0412428150
   0.0045789087   -0.0000000000    0.0088501720
   0.0016437070   -0.0000000000    0.0020828851
   0.0030499169   -0.0000000000   -0.0078341944
  -0.0011554455    0.0007751681    0.0005041460
   0.0010002809    0.0017653718    0.0029656459
   0.0006946531    0.0000658086    0.0023471055
  -0.0005595700   -0.0002076626    0.0006702216
  -0.0001691533   -0.0000000000    0.0020848660
   0.0000550874   -0.0000000000    0.0025387396
   0.0001884110   -0.0000000000    0.0024630611
  -0.0000791283   -0.0000000000    0.0021565468
  -0.0011554455   -0.0007751681    0.0005041460
   0.0010002809   -0.0017653718    0.0029656459
   0.0006946531   -0.0000658086    0.0023471055
  -0.0005595700    0.0002076626    0.0006702216
  -0.0004123114   -0.0000000000    0.0129220912
   0.0007635140   -0.0000000000    0.0056314278
   0.0004290758   -0.0000000000    0.0028098743
  -0.0007765745   -0.0000000000    0.0027314413
  -0.0002128819    0.0007699043    0.0041840569
   0.0002582349    0.0004345484    0.0034818591
   0.0001701682    0.0000734686    0.0026136200
  -0.0002329152    0.0000557548    0.0025734402
  -0.0000434916   -0.0000000000    0.0028120524
   0.0000735436   -0.0000000000    0.0027183602
   0.0000437522   -0.0000000000    0.0025164841
  -0.0000743388   -0.0000000000    0.0025097116
  -0.0002128819   -0.0007699043    0.0041840569
   0.0002582349   -0.0004345484    0.0034818591
   0.0001701682   -0.0000734686    0.0026136200
  -0.0002329152   -0.0000557548    0.0025734402
  -0.0004010362   -0.0000000000    0.0106512390
  -0.0006435067   -0.0000000000    0.0029448768
   0.0003954161   -0.0000000000    0.0028234785
   0.0005980292   -0.0000000000    0.0053501163
  -0.0001844807   -0.0006209130    0.0041451440
  -0.0002042961   -0.0000398870    0.0026170190
   0.0001592281   -0.0000634897    0.0026219818
   0.0002142608   -0.0003795458    0.0033838497
  -0.0000388841   -0.0000000000    0.0028217749
  -0.0000638119   -0.0000000000    0.0025281168
   0.0000403952   -0.0000000000    0.0025218768
   0.0000623751   -0.0000000000    0.0027152165
  -0.0001844807    0.0006209130    0.0041451440
  -0.0002042961    0.0000398870    0.0026170190
   0.0001592281    0.0000634897    0.0026219818
   0.0002142608    0.0003795458    0.0033838497
  -0.0095291507   -0.0000000000    0.0228744919
   0.0021286086   -0.0000000000   -0.0062767656
   0.0015666946   -0.0000000000    0.0022094704
   0.0042899231   -0.0000000000    0.0086891940
  -0.0012335423   -0.0010718477    0.0011955438
  -0.0003801030    0.0002979757    0.0010244451
   0.0006521899   -0.0000569683    0.0023863798
   0.0008493289   -0.0015284101    0.0033354638
  -0.0001661365   -0.0000000000    0.0022070289
  -0.0000670215   -0.0000000000    0.0021527412
   0.0001810247   -0.0000000000    0.0024746073
   0.0000448092   -0.0000000000    0.0026187038
  -0.0012335423    0.0010718477    0.0011955438
  -0.0003801030   -0.0002979757    0.0010244451
   0.0006521899    0.0000569683    0.0023863798
   0.0008493289    0.0015284101    0.0033354638

129  
  0.0057523647086517   0.0057523647086517   0.0058155481699765
   0.0020462784    0.0050377653   -0.0019888165
  -0.0001859801    0.0004966092   -0.0038559036
  -0.0006043186    0.0004945711   -0.0040964902
   0.0014976571    0.0050220685   -0.0028018215
  -0.0006798282   -0.0011197616   -0.0020083105
  -0.0004494950   -0.0001879230   -0.0037356162
   0.0000023388    0.0000741290   -0.0039060845
   0.0011242361   -0.0000878077   -0.0027880558
   0.0000893580   -0.0008187512   -0.0039919562
  -0.0000612235   -0.0002372191   -0.0040553181
  -0.0000957643   -0.0002365322   -0.0041213836
   0.0000675543   -0.0008180845   -0.0040424056
   0.0016603353   -0.0010317844   -0.0048226410
   0.0001454139   -0.0000634972   -0.0041654457
  -0.0005901552   -0.0003242246   -0.0043341512
  -0.0012200913   -0.0020526422   -0.0055915334
  -0.0003510354    0.0055074588   -0.0044038985
  -0.0005705269    0.0005700503   -0.0041107408
  -0.0002433455    0.0005675220   -0.0038491616
   0.0022090105    0.0054878078   -0.0022088361
  -0.0017320331   -0.0022874030   -0.0056734394
  -0.0006249535   -0.0003404974   -0.0043885471
   0.0001660601   -0.0000647892   -0.0041872818
   0.0022263102   -0.0014326092   -0.0049997430
   0.0000312291   -0.0009008588   -0.0040968696
  -0.0001082170   -0.0002493136   -0.0041427120
  -0.0000507236   -0.0002485657   -0.0040629896
   0.0001289630   -0.0009002550   -0.0040336423
   0.0013643859   -0.0005092293   -0.0029404097
   0.0000336644    0.0000287300   -0.0039352397
  -0.0004894968   -0.0002450477   -0.0037356912
  -0.0008763177   -0.0013563173   -0.0022741552
   0.0000270822    0.0005387348   -0.0046527564
  -0.0002495038    0.0001523408   -0.0043765936
  -0.0000398476    0.0001519816   -0.0041699395
   0.0002423596    0.0005387315   -0.0043323085
  -0.0002370522   -0.0003134920   -0.0047315347
  -0.0002066785   -0.0001362566   -0.0043291242
   0.0000671321   -0.0000409106   -0.0042342058
   0.0003744444   -0.0002082073   -0.0046073550
  -0.0000180118   -0.0002443585   -0.0042308106
  -0.0000468728   -0.0000669060   -0.0041677302
   0.0000009549   -0.0000667575   -0.0041253850
   0.0000645574   -0.0002442218   -0.0041886214
   0.0001977682    0.0000324221   -0.0040879824
  -0.0000308268    0.0000539535   -0.0041521762
  -0.0001082180   -0.0000411562   -0.0040578639
  -0.0000609458   -0.0000729484   -0.0039640705
   0.0002692746    0.0004880517   -0.0043391651
  -0.0000421602    0.0001413638   -0.0041598389
  -0.0002738963    0.0001410103   -0.0043931693
   0.0000232055    0.0004882150   -0.0047201260
  -0.0000401605   -0.0000488750   -0.0039755727
  -0.0001028763   -0.0000369020   -0.0040574597
  -0.0000472295    0.0000701335   -0.0041689939
   0.0001811669    0.0000710675   -0.0041236655
   0.0000541701   -0.0002243462   -0.0041670983
  -0.0000025857   -0.0000621868   -0.0041200204
  -0.0000442724   -0.0000620465   -0.0041647950
  -0.0000067633   -0.0002242091   -0.0042126970
   0.0003661679   -0.0002187663   -0.0045655571
   0.0000603095   -0.0000412425   -0.0042240213
  -0.0002097303   -0.0001476936   -0.0043347739
  -0.0002255910   -0.0003390345   -0.0047134661
   0.0091214348   -0.0004326050    0.0076216096
   0.0038688495    0.0023064937   -0.0005491871
  -0.0013303941    0.0002989460   -0.0013862403
  -0.0098103866    0.0006465811   -0.0002325389
   0.0090120134    0.0006543623    0.0094054457
  -0.0100848238    0.0007334153   -0.0009774297
  -0.0013400963    0.0003017100   -0.0014010984
   0.0040423688    0.0023819622   -0.0006550195
   0.0003453085   -0.0091995326   -0.0014845043
  -0.0012423177   -0.0021643181   -0.0014269526
  -0.0003501285   -0.0002825432   -0.0014923686
   0.0012682274   -0.0009217178   -0.0013936427
   0.0003418666   -0.0084024437   -0.0009719310
   0.0011409159   -0.0009516982   -0.0013389728
  -0.0003475351   -0.0002835812   -0.0014898234
  -0.0011136382   -0.0021780488   -0.0013062022
   0.0009175410    0.0022190311    0.0024203383
   0.0001198250    0.0014953640   -0.0014819791
  -0.0005032904    0.0001554253   -0.0013608750
  -0.0004407467    0.0004266291   -0.0000803629
   0.0009181367    0.0007300213   -0.0101824066
  -0.0018895607   -0.0006493091   -0.0032972773
  -0.0005052676    0.0000583388   -0.0016821646
   0.0015693694    0.0004181207   -0.0018842331
   0.0001564925   -0.0020878266   -0.0026619072
  -0.0005337673   -0.0008034082   -0.0020010639
  -0.0001285948   -0.0001561132   -0.0016104402
   0.0005181030   -0.0004456427   -0.0017379783
   0.0001554213   -0.0009943367   -0.0005074451
   0.0001920793   -0.0000942146   -0.0013559858
  -0.0001279922   -0.0000486211   -0.0014508436
  -0.0002071971   -0.0004492666   -0.0010954855
   0.0001336269    0.0002592749   -0.0026679962
   0.0001960932    0.0001454351   -0.0020148648
  -0.0001417339    0.0000167084   -0.0016736865
  -0.0001832551    0.0000466313   -0.0020901668
   0.0001336413    0.0003024552   -0.0028278223
  -0.0001445123    0.0000626285   -0.0020062925
  -0.0001419081    0.0000228462   -0.0016676915
   0.0001572061    0.0001612903   -0.0020813716
   0.0000331694   -0.0002521392   -0.0018493266
  -0.0000778771   -0.0001484459   -0.0016507729
  -0.0000332400   -0.0000168197   -0.0015601774
   0.0000783414   -0.0000391439   -0.0016665888
   0.0000330194   -0.0002832725   -0.0018641168
   0.0000819618   -0.0000525819   -0.0016524420
  -0.0000331371   -0.0000214587   -0.0015611738
  -0.0000814760   -0.0001616668   -0.0016682847
   0.0010073205    0.0005165256   -0.0106628983
   0.0015605231    0.0004024016   -0.0019098902
  -0.0005757443    0.0000551479   -0.0017015976
  -0.0019864228   -0.0007999013   -0.0034981060
   0.0010077634    0.0022905037    0.0014989193
  -0.0003123305    0.0004276917    0.0000155084
  -0.0005776151    0.0001620590   -0.0013286277
  -0.0001129915    0.0016276179   -0.0015836006
   0.0001720597   -0.0007928382   -0.0002806229
  -0.0002215621   -0.0004418864   -0.0009794388
  -0.0001432869   -0.0000438069   -0.0014359825
   0.0002060259   -0.0000253640   -0.0012981756
   0.0001710240   -0.0021383697   -0.0025660819
   0.0004842078   -0.0004537609   -0.0017417844
  -0.0001427025   -0.0001679637   -0.0016076063
  -0.0004992829   -0.0008675625   -0.0020576023
  -0.0358582355   -0.0774617830   -0.0339767005
   0.0007005214   -0.0034902908    0.0009965223
   0.0003740133   -0.0006047033    0.0015061182
   0.0007443321   -0.0034684650    0.0009524247
   0.0004849768    0.0196316438    0.0007199988
   0.0011940691    0.0021581763    0.0013674347
   0.0002523542    0.0001787968    0.0015356769
  -0.0007994289    0.0001869177    0.0013945152
  -0.0000831702    0.0043673445    0.0014851077
   0.0000105151    0.0011309508    0.0015099741
   0.0001045814    0.0002615320    0.0015657304
  -0.0000211012    0.0011274490    0.0015406561
   0.0004602374    0.0169548222    0.0031869583
  -0.0007711334    0.0001893977    0.0013626468
   0.0002502506    0.0001821992    0.0015301502
   0.0011544090    0.0021346180    0.0013898560
  -0.0005805465   -0.0033059175    0.0023041076
   0.0014289650   -0.0008462272    0.0030613681
   0.0001899448   -0.0001983038    0.0015683139
  -0.0001402398   -0.0008450951    0.0014350426
  -0.0002040741    0.0018899518    0.0028220202
   0.0005125501    0.0007858316    0.0020809597
   0.0001261153    0.0001307534    0.0016643601
  -0.0004443448    0.0002025928    0.0018634915
  -0.0000496732    0.0010901565    0.0015719701
   0.0000543294    0.0003523749    0.0016183644
   0.0000424313    0.0000790032    0.0015768601
  -0.0000467524    0.0003515744    0.0015439810
  -0.0002032286    0.0002987310    0.0006617408
  -0.0001983541   -0.0003758146    0.0013546113
   0.0001253394   -0.0000201335    0.0014924667
   0.0002663016    0.0002061179    0.0011388818
  -0.0000691416   -0.0005626199    0.0019364553
  -0.0000032076   -0.0001924306    0.0017597852
   0.0000916512   -0.0000355700    0.0016708309
  -0.0000116089   -0.0001922372    0.0017659868
  -0.0000416846    0.0001394076    0.0018468232
   0.0000815204    0.0001213283    0.0017112481
   0.0000438363    0.0000099386    0.0016234206
  -0.0000773739   -0.0000326265    0.0017144550
  -0.0000092870    0.0002441090    0.0016795127
   0.0000020214    0.0000757799    0.0016176932
   0.0000078922    0.0000131391    0.0015843736
  -0.0000009320    0.0000756427    0.0016202455
  -0.0000417154    0.0001944078    0.0017883490
  -0.0000726143   -0.0000117907    0.0016888204
   0.0000437405    0.0000131023    0.0016198071
   0.0000768344    0.0001421880    0.0016920909
  -0.0005737858   -0.0032849502    0.0022964352
  -0.0001798438   -0.0008450054    0.0014744415
   0.0001883554   -0.0001980847    0.0015676507
   0.0014367027   -0.0008439103    0.0029985285
  -0.0002032871    0.0000001496    0.0009585265
   0.0002152952    0.0001931424    0.0012024204
   0.0001251132   -0.0000310209    0.0015037726
  -0.0001473240   -0.0005127640    0.0014429689
  -0.0000494810    0.0010866468    0.0015712111
  -0.0000335641    0.0003515581    0.0015309408
   0.0000421701    0.0000788597    0.0015767268
   0.0000411865    0.0003507770    0.0016301064
  -0.0002023335    0.0021674305    0.0025147617
  -0.0003641230    0.0002155469    0.0017710289
   0.0001244598    0.0001416559    0.0016519482
   0.0004316488    0.0009207264    0.0020099930
  -0.0086268956   -0.0016052609    0.0003171030
  -0.0003280349   -0.0002695669    0.0015204925
   0.0027764461   -0.0001216640    0.0015596831
   0.0180954728    0.0113814455    0.0001333211
   0.0190055714    0.0113270300   -0.0003603885
   0.0028630591   -0.0001396389    0.0013172527
  -0.0003865659   -0.0002866373    0.0013579298
  -0.0092598542   -0.0019034475   -0.0005429313
   0.0014932967    0.0013300619    0.0014215110
   0.0007027081    0.0003096838    0.0015271542
  -0.0002353549    0.0001443239    0.0015148994
  -0.0019026034    0.0011817520    0.0014012584
  -0.0016848969    0.0011352779    0.0014766912
  -0.0001997754    0.0001572617    0.0015623855
   0.0006638117    0.0003206199    0.0015501960
   0.0012772789    0.0012820166    0.0014569662
  -0.0010325326   -0.0010702870    0.0016253897
   0.0003492571   -0.0002380611    0.0015461564
   0.0004249023   -0.0000862706    0.0013457569
   0.0002731053   -0.0004562893    0.0009112888
   0.0014424700    0.0001830070    0.0030471118
   0.0010318780    0.0000556375    0.0017858609
  -0.0002555098   -0.0000954947    0.0015840790
  -0.0022010152   -0.0004295487    0.0023310095
   0.0004051194    0.0006290994    0.0020412642
   0.0002852568    0.0001716440    0.0016876678
  -0.0001172879    0.0000890743    0.0016070830
  -0.0005664018    0.0004822950    0.0018972704
  -0.0002812643    0.0003040373    0.0013077118
   0.0000220826    0.0000173649    0.0015533382
   0.0001452094    0.0000991980    0.0014734265
   0.0001207523    0.0004496492    0.0011647439
  -0.0003048576   -0.0001142819    0.0018244609
   0.0000058041   -0.0000429194    0.0016822691
   0.0001837241   -0.0000018368    0.0016834698
   0.0001074953   -0.0000877143    0.0018275892
   0.0000686020   -0.0000834911    0.0018657786
   0.0001639040   -0.0000013323    0.0016852362
   0.0000256887   -0.0000423207    0.0016863586
  -0.0002662392   -0.0001101066    0.0018689078
   0.0000556578    0.0001167629    0.0016950102
   0.0000503091    0.0000381589    0.0016081393
  -0.0000088451    0.0000036859    0.0016080002
  -0.0000998765    0.0000757242    0.0016949787
  -0.0001022860    0.0000730184    0.0016737462
  -0.0000112485    0.0000033287    0.0016055066
   0.0000525858    0.0000377172    0.0016053808
   0.0000581956    0.0001140990    0.0016737337
  -0.0023805866   -0.0003232792    0.0022288942
  -0.0002476346   -0.0000806756    0.0016542823
   0.0011723426    0.0000650089    0.0018284578
   0.0014987296    0.0002780553    0.0028480130
   0.0000745381   -0.0004327328    0.0010869241
   0.0004378403   -0.0000798583    0.0013735149
   0.0004889497   -0.0002249088    0.0015484848
  -0.0009553096   -0.0010324442    0.0017081031
   0.0001284267    0.0003602939    0.0011963211
   0.0001578595    0.0000842227    0.0014759144
   0.0000301283    0.0000024436    0.0015466466
  -0.0003098703    0.0002090367    0.0013371133
  -0.0005506088    0.0004114392    0.0017920093
  -0.0001047385    0.0000830722    0.0016134832
   0.0002920530    0.0001642095    0.0016836394
   0.0003699554    0.0005612265    0.0019314069
  -0.0015803326   -0.0020379068   -0.0077437814
   0.0000271933   -0.0010120482    0.0014534036
   0.0002775953   -0.0001188559    0.0022150174
   0.0007926161   -0.0003869366    0.0001141986
  -0.0016056441    0.0119740131    0.0203993168
   0.0014375117    0.0001590858    0.0040668208
   0.0002792951   -0.0000927827    0.0025722539
  -0.0006100883   -0.0004650893    0.0027052168
  -0.0001320154    0.0013282622    0.0039153757
   0.0004420178    0.0006172527    0.0028489565
   0.0001083702    0.0001205239    0.0025459239
  -0.0004332984    0.0004317273    0.0026051099
  -0.0001309621    0.0011358492    0.0009215653
  -0.0002602361    0.0002870581    0.0022255453
   0.0001076609    0.0000820574    0.0023990729
   0.0002687853    0.0004706170    0.0019838092
  -0.0001337631   -0.0002695793    0.0019407240
  -0.0000353829   -0.0002338802    0.0028211422
   0.0001030724   -0.0000426796    0.0024967738
   0.0000539150   -0.0000925885    0.0022166317
  -0.0001340460   -0.0001364462    0.0052766051
   0.0002379420    0.0000567008    0.0035238559
   0.0001033106   -0.0000031865    0.0026643911
  -0.0002195667   -0.0000842620    0.0029168177
  -0.0000357074    0.0003172132    0.0031613457
   0.0001130786    0.0001665507    0.0027750319
   0.0000297023    0.0000392044    0.0025462876
  -0.0001049154    0.0000950262    0.0026517833
  -0.0000355257    0.0001650002    0.0022634510
  -0.0000261269    0.0000174141    0.0025064134
   0.0000295863    0.0000043343    0.0024830095
   0.0000342152    0.0000885795    0.0023837415
  -0.0001340613   -0.0001069003    0.0047416178
  -0.0002095384   -0.0000761605    0.0029050375
   0.0001089652    0.0000006098    0.0026739801
   0.0002256430    0.0000596461    0.0035346837
  -0.0001343300   -0.0002703830    0.0023979345
   0.0000309812   -0.0000873784    0.0023046202
   0.0001091253   -0.0000458159    0.0025252632
  -0.0000150666   -0.0002228340    0.0029355813
  -0.0000361999    0.0001248253    0.0023388778
   0.0000304382    0.0000789504    0.0023982351
   0.0000308397    0.0000020984    0.0024861882
  -0.0000225169    0.0000029406    0.0025322383
  -0.0000360655    0.0002967404    0.0030889124
  -0.0000966059    0.0000908988    0.0026347850
   0.0000307403    0.0000400028    0.0025485574
   0.0001044935    0.0001665781    0.0027682984
  -0.0015085901    0.0096185342    0.0186081414
  -0.0005567282   -0.0004005750    0.0027034878
   0.0002726036   -0.0000879299    0.0026059493
   0.0013819312    0.0003468358    0.0039407670
  -0.0015270767   -0.0018739781   -0.0038931806
   0.0006445549   -0.0004207364    0.0003779223
   0.0002742501   -0.0001167402    0.0021867524
   0.0001859325   -0.0011661627    0.0016315659
  -0.0001460526    0.0011070107    0.0006918264
   0.0002701114    0.0004333396    0.0019212680
   0.0001106266    0.0000743073    0.0023811332
  -0.0002463511    0.0002397573    0.0021833088
  -0.0001446355    0.0011999324    0.0036855988
  -0.0003594731    0.0003926464    0.0026312278
   0.0001099735    0.0001226605    0.0025586405
   0.0003825940    0.0005839137    0.0028910414

129  
 -0.0057523647086517  -0.0057523647086517  -0.0058155481699765
  -0.0020175898   -0.0050347486   -0.0062772937
   0.0001834417   -0.0004941745   -0.0043810644
   0.0006144438   -0.0004962022   -0.0041427150
  -0.0017645799   -0.0050499444   -0.0056947098
   0.0006750999    0.0011059012   -0.0062113026
   0.0004471464    0.0001856771   -0.0045023832
  -0.0000002995   -0.0000768593   -0.0043348680
  -0.0011184352    0.0000814037   -0.0054451335
  -0.0000904145    0.0008179140   -0.0042468670
   0.0000608506    0.0002365346   -0.0041844846
   0.0000966142    0.0002372199   -0.0041187276
  -0.0000669572    0.0008185755   -0.0041967106
  -0.0016756641    0.0010422965   -0.0034167317
  -0.0001449399    0.0000640592   -0.0040750450
   0.0005941743    0.0003278989   -0.0039057620
   0.0012282045    0.0020779277   -0.0026396724
   0.0005377250   -0.0054614281   -0.0036348301
   0.0005628445   -0.0005673383   -0.0041308989
   0.0002469538   -0.0005698697   -0.0043947914
  -0.0022355690   -0.0054813395   -0.0059972837
   0.0017186289    0.0022584144   -0.0025770912
   0.0006199588    0.0003364107   -0.0038524774
  -0.0001652261    0.0000637606   -0.0040531833
  -0.0022048126    0.0014141625   -0.0032457157
  -0.0000327666    0.0008986338   -0.0041443259
   0.0001075182    0.0002482663   -0.0040976611
   0.0000512977    0.0002490147   -0.0041777519
  -0.0001273156    0.0008992424   -0.0042078699
  -0.0013701985    0.0005178381   -0.0053042201
  -0.0000347201   -0.0000264978   -0.0043043994
   0.0004925310    0.0002480943   -0.0045068278
   0.0008777895    0.0013697755   -0.0059802693
  -0.0000289401   -0.0005362428   -0.0035961303
   0.0002473195   -0.0001515458   -0.0038658348
   0.0000399566   -0.0001519048   -0.0040702671
  -0.0002387365   -0.0005362498   -0.0039119953
   0.0002361525    0.0003094383   -0.0035139224
   0.0002046396    0.0001346328   -0.0039131502
  -0.0000667556    0.0000404367   -0.0040062370
  -0.0003720305    0.0002053811   -0.0036363357
   0.0000177996    0.0002433351   -0.0040103167
   0.0000464811    0.0000665605   -0.0040728820
  -0.0000008431    0.0000667088   -0.0041149350
  -0.0000640550    0.0002434719   -0.0040522319
  -0.0001974711   -0.0000299062   -0.0041538258
   0.0000299543   -0.0000528238   -0.0040889005
   0.0001084330    0.0000416088   -0.0041825971
   0.0000610287    0.0000740778   -0.0042765265
  -0.0002724190   -0.0004901563   -0.0038987936
   0.0000427412   -0.0001413109   -0.0040808061
   0.0002760732   -0.0001416645   -0.0038448325
  -0.0000227481   -0.0004899826   -0.0035114147
   0.0000403025    0.0000483690   -0.0042645189
   0.0001028933    0.0000366178   -0.0041825979
   0.0000485969   -0.0000719634   -0.0040697367
  -0.0001820771   -0.0000733471   -0.0041150811
  -0.0000545502    0.0002247767   -0.0040727389
   0.0000025656    0.0000621478   -0.0041201424
   0.0000446701    0.0000622876   -0.0040750037
   0.0000067700    0.0002249121   -0.0040268114
  -0.0003680804    0.0002211019   -0.0036725574
  -0.0000603369    0.0000415127   -0.0040161867
   0.0002125130    0.0001506930   -0.0039025398
   0.0002258829    0.0003424699   -0.0035229620
  -0.0090253567   -0.0006211787   -0.0105958142
  -0.0038702001   -0.0022820635   -0.0024921715
   0.0013412066   -0.0002982550   -0.0016663659
   0.0099128899   -0.0006306646   -0.0028366876
  -0.0091337906    0.0005720236   -0.0125347114
   0.0099729209   -0.0007443687   -0.0020696188
   0.0013315049   -0.0003021364   -0.0016515428
  -0.0040311760   -0.0024071319   -0.0024084140
  -0.0003419168    0.0090930381   -0.0015691521
   0.0012342166    0.0021501556   -0.0016244361
   0.0003478567    0.0002811432   -0.0015599519
  -0.0012617281    0.0009230839   -0.0016583965
  -0.0003453512    0.0084758177   -0.0020869256
  -0.0011443271    0.0009476650   -0.0017138213
   0.0003504520    0.0002847502   -0.0015627861
   0.0011181761    0.0021909780   -0.0017482994
  -0.0009066727   -0.0021920682   -0.0054920239
  -0.0001302057   -0.0014805671   -0.0015783818
   0.0005014496   -0.0001544996   -0.0016928388
   0.0004447834   -0.0004283408   -0.0029871858
  -0.0009060661   -0.0007420555    0.0070148705
   0.0018669510    0.0006376403    0.0002242496
   0.0004994698   -0.0000588709   -0.0013717364
  -0.0015516856   -0.0004159109   -0.0011730895
  -0.0001548668    0.0020724170   -0.0003989367
   0.0005296150    0.0007950688   -0.0010549961
   0.0001272036    0.0001550225   -0.0014425439
  -0.0005144954    0.0004433038   -0.0013156809
  -0.0001559462    0.0009926795   -0.0025483784
  -0.0001921328    0.0000964489   -0.0016962657
   0.0001278072    0.0000493330   -0.0016020418
   0.0002077989    0.0004509327   -0.0019595355
  -0.0001339518   -0.0002587060   -0.0003772107
  -0.0001974371   -0.0001447402   -0.0010402437
   0.0001423767   -0.0000165326   -0.0013782560
   0.0001849289   -0.0000456817   -0.0009552783
  -0.0001339431   -0.0003030916   -0.0002344230
   0.0001433304   -0.0000629806   -0.0010528224
   0.0001422033   -0.0000229830   -0.0013846045
  -0.0001559901   -0.0001621709   -0.0009676237
  -0.0000330876    0.0002509339   -0.0012057668
   0.0000774440    0.0001475058   -0.0014031809
   0.0000331975    0.0000164871   -0.0014923446
  -0.0000779551    0.0000381340   -0.0013853853
  -0.0000332364    0.0002846184   -0.0011863748
  -0.0000823245    0.0000532208   -0.0014003442
   0.0000332994    0.0000217487   -0.0014911422
   0.0000818341    0.0001628047   -0.0013825805
  -0.0010198001   -0.0005019980    0.0076897033
  -0.0015737794   -0.0004064728   -0.0011425370
   0.0005842903   -0.0000543353   -0.0013493706
   0.0020100155    0.0008140062    0.0004687737
  -0.0010193906   -0.0023123114   -0.0045562199
   0.0003109623   -0.0004233483   -0.0030537667
   0.0005824283   -0.0001628055   -0.0017224699
   0.0001261981   -0.0016463750   -0.0014529850
  -0.0001718184    0.0007965543   -0.0027660157
   0.0002208320    0.0004405578   -0.0020696735
   0.0001439507    0.0000428210   -0.0016160654
  -0.0002059978    0.0000211714   -0.0017538157
  -0.0001728398    0.0021506794   -0.0004826662
  -0.0004866915    0.0004544944   -0.0013105639
   0.0001445309    0.0001690242   -0.0014444833
   0.0005019842    0.0008765873   -0.0009917897
   0.0359351572    0.0771314037    0.0370126847
  -0.0006930025    0.0034652977    0.0021489539
  -0.0003745157    0.0006044485    0.0016458153
  -0.0007516933    0.0034871241    0.0022062222
  -0.0004579598   -0.0194342931    0.0024544041
  -0.0011796895   -0.0021282075    0.0017823869
  -0.0002505973   -0.0001765879    0.0016164480
   0.0007967041   -0.0001825188    0.0017567021
   0.0000832281   -0.0043586496    0.0016653279
  -0.0000097181   -0.0011264621    0.0016416491
  -0.0001046862   -0.0002614221    0.0015862232
   0.0000203559   -0.0011299635    0.0016113132
  -0.0004826280   -0.0170786801   -0.0000554867
   0.0007716426   -0.0001913542    0.0017888107
  -0.0002526998   -0.0001842696    0.0016218937
  -0.0011659936   -0.0021630770    0.0017632276
   0.0005737304    0.0032856154    0.0008588638
  -0.0014009045    0.0008433295    0.0001183576
  -0.0001889202    0.0001979108    0.0015845111
   0.0001443889    0.0008445234    0.0017126155
   0.0002025056   -0.0018635091    0.0003427671
  -0.0005074995   -0.0007766082    0.0010758338
  -0.0001246518   -0.0001295761    0.0014881916
   0.0004400991   -0.0002001319    0.0012915623
   0.0000495098   -0.0010858222    0.0015807815
  -0.0000536168   -0.0003504432    0.0015341382
  -0.0000422195   -0.0000788112    0.0015752747
   0.0000460087   -0.0003512443    0.0016087389
   0.0002033661   -0.0003050969    0.0024925788
   0.0002006222    0.0003692747    0.0017990406
  -0.0001254289    0.0000190721    0.0016601187
  -0.0002682812   -0.0002085034    0.0020165098
   0.0000691744    0.0005626945    0.0012161968
   0.0000038844    0.0001921181    0.0013938195
  -0.0000917589    0.0000355055    0.0014811329
   0.0000110165    0.0001923048    0.0013846617
   0.0000417466   -0.0001373803    0.0013075084
  -0.0000810152   -0.0001204104    0.0014425061
  -0.0000437931   -0.0000095208    0.0015286795
   0.0000767698    0.0000339607    0.0014374190
   0.0000092903   -0.0002440635    0.0014726068
  -0.0000019096   -0.0000755998    0.0015345733
  -0.0000078946   -0.0000131219    0.0015676386
   0.0000008136   -0.0000757351    0.0015315109
   0.0000417147   -0.0001965548    0.0013619672
   0.0000731435    0.0000109161    0.0014634806
  -0.0000438883   -0.0000134616    0.0015320960
  -0.0000773157   -0.0001434257    0.0014584608
   0.0005804942    0.0033066698    0.0008511540
   0.0001755272    0.0008446211    0.0016820440
  -0.0001905126    0.0001981242    0.0015838508
  -0.0014638591    0.0008456308    0.0001255272
   0.0002033110    0.0000004143    0.0021918528
  -0.0002132921   -0.0001923120    0.0019463365
  -0.0001256555    0.0000322312    0.0016476373
   0.0001456580    0.0005210325    0.0017066992
   0.0000497014   -0.0010893454    0.0015800219
   0.0000341536   -0.0003512643    0.0016204701
  -0.0000424800   -0.0000789529    0.0015751410
  -0.0000417160   -0.0003520396    0.0015211107
   0.0002042425   -0.0021902024    0.0006330395
   0.0003668193   -0.0002163517    0.0013798020
  -0.0001263062   -0.0001427157    0.0014995689
  -0.0004348919   -0.0009303949    0.0011385865
   0.0085975901    0.0016847946    0.0028303900
   0.0003298394    0.0002663896    0.0016303731
  -0.0028076452    0.0001190142    0.0015923047
  -0.0183354425   -0.0115450875    0.0030725571
  -0.0187426247   -0.0111692040    0.0034565110
  -0.0028303982    0.0001417664    0.0018314798
   0.0003806848    0.0002900450    0.0017949055
   0.0092819954    0.0018167645    0.0036987997
  -0.0014780127   -0.0013194714    0.0017288492
  -0.0006989719   -0.0003079196    0.0016243874
   0.0002346584   -0.0001443419    0.0016371725
   0.0018861251   -0.0011725070    0.0017488813
   0.0016949684   -0.0011408586    0.0016758895
   0.0001992852   -0.0001567153    0.0015894476
  -0.0006669138   -0.0003222925    0.0016022974
  -0.0012851613   -0.0012893929    0.0016964484
   0.0010321162    0.0010546923    0.0015399889
  -0.0003437042    0.0002363151    0.0016065423
  -0.0004259410    0.0000862848    0.0018084630
  -0.0002800796    0.0004551479    0.0022444943
  -0.0014233476   -0.0001706750    0.0001280227
  -0.0010217865   -0.0000550018    0.0013680199
   0.0002543466    0.0000956846    0.0015685566
   0.0021762351    0.0004302367    0.0008304652
  -0.0004032244   -0.0006246627    0.0011138110
  -0.0002830642   -0.0001699890    0.0014651851
   0.0001168099   -0.0000886737    0.0015451077
   0.0005627253   -0.0004793979    0.0012568787
   0.0002811871   -0.0003043498    0.0018448677
  -0.0000214135   -0.0000178043    0.0015987197
  -0.0001455163   -0.0000998561    0.0016793160
  -0.0001209162   -0.0004508106    0.0019889618
   0.0003067336    0.0001139345    0.0013269789
  -0.0000051363    0.0000426520    0.0014704038
  -0.0001848604    0.0000015842    0.0014676196
  -0.0001085647    0.0000873367    0.0013224267
  -0.0000671948    0.0000837892    0.0012889149
  -0.0001630779    0.0000014508    0.0014679203
  -0.0000268630    0.0000426116    0.0014650536
   0.0002650946    0.0001103378    0.0012843621
  -0.0000554239   -0.0001160760    0.0014581688
  -0.0000500542   -0.0000378601    0.0015442557
   0.0000086608   -0.0000034250    0.0015438388
   0.0000995681   -0.0000749647    0.0014575055
   0.0001026692   -0.0000736344    0.0014780599
   0.0000113507   -0.0000035007    0.0015466604
  -0.0000528688   -0.0000380197    0.0015462577
  -0.0000583984   -0.0001147024    0.0014774181
   0.0024029630    0.0003219969    0.0009179740
   0.0002470164    0.0000806257    0.0014971595
  -0.0011847112   -0.0000657653    0.0013218955
  -0.0015133883   -0.0002901221    0.0002857340
  -0.0000724140    0.0004332205    0.0020633095
  -0.0004383197    0.0000795939    0.0017768503
  -0.0004972997    0.0002266240    0.0016023726
   0.0009631375    0.0010470367    0.0014330606
  -0.0001282777   -0.0003590388    0.0019535945
  -0.0001575579   -0.0000836777    0.0016754045
  -0.0000312883   -0.0000015709    0.0016051187
   0.0003105999   -0.0002084812    0.0018142875
   0.0005533930   -0.0004128282    0.0013597132
   0.0001046729   -0.0000832187    0.0015384202
  -0.0002941876   -0.0001659672    0.0014675581
  -0.0003702826   -0.0005648537    0.0012190096
   0.0015753779    0.0021343368    0.0127509422
  -0.0000174014    0.0009982495    0.0035299441
  -0.0002790036    0.0001184301    0.0027750929
  -0.0007994162    0.0003855510    0.0048987929
   0.0015507167   -0.0117901038   -0.0151201870
  -0.0014162836   -0.0001478592    0.0009427689
  -0.0002773034    0.0000931806    0.0024176940
   0.0006071915    0.0004656843    0.0022892242
   0.0001309025   -0.0013172249    0.0010894170
  -0.0004390622   -0.0006128280    0.0021409057
  -0.0001074546   -0.0001198404    0.0024429765
   0.0004305069   -0.0004295333    0.0023838607
   0.0001319564   -0.0011424554    0.0040777438
   0.0002608553   -0.0002871697    0.0027624292
  -0.0001081650   -0.0000826942    0.0025899032
  -0.0002695819   -0.0004724344    0.0030074930
   0.0001327651    0.0002657767    0.0030536920
   0.0000365098    0.0002321766    0.0021729949
  -0.0001026397    0.0000423982    0.0024927931
  -0.0000546084    0.0000923485    0.0027730791
   0.0001324809    0.0001391873   -0.0002518287
  -0.0002356327   -0.0000559976    0.0014753519
  -0.0001024019    0.0000033247    0.0023253469
   0.0002173802    0.0000841560    0.0020729126
   0.0000352787   -0.0003153667    0.0018312750
  -0.0001121608   -0.0001649124    0.0022157823
  -0.0000293550   -0.0000388884    0.0024426494
   0.0001041145   -0.0000942858    0.0023375181
   0.0000354602   -0.0001646590    0.0027253930
   0.0000262585   -0.0000179093    0.0024829360
  -0.0000294712   -0.0000045280    0.0025057751
  -0.0000343798   -0.0000888935    0.0026052488
   0.0001356579    0.0001050661    0.0002252036
   0.0002112462    0.0000763370    0.0020838709
  -0.0001101396   -0.0000008592    0.0023137354
  -0.0002271663   -0.0000604359    0.0014440211
   0.0001353942    0.0002728674    0.0025889031
  -0.0000304784    0.0000874216    0.0026845527
  -0.0001099842    0.0000461140    0.0024624505
   0.0000143653    0.0002245459    0.0020460020
   0.0000364100   -0.0001250576    0.0026497573
  -0.0000303417   -0.0000787531    0.0025903114
  -0.0000310648   -0.0000018460    0.0025022820
   0.0000223888   -0.0000021602    0.0024552891
   0.0000365434   -0.0002983423    0.0018970204
   0.0000972425   -0.0000913872    0.0023537861
  -0.0000311635   -0.0000403106    0.0024398084
  -0.0001052286   -0.0001683093    0.0022182765
   0.0015537133   -0.0097495396   -0.0138025845
   0.0005582316    0.0004002053    0.0022828865
  -0.0002754725    0.0000876024    0.0023814921
  -0.0014002382   -0.0003597136    0.0010353748
   0.0015348099    0.0018083653    0.0089307430
  -0.0006376320    0.0004209189    0.0045902320
  -0.0002738264    0.0001169295    0.0028002817
  -0.0001992063    0.0011829286    0.0033591180
   0.0001449077   -0.0010992373    0.0042825234
  -0.0002686868   -0.0004310640    0.0030638977
  -0.0001104688   -0.0000735397    0.0026070842
   0.0002457935   -0.0002390038    0.0028053034
   0.0001463246   -0.0012063812    0.0012967693
   0.0003608213   -0.0003932745    0.0023574081
  -0.0001111201   -0.0001232750    0.0024297465
  -0.0003843552   -0.0005876469    0.0020965880

257  
  0.0070323410350583   0.0000000000000000   0.0071095836422843
   0.0018536644    0.0011235822   -0.0051148114
   0.0000861692    0.0001303359   -0.0040991140
  -0.0006152277    0.0003384935   -0.0044215643
  -0.0013064018    0.0020319023   -0.0063182172
   0.0003199570    0.0002706647   -0.0041958818
   0.0000080609    0.0000355403   -0.0040932564
  -0.0001883106    0.0001605981   -0.0042232816
  -0.0001494702    0.0004306092   -0.0043254070
   0.0003199570   -0.0002706647   -0.0041958818
   0.0000080609   -0.0000355403   -0.0040932564
  -0.0001883106   -0.0001605981   -0.0042232816
  -0.0001494702   -0.0004306092   -0.0043254070
   0.0018536644   -0.0011235822   -0.0051148114
   0.0000861692   -0.0001303359   -0.0040991140
  -0.0006152277   -0.0003384935   -0.0044215643
  -0.0013064018   -0.0020319023   -0.0063182172
   0.0003091938   -0.0021586419    0.0017009705
  -0.0004859558   -0.0001187886   -0.0034987863
  -0.0004907011    0.0001706937   -0.0034849723
   0.0033996733   -0.0009242125    0.0021757488
   0.0002012775   -0.0002248726   -0.0034840935
  -0.0001991782   -0.0001440447   -0.0039493340
  -0.0001829893    0.0001274776   -0.0039265410
   0.0001481887    0.0002288509   -0.0034996261
   0.0002012775    0.0002248726   -0.0034840935
  -0.0001991782    0.0001440447   -0.0039493340
  -0.0001829893   -0.0001274776   -0.0039265410
   0.0001481887   -0.0002288509   -0.0034996261
   0.0003091938    0.0021586419    0.0017009705
  -0.0004859558    0.0001187886   -0.0034987863
  -0.0004907011   -0.0001706937   -0.0034849723
   0.0033996733    0.0009242125    0.0021757488
  -0.0012440979   -0.0019189507   -0.0060266777
  -0.0006518653   -0.0003796812   -0.0044854343
   0.0000883887   -0.0001524630   -0.0041532926
   0.0018148891   -0.0011441065   -0.0049856019
  -0.0001774169   -0.0004556984   -0.0043939412
  -0.0001981774   -0.0001696242   -0.0042463559
   0.0000164478   -0.0000452161   -0.0041201721
   0.0003540690   -0.0002845824   -0.0042440904
  -0.0001774169    0.0004556984   -0.0043939412
  -0.0001981774    0.0001696242   -0.0042463559
   0.0000164478    0.0000452161   -0.0041201721
   0.0003540690    0.0002845824   -0.0042440904
  -0.0012440979    0.0019189507   -0.0060266777
  -0.0006518653    0.0003796812   -0.0044854343
   0.0000883887    0.0001524630   -0.0041532926
   0.0018148891    0.0011441065   -0.0049856019
   0.0000986149   -0.0000299350   -0.0050873793
  -0.0000889823   -0.0000393632   -0.0043985241
  -0.0001002498    0.0000458793   -0.0044039514
   0.0000920079    0.0000361981   -0.0050989981
   0.0000323601   -0.0000208659   -0.0044000239
  -0.0000259790   -0.0000238867   -0.0041972911
  -0.0000310803    0.0000289045   -0.0041996839
   0.0000256050    0.0000321564   -0.0044025134
   0.0000323601    0.0000208659   -0.0044000239
  -0.0000259790    0.0000238867   -0.0041972911
  -0.0000310803   -0.0000289045   -0.0041996839
   0.0000256050   -0.0000321564   -0.0044025134
   0.0000986149    0.0000299350   -0.0050873793
  -0.0000889823    0.0000393632   -0.0043985241
  -0.0001002498   -0.0000458793   -0.0044039514
   0.0000920079   -0.0000361981   -0.0050989981
   0.0133754171    0.0000000000    0.0423589608
   0.0046028588    0.0000000000    0.0012448748
  -0.0016380252    0.0000000000   -0.0011137855
  -0.0121631799    0.0000000000   -0.0002586870
   0.0011594509    0.0083980222    0.0004942087
   0.0009290373    0.0001655944   -0.0000772319
  -0.0006940964    0.0001915591   -0.0013795701
  -0.0013739483    0.0021337901   -0.0016139224
   0.0001698971    0.0000000000   -0.0011137133
   0.0002042721   -0.0000000000   -0.0013134081
  -0.0001887360    0.0000000000   -0.0014950654
  -0.0001801245    0.0000000000   -0.0014460923
   0.0011594509   -0.0083980222    0.0004942087
   0.0009290373   -0.0001655944   -0.0000772319
  -0.0006940964   -0.0001915591   -0.0013795701
  -0.0013739483   -0.0021337901   -0.0016139224
   0.0094717302    0.0000000000   -0.0218657413
  -0.0108478356    0.0000000000   -0.0013338734
  -0.0015732233    0.0000000000   -0.0012419458
   0.0043694971    0.0000000000    0.0008135198
   0.0012308099   -0.0075967867   -0.0002583636
  -0.0014084878   -0.0020931596   -0.0018277515
  -0.0006535508   -0.0002368236   -0.0014174601
   0.0009434886   -0.0002615703   -0.0006044554
   0.0001661359    0.0000000000   -0.0012416362
  -0.0002251195    0.0000000000   -0.0014725817
  -0.0001812141   -0.0000000000   -0.0015062731
   0.0002473379   -0.0000000000   -0.0013618973
   0.0012308099    0.0075967867   -0.0002583636
  -0.0014084878    0.0020931596   -0.0018277515
  -0.0006535508    0.0002368236   -0.0014174601
   0.0009434886    0.0002615703   -0.0006044554
   0.0004041541    0.0000000000   -0.0097571924
  -0.0011967158    0.0000000000   -0.0038017885
  -0.0003965728    0.0000000000   -0.0018536951
   0.0012415875    0.0000000000   -0.0025636143
   0.0001849653   -0.0012193140   -0.0031816887
  -0.0003927346   -0.0005585019   -0.0022404331
  -0.0001594162   -0.0000945838   -0.0016536969
   0.0003826408   -0.0002173932   -0.0018251879
   0.0000388997    0.0000000000   -0.0018533499
  -0.0000937532    0.0000000000   -0.0017160006
  -0.0000403970   -0.0000000000   -0.0015538905
   0.0000951367   -0.0000000000   -0.0015912370
   0.0001849653    0.0012193140   -0.0031816887
  -0.0003927346    0.0005585019   -0.0022404331
  -0.0001594162    0.0000945838   -0.0016536969
   0.0003826408    0.0002173932   -0.0018251879
   0.0004099242    0.0000000000   -0.0118454051
   0.0014704496    0.0000000000   -0.0024537944
  -0.0004284455    0.0000000000   -0.0018434743
  -0.0014574704    0.0000000000   -0.0039651971
   0.0002127865    0.0014637507   -0.0032107163
   0.0004473259    0.0002708189   -0.0018170273
  -0.0001703965    0.0001055217   -0.0016459165
  -0.0004725506    0.0006483189   -0.0023012582
   0.0000437537    0.0000000000   -0.0018439726
   0.0001060930    0.0000000000   -0.0015727231
  -0.0000439557   -0.0000000000   -0.0015483435
  -0.0001053064    0.0000000000   -0.0017193171
   0.0002127865   -0.0014637507   -0.0032107163
   0.0004473259   -0.0002708189   -0.0018170273
  -0.0001703965   -0.0001055217   -0.0016459165
  -0.0004725506   -0.0006483189   -0.0023012582
  -0.0019144766   -0.0172690854    0.0061984363
  -0.0003341393   -0.0007475469    0.0006825140
   0.0003393698   -0.0002196033    0.0014519139
   0.0013295168   -0.0024517291    0.0014472833
  -0.0001607308   -0.0018417863    0.0014733605
  -0.0001446755    0.0000455939    0.0013754262
   0.0001320034   -0.0000902045    0.0015490128
   0.0001553985   -0.0008110942    0.0015830254
  -0.0001607308    0.0018417863    0.0014733605
  -0.0001446755   -0.0000455939    0.0013754262
   0.0001320034    0.0000902045    0.0015490128
   0.0001553985    0.0008110942    0.0015830254
  -0.0019144766    0.0172690854    0.0061984363
  -0.0003341393    0.0007475469    0.0006825140
   0.0003393698    0.0002196033    0.0014519139
   0.0013295168    0.0024517291    0.0014472833
  -0.0018905372    0.0140508211    0.0075710106
   0.0012857214    0.0021826207    0.0016315238
   0.0003366420    0.0002603355    0.0014572546
  -0.0002610048    0.0007016390    0.0007243219
  -0.0001782592    0.0018592765    0.0012093514
   0.0001759521    0.0008265941    0.0015385482
   0.0001355130    0.0001102668    0.0015464189
  -0.0001476255    0.0000545269    0.0014007985
  -0.0001782592   -0.0018592765    0.0012093514
   0.0001759521   -0.0008265941    0.0015385482
   0.0001355130   -0.0001102668    0.0015464189
  -0.0001476255   -0.0000545269    0.0014007985
  -0.0018905372   -0.0140508211    0.0075710106
   0.0012857214   -0.0021826207    0.0016315238
   0.0003366420   -0.0002603355    0.0014572546
  -0.0002610048   -0.0007016390    0.0007243219
  -0.0001660634    0.0014671184    0.0029053439
   0.0004042024    0.0005212742    0.0022200456
   0.0001345837    0.0000922721    0.0017057250
  -0.0003843541    0.0002246884    0.0019815931
  -0.0000445339    0.0004668030    0.0018458594
   0.0000883531    0.0002250648    0.0017310044
   0.0000379500    0.0000387265    0.0016044470
  -0.0000785995    0.0000688731    0.0016406095
  -0.0000445339   -0.0004668030    0.0018458594
   0.0000883531   -0.0002250648    0.0017310044
   0.0000379500   -0.0000387265    0.0016044470
  -0.0000785995   -0.0000688731    0.0016406095
  -0.0001660634   -0.0014671184    0.0029053439
   0.0004042024   -0.0005212742    0.0022200456
   0.0001345837   -0.0000922721    0.0017057250
  -0.0003843541   -0.0002246884    0.0019815931
  -0.0001622557   -0.0020423137    0.0029223655
  -0.0003604988   -0.0002657631    0.0019222648
   0.0001254458   -0.0001031351    0.0016805145
   0.0003824976   -0.0005979705    0.0021417650
  -0.0000433100   -0.0005530272    0.0018416713
  -0.0000705479   -0.0000803252    0.0016316731
   0.0000360555   -0.0000389133    0.0016006138
   0.0000804087   -0.0002497868    0.0017262455
  -0.0000433100    0.0005530272    0.0018416713
  -0.0000705479    0.0000803252    0.0016316731
   0.0000360555    0.0000389133    0.0016006138
   0.0000804087    0.0002497868    0.0017262455
  -0.0001622557    0.0020423137    0.0029223655
  -0.0003604988    0.0002657631    0.0019222648
   0.0001254458    0.0001031351    0.0016805145
   0.0003824976    0.0005979705    0.0021417650
  -0.0113396777   -0.0000000000   -0.0022102230
  -0.0003402057   -0.0000000000    0.0013621361
   0.0033350187   -0.0000000000    0.0015836446
   0.0231160187   -0.0000000000    0.0145028234
  -0.0021253400   -0.0004549154    0.0007375562
   0.0001681629   -0.0000373843    0.0013921567
   0.0009344800   -0.0002621536    0.0015663286
   0.0010818331   -0.0012104634    0.0013928019
  -0.0003498778   -0.0000000000    0.0014363602
   0.0000335870   -0.0000000000    0.0015261122
   0.0002144383   -0.0000000000    0.0015719439
   0.0000909626   -0.0000000000    0.0014673929
  -0.0021253400    0.0004549154    0.0007375562
   0.0001681629    0.0000373843    0.0013921567
   0.0009344800    0.0002621536    0.0015663286
   0.0010818331    0.0012104634    0.0013928019
   0.0189696068   -0.0000000000    0.0146718005
   0.0032846467   -0.0000000000    0.0012689790
  -0.0004412251   -0.0000000000    0.0011499259
  -0.0092014144   -0.0000000000    0.0005678480
   0.0009365087    0.0012351579    0.0016464254
   0.0009460299    0.0002804105    0.0015624998
   0.0000655250    0.0000437102    0.0013769709
  -0.0019411821    0.0003110508    0.0007097497
   0.0001341860   -0.0000000000    0.0014748699
   0.0002306633   -0.0000000000    0.0015760714
   0.0000105171   -0.0000000000    0.0015167524
  -0.0003849353   -0.0000000000    0.0014396208
   0.0009365087   -0.0012351579    0.0016464254
   0.0009460299   -0.0002804105    0.0015624998
   0.0000655250   -0.0000437102    0.0013769709
  -0.0019411821   -0.0003110508    0.0007097497
   0.0012353008   -0.0000000000    0.0030062649
   0.0007263877   -0.0000000000    0.0019512521
  -0.0002072806   -0.0000000000    0.0017407750
  -0.0016986735   -0.0000000000    0.0028044593
   0.0002723268    0.0004782836    0.0021905563
   0.0002511601    0.0001304874    0.0017397493
  -0.0000426657    0.0000366488    0.0016319794
  -0.0004731380    0.0003105750    0.0020110217
   0.0000644205   -0.0000000000    0.0017338897
   0.0000644912   -0.0000000000    0.0016275881
  -0.0000128424   -0.0000000000    0.0015812980
  -0.0001198748   -0.0000000000    0.0016773649
   0.0002723268   -0.0004782836    0.0021905563
   0.0002511601   -0.0001304874    0.0017397493
  -0.0000426657   -0.0000366488    0.0016319794
  -0.0004731380   -0.0003105750    0.0020110217
  -0.0022902994   -0.0000000000    0.0028443805
  -0.0002596983   -0.0000000000    0.0017504435
   0.0008460964   -0.0000000000    0.0019326700
   0.0017947249   -0.0000000000    0.0030004195
  -0.0005400565   -0.0002858170    0.0019424693
  -0.0000531464   -0.0000320912    0.0016325176
   0.0002770798   -0.0001186563    0.0017252922
   0.0003243938   -0.0004568294    0.0021215151
  -0.0001312862   -0.0000000000    0.0016568244
  -0.0000124255   -0.0000000000    0.0015796979
   0.0000655393   -0.0000000000    0.0016215463
   0.0000753259   -0.0000000000    0.0017044236
  -0.0005400565    0.0002858170    0.0019424693
  -0.0000531464    0.0000320912    0.0016325176
   0.0002770798    0.0001186563    0.0017252922
   0.0003243938    0.0004568294    0.0021215151
  -0.0436232971   -0.0000000000   -0.1072184451
   0.0007693857   -0.0000000000   -0.0012159033
   0.0004421308   -0.0000000000    0.0018000576
   0.0009902952   -0.0000000000   -0.0014127832
  -0.0007210423   -0.0001090125   -0.0013166329
   0.0010588596    0.0012240433    0.0012549053
   0.0002323765    0.0000098249    0.0022559365
   0.0006105947   -0.0007758685    0.0016969021
  -0.0000871334   -0.0000000000    0.0017998867
  -0.0000008278   -0.0000000000    0.0022465382
   0.0001204690   -0.0000000000    0.0024464783
  -0.0000199651   -0.0000000000    0.0022652990
  -0.0007210423    0.0001090125   -0.0013166329
   0.0010588596   -0.0012240433    0.0012549053
   0.0002323765   -0.0000098249    0.0022559365
   0.0006105947    0.0007758685    0.0016969021
   0.0004626942   -0.0000000000    0.0221054496
   0.0012722553   -0.0000000000    0.0047862021
   0.0002977142   -0.0000000000    0.0026989970
  -0.0008628444   -0.0000000000    0.0026537561
  -0.0002456555    0.0010670691    0.0037166026
   0.0003914807    0.0004883520    0.0031236212
   0.0001553446    0.0001019918    0.0025613982
  -0.0003103705    0.0002139053    0.0023530244
  -0.0000531844   -0.0000000000    0.0026982990
   0.0001038938   -0.0000000000    0.0026519603
   0.0000570412   -0.0000000000    0.0025101125
  -0.0000997474   -0.0000000000    0.0024705489
  -0.0002456555   -0.0010670691    0.0037166026
   0.0003914807   -0.0004883520    0.0031236212
   0.0001553446   -0.0001019918    0.0025613982
  -0.0003103705   -0.0002139053    0.0023530244
  -0.0000985871   -0.0000000000    0.0071307887
  -0.0000080471   -0.0000000000    0.0037293326
   0.0001223837   -0.0000000000    0.0027910288
   0.0000022069   -0.0000000000    0.0037124768
  -0.0000607033   -0.0000050244    0.0037210263
  -0.0000001230    0.0000468866    0.0029036248
   0.0000512321   -0.0000009154    0.0025888266
   0.0000096552   -0.0000565373    0.0028916714
  -0.0000117860   -0.0000000000    0.0027910337
  -0.0000003997   -0.0000000000    0.0025899770
   0.0000101375   -0.0000000000    0.0025116193
   0.0000015549   -0.0000000000    0.0025876847
  -0.0000607033    0.0000050244    0.0037210263
  -0.0000001230   -0.0000468866    0.0029036248
   0.0000512321    0.0000009154    0.0025888266
   0.0000096552    0.0000565373    0.0028916714
   0.0004311917   -0.0000000000    0.0218551195
  -0.0008674704   -0.0000000000    0.0026592503
   0.0002948021   -0.0000000000    0.0026961700
   0.0012680929   -0.0000000000    0.0047501038
  -0.0002443095   -0.0010682227    0.0037076379
  -0.0003472459   -0.0002512787    0.0023893826
   0.0001543391   -0.0000911591    0.0025603303
   0.0004277037   -0.0005232031    0.0030789182
  -0.0000532278   -0.0000000000    0.0026969501
  -0.0000892339   -0.0000000000    0.0024598618
   0.0000569006   -0.0000000000    0.0025097951
   0.0000934838   -0.0000000000    0.0026610652
  -0.0002443095    0.0010682227    0.0037076379
  -0.0003472459    0.0002512787    0.0023893826
   0.0001543391    0.0000911591    0.0025603303
   0.0004277037    0.0005232031    0.0030789182

257  
 -0.0070323410350583   0.0000000000000000  -0.0071095836422843
  -0.0018664305   -0.0011307374   -0.0031136627
  -0.0000862223   -0.0001299344   -0.0041396551
   0.0006169195   -0.0003394756   -0.0038161132
   0.0013125355   -0.0020528690   -0.0018947474
  -0.0003197433   -0.0002719176   -0.0040423673
  -0.0000084568   -0.0000360496   -0.0041461986
   0.0001891491   -0.0001617910   -0.0040157612
   0.0001490589   -0.0004313528   -0.0039140166
  -0.0003197433    0.0002719176   -0.0040423673
  -0.0000084568    0.0000360496   -0.0041461986
   0.0001891491    0.0001617910   -0.0040157612
   0.0001490589    0.0004313528   -0.0039140166
  -0.0018664305    0.0011307374   -0.0031136627
  -0.0000862223    0.0001299344   -0.0041396551
   0.0006169195    0.0003394756   -0.0038161132
   0.0013125355    0.0020528690   -0.0018947474
  -0.0001991621    0.0022666221   -0.0098936766
   0.0004803407    0.0001159853   -0.0047370702
   0.0004942803   -0.0001740003   -0.0047575592
  -0.0035164259    0.0010583352   -0.0104152189
  -0.0002025447    0.0002186742   -0.0047551564
   0.0001978256    0.0001424068   -0.0042901256
   0.0001830257   -0.0001279849   -0.0043139054
  -0.0001457277   -0.0002333651   -0.0047394294
  -0.0002025447   -0.0002186742   -0.0047551564
   0.0001978256   -0.0001424068   -0.0042901256
   0.0001830257    0.0001279849   -0.0043139054
  -0.0001457277    0.0002333651   -0.0047394294
  -0.0001991621   -0.0022666221   -0.0098936766
   0.0004803407   -0.0001159853   -0.0047370702
   0.0004942803    0.0001740003   -0.0047575592
  -0.0035164259   -0.0010583352   -0.0104152189
   0.0012331296    0.0018932261   -0.0022355338
   0.0006448370    0.0003760173   -0.0037597396
  -0.0000870251    0.0001518312   -0.0040885645
  -0.0017959452    0.0011317724   -0.0032625210
   0.0001765422    0.0004509578   -0.0038490858
   0.0001965181    0.0001677521   -0.0039952428
  -0.0000160517    0.0000446057   -0.0041206515
  -0.0003519520    0.0002808791   -0.0039985218
   0.0001765422   -0.0004509578   -0.0038490858
   0.0001965181   -0.0001677521   -0.0039952428
  -0.0000160517   -0.0000446057   -0.0041206515
  -0.0003519520   -0.0002808791   -0.0039985218
   0.0012331296   -0.0018932261   -0.0022355338
   0.0006448370   -0.0003760173   -0.0037597396
  -0.0000870251   -0.0001518312   -0.0040885645
  -0.0017959452   -0.0011317724   -0.0032625210
  -0.0001015309    0.0000263051   -0.0031575781
   0.0000875796    0.0000384827   -0.0038431111
   0.0001013442   -0.0000465961   -0.0038357062
  -0.0000889680   -0.0000392113   -0.0031441284
  -0.0000328518    0.0000196203   -0.0038408934
   0.0000256014    0.0000234263   -0.0040431462
   0.0000313414   -0.0000292496   -0.0040403609
  -0.0000249758   -0.0000333619   -0.0038379902
  -0.0000328518   -0.0000196203   -0.0038408934
   0.0000256014   -0.0000234263   -0.0040431462
   0.0000313414    0.0000292496   -0.0040403609
  -0.0000249758    0.0000333619   -0.0038379902
  -0.0001015309   -0.0000263051   -0.0031575781
   0.0000875796   -0.0000384827   -0.0038431111
   0.0001013442    0.0000465961   -0.0038357062
  -0.0000889680    0.0000392113   -0.0031441284
  -0.0129685446    0.0000000000   -0.0490490653
  -0.0046011799    0.0000000000   -0.0042618502
   0.0016483184    0.0000000000   -0.0019382402
   0.0123012638    0.0000000000   -0.0027904780
  -0.0011575789   -0.0084358204   -0.0035249577
  -0.0009399469   -0.0001725030   -0.0029672782
   0.0006949067   -0.0001937827   -0.0016719117
   0.0013828494   -0.0021539777   -0.0014410122
  -0.0001691743   -0.0000000000   -0.0019381572
  -0.0002051063   -0.0000000000   -0.0017381277
   0.0001885365   -0.0000000000   -0.0015572495
   0.0001811695    0.0000000000   -0.0016060509
  -0.0011575789    0.0084358204   -0.0035249577
  -0.0009399469    0.0001725030   -0.0029672782
   0.0006949067    0.0001937827   -0.0016719117
   0.0013828494    0.0021539777   -0.0014410122
  -0.0095012389    0.0000000000    0.0193528507
   0.0106740543    0.0000000000   -0.0017368262
   0.0015561340    0.0000000000   -0.0018116772
  -0.0043418089    0.0000000000   -0.0038820039
  -0.0012272939    0.0075196216   -0.0028075521
   0.0013929589    0.0020644359   -0.0012301349
   0.0006488679    0.0002346250   -0.0016357021
  -0.0009286051    0.0002544255   -0.0024487251
  -0.0001654544    0.0000000000   -0.0018113581
   0.0002240221    0.0000000000   -0.0015802838
   0.0001805258   -0.0000000000   -0.0015462960
  -0.0002464067   -0.0000000000   -0.0016906750
  -0.0012272939   -0.0075196216   -0.0028075521
   0.0013929589   -0.0020644359   -0.0012301349
   0.0006488679   -0.0002346250   -0.0016357021
  -0.0009286051   -0.0002544255   -0.0024487251
  -0.0003976582    0.0000000000    0.0065857806
   0.0011806265    0.0000000000    0.0007262079
   0.0003924007    0.0000000000   -0.0012004426
  -0.0012272266    0.0000000000   -0.0004884639
  -0.0001831557    0.0012037802    0.0001198542
   0.0003885140    0.0005518338   -0.0008183379
   0.0001583067    0.0000938292   -0.0013997231
  -0.0003791410    0.0002153191   -0.0012289145
  -0.0000385840    0.0000000000   -0.0012001059
   0.0000932270    0.0000000000   -0.0013376142
   0.0000401842    0.0000000000   -0.0014988330
  -0.0000947016   -0.0000000000   -0.0014616837
  -0.0001831557   -0.0012037802    0.0001198542
   0.0003885140   -0.0005518338   -0.0008183379
   0.0001583067   -0.0000938292   -0.0013997231
  -0.0003791410   -0.0002153191   -0.0012289145
  -0.0004138376    0.0000000000    0.0088809983
  -0.0014767710    0.0000000000   -0.0006089127
   0.0004309893    0.0000000000   -0.0012072601
   0.0014662877    0.0000000000    0.0009194144
  -0.0002139147   -0.0014717495    0.0001540268
  -0.0004486498   -0.0002715622   -0.0012341790
   0.0001709404   -0.0001063207   -0.0014057415
   0.0004743992   -0.0006522401   -0.0007475163
  -0.0000438598    0.0000000000   -0.0012077663
  -0.0001065533   -0.0000000000   -0.0014790845
   0.0000440494   -0.0000000000   -0.0015038624
   0.0001057277    0.0000000000   -0.0013326111
  -0.0002139147    0.0014717495    0.0001540268
  -0.0004486498    0.0002715622   -0.0012341790
   0.0001709404    0.0001063207   -0.0014057415
   0.0004743992    0.0006522401   -0.0007475163
   0.0019435643    0.0173442847   -0.0029847944
   0.0003387763    0.0007488587    0.0024603433
  -0.0003410511    0.0002220268    0.0016997691
  -0.0013440623    0.0024792608    0.0016993156
   0.0001606960    0.0018549195    0.0016752390
   0.0001455443   -0.0000422661    0.0017755591
  -0.0001318323    0.0000913381    0.0016027271
  -0.0001559517    0.0008153868    0.0015687338
   0.0001606960   -0.0018549195    0.0016752390
   0.0001455443    0.0000422661    0.0017755591
  -0.0001318323   -0.0000913381    0.0016027271
  -0.0001559517   -0.0008153868    0.0015687338
   0.0019435643   -0.0173442847   -0.0029847944
   0.0003387763   -0.0007488587    0.0024603433
  -0.0003410511   -0.0002220268    0.0016997691
  -0.0013440623   -0.0024792608    0.0016993156
   0.0018527848   -0.0139034468   -0.0044011253
  -0.0012689005   -0.0021460534    0.0015233616
  -0.0003333702   -0.0002575224    0.0016950560
   0.0002554088   -0.0006960952    0.0024299685
   0.0001774491   -0.0018361147    0.0019439162
  -0.0001742797   -0.0008184729    0.0016134029
  -0.0001347711   -0.0001090191    0.0016057408
   0.0001455615   -0.0000511201    0.0017515539
   0.0001774491    0.0018361147    0.0019439162
  -0.0001742797    0.0008184729    0.0016134029
  -0.0001347711    0.0001090191    0.0016057408
   0.0001455615    0.0000511201    0.0017515539
   0.0018527848    0.0139034468   -0.0044011253
  -0.0012689005    0.0021460534    0.0015233616
  -0.0003333702    0.0002575224    0.0016950560
   0.0002554088    0.0006960952    0.0024299685
   0.0001636597   -0.0014420227    0.0002615156
  -0.0003998184   -0.0005158141    0.0009378181
  -0.0001332693   -0.0000915401    0.0014471447
   0.0003805147   -0.0002227772    0.0011726118
   0.0000442291   -0.0004619059    0.0013073718
  -0.0000875908   -0.0002229428    0.0014221702
  -0.0000377244   -0.0000384251    0.0015478150
   0.0000779380   -0.0000678329    0.0015118777
   0.0000442291    0.0004619059    0.0013073718
  -0.0000875908    0.0002229428    0.0014221702
  -0.0000377244    0.0000384251    0.0015478150
   0.0000779380    0.0000678329    0.0015118777
   0.0001636597    0.0014420227    0.0002615156
  -0.0003998184    0.0005158141    0.0009378181
  -0.0001332693    0.0000915401    0.0014471447
   0.0003805147    0.0002227772    0.0011726118
   0.0001635450    0.0020617125    0.0002237813
   0.0003613879    0.0002661471    0.0012310922
  -0.0001260190    0.0001039176    0.0014708623
  -0.0003841590    0.0006008308    0.0010091911
   0.0000434670    0.0005543657    0.0013110843
   0.0000709206    0.0000810562    0.0015199517
  -0.0000361374    0.0000391995    0.0015511858
  -0.0000808775    0.0002510074    0.0014251150
   0.0000434670   -0.0005543657    0.0013110843
   0.0000709206   -0.0000810562    0.0015199517
  -0.0000361374   -0.0000391995    0.0015511858
  -0.0000808775   -0.0002510074    0.0014251150
   0.0001635450   -0.0020617125    0.0002237813
   0.0003613879   -0.0002661471    0.0012310922
  -0.0001260190   -0.0001039176    0.0014708623
  -0.0003841590   -0.0006008308    0.0010091911
   0.0112992159   -0.0000000000    0.0054962835
   0.0003466632   -0.0000000000    0.0017860024
  -0.0033717229   -0.0000000000    0.0015635271
  -0.0234752287   -0.0000000000   -0.0115729327
   0.0021295207    0.0004617576    0.0024051259
  -0.0001655191    0.0000379684    0.0017586204
  -0.0009378076    0.0002640666    0.0015857107
  -0.0010905870    0.0012193787    0.0017550674
   0.0003504579   -0.0000000000    0.0017152396
  -0.0000325050   -0.0000000000    0.0016255389
  -0.0002147338   -0.0000000000    0.0015799456
  -0.0000919398   -0.0000000000    0.0016842164
   0.0021295207   -0.0004617576    0.0024051259
  -0.0001655191   -0.0000379684    0.0017586204
  -0.0009378076   -0.0002640666    0.0015857107
  -0.0010905870   -0.0012193787    0.0017550674
  -0.0185746957   -0.0000000000   -0.0112389398
  -0.0032306354   -0.0000000000    0.0018825920
   0.0004344233   -0.0000000000    0.0020054569
   0.0091648962   -0.0000000000    0.0025321394
  -0.0009226322   -0.0012217386    0.0015090915
  -0.0009381771   -0.0002770160    0.0015895943
  -0.0000679875   -0.0000422847    0.0017754891
   0.0019260167   -0.0003030944    0.0024445524
  -0.0001335270   -0.0000000000    0.0016775148
  -0.0002293305   -0.0000000000    0.0015760885
  -0.0000109108   -0.0000000000    0.0016353783
   0.0003830479   -0.0000000000    0.0017125679
  -0.0009226322    0.0012217386    0.0015090915
  -0.0009381771    0.0002770160    0.0015895943
  -0.0000679875    0.0000422847    0.0017754891
   0.0019260167    0.0003030944    0.0024445524
  -0.0012121688   -0.0000000000    0.0001621391
  -0.0007188555   -0.0000000000    0.0012040416
   0.0002048909   -0.0000000000    0.0014109985
   0.0016721209   -0.0000000000    0.0003609320
  -0.0002698694   -0.0004727660    0.0009666766
  -0.0002490263   -0.0001290311    0.0014138393
   0.0000418587   -0.0000363192    0.0015203192
   0.0004692042   -0.0003072640    0.0011437064
  -0.0000640918   -0.0000000000    0.0014188486
  -0.0000641646   -0.0000000000    0.0015247858
   0.0000128021   -0.0000000000    0.0015708370
   0.0001192323   -0.0000000000    0.0014752565
  -0.0002698694    0.0004727660    0.0009666766
  -0.0002490263    0.0001290311    0.0014138393
   0.0000418587    0.0000363192    0.0015203192
   0.0004692042    0.0003072640    0.0011437064
   0.0023094688   -0.0000000000    0.0003028093
   0.0002594911   -0.0000000000    0.0014029875
  -0.0008494912   -0.0000000000    0.0012189542
  -0.0018135448   -0.0000000000    0.0001448171
   0.0005412917    0.0002866328    0.0012105428
   0.0000537335    0.0000324049    0.0015191836
  -0.0002782137    0.0001196053    0.0014257704
  -0.0003249625    0.0004592626    0.0010297040
   0.0001317504   -0.0000000000    0.0014946746
   0.0000125332   -0.0000000000    0.0015721232
  -0.0000657251   -0.0000000000    0.0015302655
  -0.0000757410   -0.0000000000    0.0014472777
   0.0005412917   -0.0002866328    0.0012105428
   0.0000537335   -0.0000324049    0.0015191836
  -0.0002782137   -0.0001196053    0.0014257704
  -0.0003249625   -0.0004592626    0.0010297040
   0.0433011525   -0.0000000000    0.1147665730
  -0.0007603307   -0.0000000000    0.0061737139
  -0.0004412735   -0.0000000000    0.0031881690
  -0.0009972158   -0.0000000000    0.0064300478
   0.0007174784    0.0001198788    0.0062994689
  -0.0010515552   -0.0012166289    0.0037309763
  -0.0002316779   -0.0000088439    0.0027324645
  -0.0006101778    0.0007751703    0.0032931262
   0.0000868888   -0.0000000000    0.0031879756
   0.0000012702   -0.0000000000    0.0027415322
  -0.0001202027   -0.0000000000    0.0025420513
   0.0000194719   -0.0000000000    0.0027233525
   0.0007174784   -0.0001198788    0.0062994689
  -0.0010515552    0.0012166289    0.0037309763
  -0.0002316779    0.0000088439    0.0027324645
  -0.0006101778   -0.0007751703    0.0032931262
  -0.0004274247   -0.0000000000   -0.0168013887
  -0.0012568465   -0.0000000000    0.0002393973
  -0.0002940172   -0.0000000000    0.0022926132
   0.0008564261   -0.0000000000    0.0023386780
   0.0002438258   -0.0010568240    0.0012859688
  -0.0003859653   -0.0004811960    0.0018711734
  -0.0001539255   -0.0001010900    0.0024283937
   0.0003054973   -0.0002098693    0.0026378338
   0.0000530889   -0.0000000000    0.0022919224
  -0.0001033707   -0.0000000000    0.0023378364
  -0.0000567766   -0.0000000000    0.0024788841
   0.0000991407   -0.0000000000    0.0025186657
   0.0002438258    0.0010568240    0.0012859688
  -0.0003859653    0.0004811960    0.0018711734
  -0.0001539255    0.0001010900    0.0024283937
   0.0003054973    0.0002098693    0.0026378338
   0.0000983415   -0.0000000000   -0.0021319162
   0.0000100720   -0.0000000000    0.0012666733
  -0.0001221045   -0.0000000000    0.0021978166
  -0.0000045138   -0.0000000000    0.0012744791
   0.0000605808    0.0000073954    0.0012707209
   0.0000013242   -0.0000454613    0.0020870368
  -0.0000511471    0.0000011946    0.0023998838
  -0.0000108109    0.0000577226    0.0020967818
   0.0000117581   -0.0000000000    0.0021978280
   0.0000005591   -0.0000000000    0.0023989470
  -0.0000101225   -0.0000000000    0.0024770467
  -0.0000017067   -0.0000000000    0.0024008339
   0.0000605808   -0.0000073954    0.0012707209
   0.0000013242    0.0000454613    0.0020870368
  -0.0000511471   -0.0000011946    0.0023998838
  -0.0000108109   -0.0000577226    0.0020967818
  -0.0004586166   -0.0000000000   -0.0170490493
   0.0008664324   -0.0000000000    0.0023297582
  -0.0002969084   -0.0000000000    0.0022897835
  -0.0012756143   -0.0000000000    0.0002183323
   0.0002451664    0.0010702675    0.0012773380
   0.0003489183    0.0002527993    0.0025947379
  -0.0001549211    0.0000919468    0.0024273296
  -0.0004300330    0.0005266273    0.0019060237
   0.0000530449   -0.0000000000    0.0022905763
   0.0000896782   -0.0000000000    0.0025277338
  -0.0000569159   -0.0000000000    0.0024785696
  -0.0000938062   -0.0000000000    0.0023271961
   0.0002451664   -0.0010702675    0.0012773380
   0.0003489183   -0.0002527993    0.0025947379
  -0.0001549211   -0.0000919468    0.0024273296
  -0.0004300330   -0.0005266273    0.0019060237
